# This file uses centimeters as units for non-parametric coordinates.

mtllib ceiling.mtl
g default
v -47.796101 42.517330 42.843441
v -38.566639 42.517330 42.843441
v -38.566639 42.517330 28.952778
v -47.796101 42.517330 28.952778
v -47.796101 52.548508 42.843441
v -38.566639 52.548508 42.843441
v -38.566639 52.548508 28.952778
v -47.796101 52.548508 28.952778
v -37.907120 42.517330 42.843441
v -37.907120 42.517330 28.952778
v -29.007435 42.517330 42.843441
v -29.007435 42.517330 28.952778
v -28.347919 42.517330 42.843441
v -28.347919 42.517330 28.952778
v -19.448196 42.517330 42.843441
v -19.448196 42.517330 28.952778
v -18.788677 42.517330 42.843441
v -18.788677 42.517330 28.952778
v -9.888985 42.517330 42.843441
v -9.888985 42.517330 28.952778
v -9.229460 42.517330 42.843441
v -9.229460 42.517330 28.952778
v -0.329760 42.517330 42.843441
v -0.329760 42.517330 28.952778
v -9.229460 52.548508 42.843441
v -9.229460 52.548508 28.952778
v -0.329760 52.548508 42.843441
v -0.329760 52.548508 28.952778
v 0.329760 42.517330 42.843441
v 0.329760 42.517330 28.952778
v 9.229467 42.517330 42.843441
v 9.229467 42.517330 28.952778
v 9.888986 42.517330 42.843441
v 9.888986 42.517330 28.952778
v 18.788677 42.517330 42.843441
v 18.788677 42.517330 28.952778
v 19.448196 42.517330 42.843441
v 19.448196 42.517330 28.952778
v 28.347919 42.517330 42.843441
v 28.347919 42.517330 28.952778
v 29.007435 42.517330 42.843441
v 29.007435 42.517330 28.952778
v 37.907120 42.517330 42.843441
v 37.907120 42.517330 28.952778
v 29.007435 52.548508 42.843441
v 29.007435 52.548508 28.952778
v 37.907120 52.548508 42.843441
v 37.907120 52.548508 28.952778
v 47.796101 42.517330 42.843441
v 38.566650 42.517330 42.843441
v 38.566650 42.517330 28.952778
v 47.796101 42.517330 28.952778
v -38.566639 42.517330 28.293259
v -47.796101 42.517330 28.293259
v -38.566639 42.517330 14.732357
v -47.796101 42.517330 14.732357
v -37.907120 42.517330 28.293259
v -29.007435 42.517330 28.293259
v -37.907120 42.517330 14.732357
v -29.007435 42.517330 14.732357
v -28.347919 42.517330 28.293259
v -19.448196 42.517330 28.293259
v -28.347919 42.517330 14.732357
v -19.448196 42.517330 14.732357
v -18.788677 42.517330 28.293259
v -9.888985 42.517330 28.293259
v -18.788677 42.517330 14.732357
v -9.888985 42.517330 14.732357
v -9.229460 42.517330 28.293259
v -0.329760 42.517330 28.293259
v -9.229460 42.517330 14.732357
v -0.329760 42.517330 14.732357
v 0.329760 42.517330 28.293259
v 9.229467 42.517330 28.293259
v 0.329760 42.517330 14.732357
v 9.229467 42.517330 14.732357
v 9.888986 42.517330 28.293259
v 18.788677 42.517330 28.293259
v 9.888986 42.517330 14.732357
v 18.788677 42.517330 14.732357
v 19.448196 42.517330 28.293259
v 28.347919 42.517330 28.293259
v 19.448196 42.517330 14.732357
v 28.347919 42.517330 14.732357
v 29.007435 42.517330 28.293259
v 37.907120 42.517330 28.293259
v 29.007435 42.517330 14.732357
v 37.907120 42.517330 14.732357
v 38.566650 42.517330 28.293259
v 47.796101 42.517330 28.293259
v 38.566650 42.517330 14.732357
v 47.796101 42.517330 14.732357
v -38.566639 42.517330 14.072842
v -47.796101 42.517330 14.072842
v -38.566639 42.517330 0.511932
v -47.796101 42.517330 0.511932
v -37.907120 42.517330 14.072842
v -29.007435 42.517330 14.072842
v -37.907120 42.517330 0.511932
v -29.007435 42.517330 0.511932
v -28.347919 42.517330 14.072842
v -19.448196 42.517330 14.072842
v -28.347919 42.517330 0.511932
v -19.448196 42.517330 0.511932
v -18.788677 42.517330 14.072842
v -9.888985 42.517330 14.072842
v -18.788677 42.517330 0.511932
v -9.888985 42.517330 0.511932
v -9.229460 42.517330 14.072842
v -0.329760 42.517330 14.072842
v -9.229460 42.517330 0.511932
v -0.329760 42.517330 0.511932
v 0.329760 42.517330 14.072842
v 9.229467 42.517330 14.072842
v 0.329760 42.517330 0.511932
v 9.229467 42.517330 0.511932
v 9.888986 42.517330 14.072842
v 18.788677 42.517330 14.072842
v 9.888986 42.517330 0.511932
v 18.788677 42.517330 0.511932
v 19.448196 42.517330 14.072842
v 28.347919 42.517330 14.072842
v 19.448196 42.517330 0.511932
v 28.347919 42.517330 0.511932
v 29.007435 42.517330 14.072842
v 37.907120 42.517330 14.072842
v 29.007435 42.517330 0.511932
v 37.907120 42.517330 0.511932
v 38.566650 42.517330 14.072842
v 47.796101 42.517330 14.072842
v 38.566650 42.517330 0.511932
v 47.796101 42.517330 0.511932
v -38.566639 42.517330 -0.147583
v -47.796101 42.517330 -0.147583
v -38.566639 42.517330 -13.708488
v -47.796101 42.517330 -13.708488
v -37.907120 42.517330 -0.147583
v -29.007435 42.517330 -0.147583
v -37.907120 42.517330 -13.708488
v -29.007435 42.517330 -13.708488
v -28.347919 42.517330 -0.147583
v -19.448196 42.517330 -0.147583
v -28.347919 42.517330 -13.708488
v -19.448196 42.517330 -13.708488
v -18.788677 42.517330 -0.147583
v -9.888985 42.517330 -0.147583
v -18.788677 42.517330 -13.708488
v -9.888985 42.517330 -13.708488
v -9.229460 42.517330 -0.147583
v -0.329760 42.517330 -0.147583
v -9.229460 42.517330 -13.708488
v -0.329760 42.517330 -13.708488
v 0.329760 42.517330 -0.147583
v 9.229467 42.517330 -0.147583
v 0.329760 42.517330 -13.708488
v 9.229467 42.517330 -13.708488
v 9.888986 42.517330 -0.147583
v 18.788677 42.517330 -0.147583
v 9.888986 42.517330 -13.708488
v 18.788677 42.517330 -13.708488
v 19.448196 42.517330 -0.147583
v 28.347919 42.517330 -0.147583
v 19.448196 42.517330 -13.708488
v 28.347919 42.517330 -13.708488
v 29.007435 42.517330 -0.147583
v 37.907120 42.517330 -0.147583
v 29.007435 42.517330 -13.708488
v 37.907120 42.517330 -13.708488
v 38.566650 42.517330 -0.147583
v 47.796101 42.517330 -0.147583
v 38.566650 42.517330 -13.708488
v 47.796101 42.517330 -13.708488
v -38.566639 42.517330 -14.368003
v -47.796101 42.517330 -14.368003
v -38.566639 42.517330 -27.928904
v -47.796101 42.517330 -27.928904
v -38.566639 52.548508 -14.368003
v -47.796101 52.548508 -14.368003
v -38.566639 52.548508 -27.928904
v -47.796101 52.548508 -27.928904
v -37.907120 42.517330 -14.368003
v -29.007435 42.517330 -14.368003
v -37.907120 42.517330 -27.928904
v -29.007435 42.517330 -27.928904
v -28.347919 42.517330 -14.368003
v -19.448196 42.517330 -14.368003
v -28.347919 42.517330 -27.928904
v -19.448196 42.517330 -27.928904
v -18.788677 42.517330 -14.368003
v -9.888985 42.517330 -14.368003
v -18.788677 42.517330 -27.928904
v -9.888985 42.517330 -27.928904
v -9.229460 42.517330 -14.368003
v -0.329760 42.517330 -14.368003
v -9.229460 42.517330 -27.928904
v -0.329760 42.517330 -27.928904
v -0.329760 52.548508 -14.368003
v -9.229460 52.548508 -14.368003
v -0.329760 52.548508 -27.928904
v -9.229460 52.548508 -27.928904
v 0.329760 42.517330 -14.368003
v 9.229467 42.517330 -14.368003
v 0.329760 42.517330 -27.928904
v 9.229467 42.517330 -27.928904
v 9.888986 42.517330 -14.368003
v 18.788677 42.517330 -14.368003
v 9.888986 42.517330 -27.928904
v 18.788677 42.517330 -27.928904
v 19.448196 42.517330 -14.368003
v 28.347919 42.517330 -14.368003
v 19.448196 42.517330 -27.928904
v 28.347919 42.517330 -27.928904
v 29.007435 42.517330 -14.368003
v 37.907120 42.517330 -14.368003
v 29.007435 42.517330 -27.928904
v 37.907120 42.517330 -27.928904
v 37.907120 52.548508 -14.368003
v 29.007435 52.548508 -14.368003
v 37.907120 52.548508 -27.928904
v 29.007435 52.548508 -27.928904
v 38.566650 42.517330 -14.368003
v 47.796101 42.517330 -14.368003
v 38.566650 42.517330 -27.928904
v 47.796101 42.517330 -27.928904
v -38.566639 42.517330 -28.588423
v -47.796101 42.517330 -28.588423
v -38.566639 42.517330 -42.149326
v -47.796101 42.517330 -42.149326
v -37.907120 42.517330 -28.588423
v -29.007435 42.517330 -28.588423
v -37.907120 42.517330 -42.149326
v -29.007435 42.517330 -42.149326
v -28.347919 42.517330 -28.588423
v -19.448196 42.517330 -28.588423
v -28.347919 42.517330 -42.149326
v -19.448196 42.517330 -42.149326
v -18.788677 42.517330 -28.588423
v -9.888985 42.517330 -28.588423
v -18.788677 42.517330 -42.149326
v -9.888985 42.517330 -42.149326
v -9.229460 42.517330 -28.588423
v -0.329760 42.517330 -28.588423
v -9.229460 42.517330 -42.149326
v -0.329760 42.517330 -42.149326
v 0.329760 42.517330 -28.588423
v 9.229467 42.517330 -28.588423
v 0.329760 42.517330 -42.149326
v 9.229467 42.517330 -42.149326
v 9.888986 42.517330 -28.588423
v 18.788677 42.517330 -28.588423
v 9.888986 42.517330 -42.149326
v 18.788677 42.517330 -42.149326
v 19.448196 42.517330 -28.588423
v 28.347919 42.517330 -28.588423
v 19.448196 42.517330 -42.149326
v 28.347919 42.517330 -42.149326
v 29.007435 42.517330 -28.588423
v 37.907120 42.517330 -28.588423
v 29.007435 42.517330 -42.149326
v 37.907120 42.517330 -42.149326
v 38.566650 42.517330 -28.588423
v 47.796101 42.517330 -28.588423
v 38.566650 42.517330 -42.149326
v 47.796101 42.517330 -42.149326
v -38.566639 42.517330 -42.808849
v -47.796101 42.517330 -42.808849
v -38.566639 42.517330 -56.369743
v -47.796101 42.517330 -56.369743
v -37.907120 42.517330 -42.808849
v -29.007435 42.517330 -42.808849
v -37.907120 42.517330 -56.369743
v -29.007435 42.517330 -56.369743
v -28.347919 42.517330 -42.808849
v -19.448196 42.517330 -42.808849
v -28.347919 42.517330 -56.369743
v -19.448196 42.517330 -56.369743
v -18.788677 42.517330 -42.808849
v -9.888985 42.517330 -42.808849
v -18.788677 42.517330 -56.369743
v -9.888985 42.517330 -56.369743
v -9.229460 42.517330 -42.808849
v -0.329760 42.517330 -42.808849
v -9.229460 42.517330 -56.369743
v -0.329760 42.517330 -56.369743
v 0.329760 42.517330 -42.808849
v 9.229467 42.517330 -42.808849
v 0.329760 42.517330 -56.369743
v 9.229467 42.517330 -56.369743
v 9.888986 42.517330 -42.808849
v 18.788677 42.517330 -42.808849
v 9.888986 42.517330 -56.369743
v 18.788677 42.517330 -56.369743
v 19.448196 42.517330 -42.808849
v 28.347919 42.517330 -42.808849
v 19.448196 42.517330 -56.369743
v 28.347919 42.517330 -56.369743
v 29.007435 42.517330 -42.808849
v 37.907120 42.517330 -42.808849
v 29.007435 42.517330 -56.369743
v 37.907120 42.517330 -56.369743
v 38.566650 42.517330 -42.808849
v 47.796101 42.517330 -42.808849
v 38.566650 42.517330 -56.369743
v 47.796101 42.517330 -56.369743
v -38.566639 42.517330 -57.029259
v -47.796101 42.517330 -57.029259
v -38.566639 42.517330 -70.590164
v -47.796101 42.517330 -70.590164
v -37.907120 42.517330 -57.029259
v -29.007435 42.517330 -57.029259
v -37.907120 42.517330 -70.590164
v -29.007435 42.517330 -70.590164
v -28.347919 42.517330 -57.029259
v -19.448196 42.517330 -57.029259
v -28.347919 42.517330 -70.590164
v -19.448196 42.517330 -70.590164
v -18.788677 42.517330 -57.029259
v -9.888985 42.517330 -57.029259
v -18.788677 42.517330 -70.590164
v -9.888985 42.517330 -70.590164
v -9.229460 42.517330 -57.029259
v -0.329760 42.517330 -57.029259
v -9.229460 42.517330 -70.590164
v -0.329760 42.517330 -70.590164
v 0.329760 42.517330 -57.029259
v 9.229467 42.517330 -57.029259
v 0.329760 42.517330 -70.590164
v 9.229467 42.517330 -70.590164
v 9.888986 42.517330 -57.029259
v 18.788677 42.517330 -57.029259
v 9.888986 42.517330 -70.590164
v 18.788677 42.517330 -70.590164
v 19.448196 42.517330 -57.029259
v 28.347919 42.517330 -57.029259
v 19.448196 42.517330 -70.590164
v 28.347919 42.517330 -70.590164
v 29.007435 42.517330 -57.029259
v 37.907120 42.517330 -57.029259
v 29.007435 42.517330 -70.590164
v 37.907120 42.517330 -70.590164
v 38.566650 42.517330 -57.029259
v 47.796101 42.517330 -57.029259
v 38.566650 42.517330 -70.590164
v 47.796101 42.517330 -70.590164
v -38.566639 42.517330 -71.249680
v -47.796101 42.517330 -71.249680
v -38.566639 42.517330 -84.810593
v -47.796101 42.517330 -84.810593
v -38.566639 52.548508 -71.249680
v -47.796101 52.548508 -71.249680
v -38.566639 52.548508 -84.810593
v -47.796101 52.548508 -84.810593
v -37.907120 42.517330 -71.249680
v -29.007435 42.517330 -71.249680
v -37.907120 42.517330 -84.810593
v -29.007435 42.517330 -84.810593
v -28.347919 42.517330 -71.249680
v -19.448196 42.517330 -71.249680
v -28.347919 42.517330 -84.810593
v -19.448196 42.517330 -84.810593
v -18.788677 42.517330 -71.249680
v -9.888985 42.517330 -71.249680
v -18.788677 42.517330 -84.810593
v -9.888985 42.517330 -84.810593
v -9.229460 42.517330 -71.249680
v -0.329760 42.517330 -71.249680
v -9.229460 42.517330 -84.810593
v -0.329760 42.517330 -84.810593
v -0.329760 52.548508 -71.249680
v -9.229460 52.548508 -71.249680
v -0.329760 52.548508 -84.810593
v -9.229460 52.548508 -84.810593
v 0.329760 42.517330 -71.249680
v 9.229467 42.517330 -71.249680
v 0.329760 42.517330 -84.810593
v 9.229467 42.517330 -84.810593
v 9.888986 42.517330 -71.249680
v 18.788677 42.517330 -71.249680
v 9.888986 42.517330 -84.810593
v 18.788677 42.517330 -84.810593
v 19.448196 42.517330 -71.249680
v 28.347919 42.517330 -71.249680
v 19.448196 42.517330 -84.810593
v 28.347919 42.517330 -84.810593
v 29.007435 42.517330 -71.249680
v 37.907120 42.517330 -71.249680
v 29.007435 42.517330 -84.810593
v 37.907120 42.517330 -84.810593
v 37.907120 52.548508 -71.249680
v 29.007435 52.548508 -71.249680
v 37.907120 52.548508 -84.810593
v 29.007435 52.548508 -84.810593
v 38.566650 42.517330 -71.249680
v 47.796101 42.517330 -71.249680
v 38.566650 42.517330 -84.810593
v 47.796101 42.517330 -84.810593
v -47.796101 42.517330 -99.360764
v -38.566639 42.517330 -85.470108
v -47.796101 42.517330 -85.470108
v -38.566639 42.517330 -99.360764
v -37.907120 42.517330 -85.470108
v -29.007435 42.517330 -85.470108
v -37.907120 42.517330 -99.360764
v -29.007435 42.517330 -99.360764
v -28.347919 42.517330 -85.470108
v -19.448196 42.517330 -85.470108
v -28.347919 42.517330 -99.360764
v -19.448196 42.517330 -99.360764
v -18.788677 42.517330 -85.470108
v -9.888985 42.517330 -85.470108
v -18.788677 42.517330 -99.360764
v -9.888985 42.517330 -99.360764
v -9.229460 42.517330 -85.470108
v -0.329760 42.517330 -85.470108
v -9.229460 42.517330 -99.360764
v -0.329760 42.517330 -99.360764
v 0.329760 42.517330 -85.470108
v 9.229467 42.517330 -85.470108
v 0.329760 42.517330 -99.360764
v 9.229467 42.517330 -99.360764
v 9.888986 42.517330 -85.470108
v 18.788677 42.517330 -85.470108
v 9.888986 42.517330 -99.360764
v 18.788677 42.517330 -99.360764
v 19.448196 42.517330 -85.470108
v 28.347919 42.517330 -85.470108
v 19.448196 42.517330 -99.360764
v 28.347919 42.517330 -99.360764
v 29.007435 42.517330 -85.470108
v 37.907120 42.517330 -85.470108
v 29.007435 42.517330 -99.360764
v 37.907120 42.517330 -99.360764
v 47.796101 42.517330 -99.360764
v 38.566650 42.517330 -85.470108
v 47.796101 42.517330 -85.470108
v 38.566650 42.517330 -99.360764
v -47.796101 42.517330 43.691364
v -38.566639 42.517330 43.691364
v -47.796101 42.517330 57.498158
v -38.566639 42.517330 57.498158
v -37.907120 42.517330 43.691364
v -29.007435 42.517330 43.691364
v -37.907120 42.517330 57.498158
v -29.007435 42.517330 57.498158
v -28.347919 42.517330 43.691364
v -19.448196 42.517330 43.691364
v -28.347919 42.517330 57.498158
v -19.448196 42.517330 57.498158
v -18.788677 42.517330 43.691364
v -9.888985 42.517330 43.691364
v -18.788677 42.517330 57.498158
v -9.888985 42.517330 57.498158
v -9.229460 42.517330 43.691364
v -0.329760 42.517330 43.691364
v -9.229460 42.517330 57.498158
v -0.329760 42.517330 57.498158
v 0.329760 42.517330 43.691364
v 9.229467 42.517330 43.691364
v 0.329760 42.517330 57.498158
v 9.229467 42.517330 57.498158
v 9.888986 42.517330 43.691364
v 18.788677 42.517330 43.691364
v 9.888986 42.517330 57.498158
v 18.788677 42.517330 57.498158
v 19.448196 42.517330 43.691364
v 28.347919 42.517330 43.691364
v 19.448196 42.517330 57.498158
v 28.347919 42.517330 57.498158
v 29.007435 42.517330 43.691364
v 37.907120 42.517330 43.691364
v 29.007435 42.517330 57.498158
v 37.907120 42.517330 57.498158
v 38.566650 42.517330 43.691364
v 47.796101 42.517330 43.691364
v 38.566650 42.517330 57.498158
v 47.796101 42.517330 57.498158
v -48.729443 42.517330 42.843441
v -48.729443 42.517330 28.952778
v -58.387665 42.517330 42.843441
v -58.387665 42.517330 28.952778
v -48.729443 42.517330 28.293259
v -48.729443 42.517330 14.732357
v -58.387665 42.517330 28.293259
v -58.387665 42.517330 14.732357
v -48.729443 42.517330 14.072842
v -48.729443 42.517330 0.511932
v -58.387665 42.517330 14.072842
v -58.387665 42.517330 0.511932
v -48.729443 42.517330 -0.147583
v -48.729443 42.517330 -13.708488
v -58.387665 42.517330 -0.147583
v -58.387665 42.517330 -13.708488
v -48.729443 42.517330 -14.368003
v -48.729443 42.517330 -27.928904
v -58.387665 42.517330 -14.368003
v -58.387665 42.517330 -27.928904
v -48.729443 42.517330 -28.588423
v -48.729443 42.517330 -42.149326
v -58.387665 42.517330 -28.588423
v -58.387665 42.517330 -42.149326
v -48.729443 42.517330 -42.808849
v -48.729443 42.517330 -56.369743
v -58.387665 42.517330 -42.808849
v -58.387665 42.517330 -56.369743
v -48.729443 42.517330 -57.029259
v -48.729443 42.517330 -70.590164
v -58.387665 42.517330 -57.029259
v -58.387665 42.517330 -70.590164
v -48.729443 42.517330 -71.249680
v -48.729443 42.517330 -84.810593
v -58.387665 42.517330 -71.249680
v -58.387665 42.517330 -84.810593
v -48.729443 42.517330 -85.470108
v -48.729443 42.517330 -99.360764
v -58.387665 42.517330 -85.470108
v -58.387665 42.517330 -99.360764
v -48.729443 42.517330 43.691364
v -48.729443 42.517330 57.498158
v -58.387665 42.517330 43.691364
v -58.387665 42.517330 57.498158
v -47.684799 52.437206 42.732140
v -47.684799 52.437206 29.064081
v -38.677940 52.437206 29.064081
v -38.677940 52.437206 42.732140
v -47.699711 42.517330 42.747051
v -38.663029 42.517330 42.747051
v -38.663029 42.517330 29.049170
v -47.699711 42.517330 29.049170
v -37.907120 42.324551 28.952778
v -29.007435 42.324551 28.952778
v -29.007435 42.324551 42.843441
v -37.907120 42.324551 42.843441
v -28.347919 42.324551 28.952778
v -19.448196 42.324551 28.952778
v -19.448196 42.324551 42.843441
v -28.347919 42.324551 42.843441
v -18.788677 42.324551 28.952778
v -9.888985 42.324551 28.952778
v -9.888985 42.324551 42.843441
v -18.788677 42.324551 42.843441
v -9.118156 52.437206 29.064081
v -0.441063 52.437206 29.064081
v -0.441063 52.437206 42.732140
v -9.118156 52.437206 42.732140
v -9.133068 42.517330 29.049170
v -9.133068 42.517330 42.747051
v -0.426151 42.517330 42.747051
v -0.426151 42.517330 29.049170
v 0.329760 42.324551 28.952778
v 9.229467 42.324551 28.952778
v 9.229467 42.324551 42.843441
v 0.329760 42.324551 42.843441
v 9.888986 42.324551 28.952778
v 18.788677 42.324551 28.952778
v 18.788677 42.324551 42.843441
v 9.888986 42.324551 42.843441
v 19.448196 42.324551 28.952778
v 28.347919 42.324551 28.952778
v 28.347919 42.324551 42.843441
v 19.448196 42.324551 42.843441
v 29.118738 52.437206 29.064081
v 37.795818 52.437206 29.064081
v 37.795818 52.437206 42.732140
v 29.118738 52.437206 42.732140
v 29.103827 42.517330 29.049170
v 29.103827 42.517330 42.747051
v 37.810730 42.517330 42.747051
v 37.810730 42.517330 29.049170
v 38.566650 42.324551 28.952778
v 47.796101 42.324551 28.952778
v 47.796101 42.324551 42.843441
v 38.566650 42.324551 42.843441
v -47.796101 42.324551 28.293259
v -47.796101 42.324551 14.732357
v -38.566639 42.324551 14.732357
v -38.566639 42.324551 28.293259
v -37.907120 42.324551 28.293259
v -37.907120 42.324551 14.732357
v -29.007435 42.324551 14.732357
v -29.007435 42.324551 28.293259
v -28.347919 42.324551 28.293259
v -28.347919 42.324551 14.732357
v -19.448196 42.324551 14.732357
v -19.448196 42.324551 28.293259
v -18.788677 42.324551 28.293259
v -18.788677 42.324551 14.732357
v -9.888985 42.324551 14.732357
v -9.888985 42.324551 28.293259
v -9.229460 42.324551 28.293259
v -9.229460 42.324551 14.732357
v -0.329760 42.324551 14.732357
v -0.329760 42.324551 28.293259
v 0.329760 42.324551 28.293259
v 0.329760 42.324551 14.732357
v 9.229467 42.324551 14.732357
v 9.229467 42.324551 28.293259
v 9.888986 42.324551 28.293259
v 9.888986 42.324551 14.732357
v 18.788677 42.324551 14.732357
v 18.788677 42.324551 28.293259
v 19.448196 42.324551 28.293259
v 19.448196 42.324551 14.732357
v 28.347919 42.324551 14.732357
v 28.347919 42.324551 28.293259
v 29.007435 42.324551 28.293259
v 29.007435 42.324551 14.732357
v 37.907120 42.324551 14.732357
v 37.907120 42.324551 28.293259
v 38.566650 42.324551 28.293259
v 38.566650 42.324551 14.732357
v 47.796101 42.324551 14.732357
v 47.796101 42.324551 28.293259
v -47.796101 42.324551 14.072842
v -47.796101 42.324551 0.511932
v -38.566639 42.324551 0.511932
v -38.566639 42.324551 14.072842
v -37.907120 42.324551 14.072842
v -37.907120 42.324551 0.511932
v -29.007435 42.324551 0.511932
v -29.007435 42.324551 14.072842
v -28.347919 42.324551 14.072842
v -28.347919 42.324551 0.511932
v -19.448196 42.324551 0.511932
v -19.448196 42.324551 14.072842
v -18.788677 42.324551 14.072842
v -18.788677 42.324551 0.511932
v -9.888985 42.324551 0.511932
v -9.888985 42.324551 14.072842
v -9.229460 42.324551 14.072842
v -9.229460 42.324551 0.511932
v -0.329760 42.324551 0.511932
v -0.329760 42.324551 14.072842
v 0.329760 42.324551 14.072842
v 0.329760 42.324551 0.511932
v 9.229467 42.324551 0.511932
v 9.229467 42.324551 14.072842
v 9.888986 42.324551 14.072842
v 9.888986 42.324551 0.511932
v 18.788677 42.324551 0.511932
v 18.788677 42.324551 14.072842
v 19.448196 42.324551 14.072842
v 19.448196 42.324551 0.511932
v 28.347919 42.324551 0.511932
v 28.347919 42.324551 14.072842
v 29.007435 42.324551 14.072842
v 29.007435 42.324551 0.511932
v 37.907120 42.324551 0.511932
v 37.907120 42.324551 14.072842
v 38.566650 42.324551 14.072842
v 38.566650 42.324551 0.511932
v 47.796101 42.324551 0.511932
v 47.796101 42.324551 14.072842
v -47.796101 42.324551 -0.147583
v -47.796101 42.324551 -13.708488
v -38.566639 42.324551 -13.708488
v -38.566639 42.324551 -0.147583
v -37.907120 42.324551 -0.147583
v -37.907120 42.324551 -13.708488
v -29.007435 42.324551 -13.708488
v -29.007435 42.324551 -0.147583
v -28.347919 42.324551 -0.147583
v -28.347919 42.324551 -13.708488
v -19.448196 42.324551 -13.708488
v -19.448196 42.324551 -0.147583
v -18.788677 42.324551 -0.147583
v -18.788677 42.324551 -13.708488
v -9.888985 42.324551 -13.708488
v -9.888985 42.324551 -0.147583
v -9.229460 42.324551 -0.147583
v -9.229460 42.324551 -13.708488
v -0.329760 42.324551 -13.708488
v -0.329760 42.324551 -0.147583
v 0.329760 42.324551 -0.147583
v 0.329760 42.324551 -13.708488
v 9.229467 42.324551 -13.708488
v 9.229467 42.324551 -0.147583
v 9.888986 42.324551 -0.147583
v 9.888986 42.324551 -13.708488
v 18.788677 42.324551 -13.708488
v 18.788677 42.324551 -0.147583
v 19.448196 42.324551 -0.147583
v 19.448196 42.324551 -13.708488
v 28.347919 42.324551 -13.708488
v 28.347919 42.324551 -0.147583
v 29.007435 42.324551 -0.147583
v 29.007435 42.324551 -13.708488
v 37.907120 42.324551 -13.708488
v 37.907120 42.324551 -0.147583
v 38.566650 42.324551 -0.147583
v 38.566650 42.324551 -13.708488
v 47.796101 42.324551 -13.708488
v 47.796101 42.324551 -0.147583
v -47.684799 52.437206 -14.479306
v -47.684799 52.437206 -27.817600
v -38.677940 52.437206 -27.817600
v -38.677940 52.437206 -14.479306
v -47.699711 42.517330 -14.464395
v -38.663029 42.517330 -14.464395
v -38.663029 42.517330 -27.832512
v -47.699711 42.517330 -27.832512
v -37.907120 42.324551 -14.368003
v -37.907120 42.324551 -27.928904
v -29.007435 42.324551 -27.928904
v -29.007435 42.324551 -14.368003
v -28.347919 42.324551 -14.368003
v -28.347919 42.324551 -27.928904
v -19.448196 42.324551 -27.928904
v -19.448196 42.324551 -14.368003
v -18.788677 42.324551 -14.368003
v -18.788677 42.324551 -27.928904
v -9.888985 42.324551 -27.928904
v -9.888985 42.324551 -14.368003
v -9.118156 52.437206 -14.479306
v -9.118156 52.437206 -27.817600
v -0.441063 52.437206 -27.817600
v -0.441063 52.437206 -14.479306
v -9.133068 42.517330 -14.464395
v -0.426151 42.517330 -14.464395
v -0.426151 42.517330 -27.832512
v -9.133068 42.517330 -27.832512
v 0.329760 42.324551 -14.368003
v 0.329760 42.324551 -27.928904
v 9.229467 42.324551 -27.928904
v 9.229467 42.324551 -14.368003
v 9.888986 42.324551 -14.368003
v 9.888986 42.324551 -27.928904
v 18.788677 42.324551 -27.928904
v 18.788677 42.324551 -14.368003
v 19.448196 42.324551 -14.368003
v 19.448196 42.324551 -27.928904
v 28.347919 42.324551 -27.928904
v 28.347919 42.324551 -14.368003
v 29.118738 52.437206 -14.479306
v 29.118738 52.437206 -27.817600
v 37.795818 52.437206 -27.817600
v 37.795818 52.437206 -14.479306
v 29.103827 42.517330 -14.464395
v 37.810730 42.517330 -14.464395
v 37.810730 42.517330 -27.832512
v 29.103827 42.517330 -27.832512
v 38.566650 42.324551 -14.368003
v 38.566650 42.324551 -27.928904
v 47.796101 42.324551 -27.928904
v 47.796101 42.324551 -14.368003
v -47.796101 42.324551 -28.588423
v -47.796101 42.324551 -42.149326
v -38.566639 42.324551 -42.149326
v -38.566639 42.324551 -28.588423
v -37.907120 42.324551 -28.588423
v -37.907120 42.324551 -42.149326
v -29.007435 42.324551 -42.149326
v -29.007435 42.324551 -28.588423
v -28.347919 42.324551 -28.588423
v -28.347919 42.324551 -42.149326
v -19.448196 42.324551 -42.149326
v -19.448196 42.324551 -28.588423
v -18.788677 42.324551 -28.588423
v -18.788677 42.324551 -42.149326
v -9.888985 42.324551 -42.149326
v -9.888985 42.324551 -28.588423
v -9.229460 42.324551 -28.588423
v -9.229460 42.324551 -42.149326
v -0.329760 42.324551 -42.149326
v -0.329760 42.324551 -28.588423
v 0.329760 42.324551 -28.588423
v 0.329760 42.324551 -42.149326
v 9.229467 42.324551 -42.149326
v 9.229467 42.324551 -28.588423
v 9.888986 42.324551 -28.588423
v 9.888986 42.324551 -42.149326
v 18.788677 42.324551 -42.149326
v 18.788677 42.324551 -28.588423
v 19.448196 42.324551 -28.588423
v 19.448196 42.324551 -42.149326
v 28.347919 42.324551 -42.149326
v 28.347919 42.324551 -28.588423
v 29.007435 42.324551 -28.588423
v 29.007435 42.324551 -42.149326
v 37.907120 42.324551 -42.149326
v 37.907120 42.324551 -28.588423
v 38.566650 42.324551 -28.588423
v 38.566650 42.324551 -42.149326
v 47.796101 42.324551 -42.149326
v 47.796101 42.324551 -28.588423
v -47.796101 42.324551 -42.808849
v -47.796101 42.324551 -56.369743
v -38.566639 42.324551 -56.369743
v -38.566639 42.324551 -42.808849
v -37.907120 42.324551 -42.808849
v -37.907120 42.324551 -56.369743
v -29.007435 42.324551 -56.369743
v -29.007435 42.324551 -42.808849
v -28.347919 42.324551 -42.808849
v -28.347919 42.324551 -56.369743
v -19.448196 42.324551 -56.369743
v -19.448196 42.324551 -42.808849
v -18.788677 42.324551 -42.808849
v -18.788677 42.324551 -56.369743
v -9.888985 42.324551 -56.369743
v -9.888985 42.324551 -42.808849
v -9.229460 42.324551 -42.808849
v -9.229460 42.324551 -56.369743
v -0.329760 42.324551 -56.369743
v -0.329760 42.324551 -42.808849
v 0.329760 42.324551 -42.808849
v 0.329760 42.324551 -56.369743
v 9.229467 42.324551 -56.369743
v 9.229467 42.324551 -42.808849
v 9.888986 42.324551 -42.808849
v 9.888986 42.324551 -56.369743
v 18.788677 42.324551 -56.369743
v 18.788677 42.324551 -42.808849
v 19.448196 42.324551 -42.808849
v 19.448196 42.324551 -56.369743
v 28.347919 42.324551 -56.369743
v 28.347919 42.324551 -42.808849
v 29.007435 42.324551 -42.808849
v 29.007435 42.324551 -56.369743
v 37.907120 42.324551 -56.369743
v 37.907120 42.324551 -42.808849
v 38.566650 42.324551 -42.808849
v 38.566650 42.324551 -56.369743
v 47.796101 42.324551 -56.369743
v 47.796101 42.324551 -42.808849
v -47.796101 42.324551 -57.029259
v -47.796101 42.324551 -70.590164
v -38.566639 42.324551 -70.590164
v -38.566639 42.324551 -57.029259
v -37.907120 42.324551 -57.029259
v -37.907120 42.324551 -70.590164
v -29.007435 42.324551 -70.590164
v -29.007435 42.324551 -57.029259
v -28.347919 42.324551 -57.029259
v -28.347919 42.324551 -70.590164
v -19.448196 42.324551 -70.590164
v -19.448196 42.324551 -57.029259
v -18.788677 42.324551 -57.029259
v -18.788677 42.324551 -70.590164
v -9.888985 42.324551 -70.590164
v -9.888985 42.324551 -57.029259
v -9.229460 42.324551 -57.029259
v -9.229460 42.324551 -70.590164
v -0.329760 42.324551 -70.590164
v -0.329760 42.324551 -57.029259
v 0.329760 42.324551 -57.029259
v 0.329760 42.324551 -70.590164
v 9.229467 42.324551 -70.590164
v 9.229467 42.324551 -57.029259
v 9.888986 42.324551 -57.029259
v 9.888986 42.324551 -70.590164
v 18.788677 42.324551 -70.590164
v 18.788677 42.324551 -57.029259
v 19.448196 42.324551 -57.029259
v 19.448196 42.324551 -70.590164
v 28.347919 42.324551 -70.590164
v 28.347919 42.324551 -57.029259
v 29.007435 42.324551 -57.029259
v 29.007435 42.324551 -70.590164
v 37.907120 42.324551 -70.590164
v 37.907120 42.324551 -57.029259
v 38.566650 42.324551 -57.029259
v 38.566650 42.324551 -70.590164
v 47.796101 42.324551 -70.590164
v 47.796101 42.324551 -57.029259
v -47.684799 52.437206 -71.360985
v -47.684799 52.437206 -84.699287
v -38.677940 52.437206 -84.699287
v -38.677940 52.437206 -71.360985
v -47.699711 42.517330 -71.346069
v -38.663029 42.517330 -71.346069
v -38.663029 42.517330 -84.714203
v -47.699711 42.517330 -84.714203
v -37.907120 42.324551 -71.249680
v -37.907120 42.324551 -84.810593
v -29.007435 42.324551 -84.810593
v -29.007435 42.324551 -71.249680
v -28.347919 42.324551 -71.249680
v -28.347919 42.324551 -84.810593
v -19.448196 42.324551 -84.810593
v -19.448196 42.324551 -71.249680
v -18.788677 42.324551 -71.249680
v -18.788677 42.324551 -84.810593
v -9.888985 42.324551 -84.810593
v -9.888985 42.324551 -71.249680
v -9.118156 52.437206 -71.360985
v -9.118156 52.437206 -84.699287
v -0.441063 52.437206 -84.699287
v -0.441063 52.437206 -71.360985
v -9.133068 42.517330 -71.346069
v -0.426151 42.517330 -71.346069
v -0.426151 42.517330 -84.714203
v -9.133068 42.517330 -84.714203
v 0.329760 42.324551 -71.249680
v 0.329760 42.324551 -84.810593
v 9.229467 42.324551 -84.810593
v 9.229467 42.324551 -71.249680
v 9.888986 42.324551 -71.249680
v 9.888986 42.324551 -84.810593
v 18.788677 42.324551 -84.810593
v 18.788677 42.324551 -71.249680
v 19.448196 42.324551 -71.249680
v 19.448196 42.324551 -84.810593
v 28.347919 42.324551 -84.810593
v 28.347919 42.324551 -71.249680
v 29.118738 52.437206 -71.360985
v 29.118738 52.437206 -84.699287
v 37.795818 52.437206 -84.699287
v 37.795818 52.437206 -71.360985
v 29.103827 42.517330 -71.346069
v 37.810730 42.517330 -71.346069
v 37.810730 42.517330 -84.714203
v 29.103827 42.517330 -84.714203
v 38.566650 42.324551 -71.249680
v 38.566650 42.324551 -84.810593
v 47.796101 42.324551 -84.810593
v 47.796101 42.324551 -71.249680
v -47.796101 42.324551 -85.470108
v -47.796101 42.324551 -99.360764
v -38.566639 42.324551 -99.360764
v -38.566639 42.324551 -85.470108
v -37.907120 42.324551 -85.470108
v -37.907120 42.324551 -99.360764
v -29.007435 42.324551 -99.360764
v -29.007435 42.324551 -85.470108
v -28.347919 42.324551 -85.470108
v -28.347919 42.324551 -99.360764
v -19.448196 42.324551 -99.360764
v -19.448196 42.324551 -85.470108
v -18.788677 42.324551 -85.470108
v -18.788677 42.324551 -99.360764
v -9.888985 42.324551 -99.360764
v -9.888985 42.324551 -85.470108
v -9.229460 42.324551 -85.470108
v -9.229460 42.324551 -99.360764
v -0.329760 42.324551 -99.360764
v -0.329760 42.324551 -85.470108
v 0.329760 42.324551 -85.470108
v 0.329760 42.324551 -99.360764
v 9.229467 42.324551 -99.360764
v 9.229467 42.324551 -85.470108
v 9.888986 42.324551 -85.470108
v 9.888986 42.324551 -99.360764
v 18.788677 42.324551 -99.360764
v 18.788677 42.324551 -85.470108
v 19.448196 42.324551 -85.470108
v 19.448196 42.324551 -99.360764
v 28.347919 42.324551 -99.360764
v 28.347919 42.324551 -85.470108
v 29.007435 42.324551 -85.470108
v 29.007435 42.324551 -99.360764
v 37.907120 42.324551 -99.360764
v 37.907120 42.324551 -85.470108
v 38.566650 42.324551 -85.470108
v 38.566650 42.324551 -99.360764
v 47.796101 42.324551 -99.360764
v 47.796101 42.324551 -85.470108
v -38.566639 42.324551 43.691364
v -38.566639 42.324551 57.498158
v -47.796101 42.324551 57.498158
v -47.796101 42.324551 43.691364
v -29.007435 42.324551 43.691364
v -29.007435 42.324551 57.498158
v -37.907120 42.324551 57.498158
v -37.907120 42.324551 43.691364
v -19.448196 42.324551 43.691364
v -19.448196 42.324551 57.498158
v -28.347919 42.324551 57.498158
v -28.347919 42.324551 43.691364
v -9.888985 42.324551 43.691364
v -9.888985 42.324551 57.498158
v -18.788677 42.324551 57.498158
v -18.788677 42.324551 43.691364
v -0.329760 42.324551 43.691364
v -0.329760 42.324551 57.498158
v -9.229460 42.324551 57.498158
v -9.229460 42.324551 43.691364
v 9.229467 42.324551 43.691364
v 9.229467 42.324551 57.498158
v 0.329760 42.324551 57.498158
v 0.329760 42.324551 43.691364
v 18.788677 42.324551 43.691364
v 18.788677 42.324551 57.498158
v 9.888986 42.324551 57.498158
v 9.888986 42.324551 43.691364
v 28.347919 42.324551 43.691364
v 28.347919 42.324551 57.498158
v 19.448196 42.324551 57.498158
v 19.448196 42.324551 43.691364
v 37.907120 42.324551 43.691364
v 37.907120 42.324551 57.498158
v 29.007435 42.324551 57.498158
v 29.007435 42.324551 43.691364
v 47.796101 42.324551 43.691364
v 47.796101 42.324551 57.498158
v 38.566650 42.324551 57.498158
v 38.566650 42.324551 43.691364
v -48.729443 42.324551 42.843441
v -58.387665 42.324551 42.843441
v -58.387665 42.324551 28.952778
v -48.729443 42.324551 28.952778
v -48.729443 42.324551 28.293259
v -58.387665 42.324551 28.293259
v -58.387665 42.324551 14.732357
v -48.729443 42.324551 14.732357
v -48.729443 42.324551 14.072842
v -58.387665 42.324551 14.072842
v -58.387665 42.324551 0.511932
v -48.729443 42.324551 0.511932
v -48.729443 42.324551 -0.147583
v -58.387665 42.324551 -0.147583
v -58.387665 42.324551 -13.708488
v -48.729443 42.324551 -13.708488
v -48.729443 42.324551 -14.368003
v -58.387665 42.324551 -14.368003
v -58.387665 42.324551 -27.928904
v -48.729443 42.324551 -27.928904
v -48.729443 42.324551 -28.588423
v -58.387665 42.324551 -28.588423
v -58.387665 42.324551 -42.149326
v -48.729443 42.324551 -42.149326
v -48.729443 42.324551 -42.808849
v -58.387665 42.324551 -42.808849
v -58.387665 42.324551 -56.369743
v -48.729443 42.324551 -56.369743
v -48.729443 42.324551 -57.029259
v -58.387665 42.324551 -57.029259
v -58.387665 42.324551 -70.590164
v -48.729443 42.324551 -70.590164
v -48.729443 42.324551 -71.249680
v -58.387665 42.324551 -71.249680
v -58.387665 42.324551 -84.810593
v -48.729443 42.324551 -84.810593
v -48.729443 42.324551 -85.470108
v -58.387665 42.324551 -85.470108
v -58.387665 42.324551 -99.360764
v -48.729443 42.324551 -99.360764
v -48.729443 42.324551 57.498158
v -58.387665 42.324551 57.498158
v -58.387665 42.324551 43.691364
v -48.729443 42.324551 43.691364
v -42.907131 43.577579 -71.892426
v -42.731750 43.577579 -85.834587
v -43.330799 44.367859 -71.897758
v -43.155418 44.367859 -85.839912
v -43.525372 44.263535 -71.900200
v -43.349991 44.263535 -85.842361
v -43.101704 43.473251 -71.894875
v -42.926323 43.473251 -85.837036
v -47.900284 43.039856 -77.308128
v -38.356846 43.039856 -77.308128
v -47.900284 43.830135 -77.731827
v -38.356846 43.830135 -77.731827
v -47.900284 43.725811 -77.926422
v -38.356846 43.725811 -77.926422
v -47.900284 42.935528 -77.502716
v -38.356846 42.935528 -77.502716
v -47.900284 43.039856 -74.993362
v -38.356846 43.039856 -74.993362
v -47.900284 43.830135 -75.417068
v -38.356846 43.830135 -75.417068
v -47.900284 43.725811 -75.611656
v -38.356846 43.725811 -75.611656
v -47.900284 42.935528 -75.187958
v -38.356846 42.935528 -75.187958
v -47.900284 43.039856 -72.803421
v -38.356846 43.039856 -72.803421
v -47.900284 43.830135 -73.227119
v -38.356846 43.830135 -73.227119
v -47.900284 43.725811 -73.421707
v -38.356846 43.725811 -73.421707
v -47.900284 42.935528 -72.998009
v -38.356846 42.935528 -72.998009
v -47.900284 43.039856 -79.053955
v -38.356846 43.039856 -79.053955
v -47.900284 43.830135 -79.477654
v -38.356846 43.830135 -79.477654
v -47.900284 43.725811 -79.672241
v -38.356846 43.725811 -79.672241
v -47.900284 42.935528 -79.248535
v -38.356846 42.935528 -79.248535
v -47.900284 43.039856 -81.243896
v -38.356846 43.039856 -81.243896
v -47.900284 43.830135 -81.667603
v -38.356846 43.830135 -81.667603
v -47.900284 43.725811 -81.862183
v -38.356846 43.725811 -81.862183
v -47.900284 42.935528 -81.438484
v -38.356846 42.935528 -81.438484
v -47.900284 43.039856 -83.558655
v -38.356846 43.039856 -83.558655
v -47.900284 43.830135 -83.982361
v -38.356846 43.830135 -83.982361
v -47.900284 43.725811 -84.176949
v -38.356846 43.725811 -84.176949
v -47.900284 42.935528 -83.753250
v -38.356846 42.935528 -83.753250
v -4.798698 43.577579 -71.523033
v -4.623318 43.577579 -85.465195
v -5.222366 44.367859 -71.528366
v -5.046986 44.367859 -85.470520
v -5.416939 44.263535 -71.530807
v -5.241558 44.263535 -85.472969
v -4.993271 43.473251 -71.525482
v -4.817890 43.473251 -85.467644
v -9.791851 43.039856 -76.938736
v -0.248413 43.039856 -76.938736
v -9.791851 43.830135 -77.362442
v -0.248413 43.830135 -77.362442
v -9.791851 43.725811 -77.557022
v -0.248413 43.725811 -77.557022
v -9.791851 42.935528 -77.133324
v -0.248413 42.935528 -77.133324
v -9.791851 43.039856 -74.623978
v -0.248413 43.039856 -74.623978
v -9.791851 43.830135 -75.047676
v -0.248413 43.830135 -75.047676
v -9.791851 43.725811 -75.242264
v -0.248413 43.725811 -75.242264
v -9.791851 42.935528 -74.818558
v -0.248413 42.935528 -74.818558
v -9.791851 43.039856 -72.434029
v -0.248413 43.039856 -72.434029
v -9.791851 43.830135 -72.857727
v -0.248413 43.830135 -72.857727
v -9.791851 43.725811 -73.052315
v -0.248413 43.725811 -73.052315
v -9.791851 42.935528 -72.628616
v -0.248413 42.935528 -72.628616
v -9.791851 43.039856 -78.684555
v -0.248413 43.039856 -78.684555
v -9.791851 43.830135 -79.108261
v -0.248413 43.830135 -79.108261
v -9.791851 43.725811 -79.302849
v -0.248413 43.725811 -79.302849
v -9.791851 42.935528 -78.879150
v -0.248413 42.935528 -78.879150
v -9.791851 43.039856 -80.874504
v -0.248413 43.039856 -80.874504
v -9.791851 43.830135 -81.298203
v -0.248413 43.830135 -81.298203
v -9.791851 43.725811 -81.492798
v -0.248413 43.725811 -81.492798
v -9.791851 42.935528 -81.069092
v -0.248413 42.935528 -81.069092
v -9.791851 43.039856 -83.189270
v -0.248413 43.039856 -83.189270
v -9.791851 43.830135 -83.612968
v -0.248413 43.830135 -83.612968
v -9.791851 43.725811 -83.807556
v -0.248413 43.725811 -83.807556
v -9.791851 42.935528 -83.383850
v -0.248413 42.935528 -83.383850
v 33.672237 43.577579 -71.523033
v 33.847618 43.577579 -85.465195
v 33.248569 44.367859 -71.528366
v 33.423950 44.367859 -85.470520
v 33.053997 44.263535 -71.530807
v 33.229378 44.263535 -85.472969
v 33.477665 43.473251 -71.525482
v 33.653046 43.473251 -85.467644
v 28.679085 43.039856 -76.938736
v 38.222523 43.039856 -76.938736
v 28.679085 43.830135 -77.362442
v 38.222523 43.830135 -77.362442
v 28.679085 43.725811 -77.557022
v 38.222523 43.725811 -77.557022
v 28.679085 42.935528 -77.133324
v 38.222523 42.935528 -77.133324
v 28.679085 43.039856 -74.623978
v 38.222523 43.039856 -74.623978
v 28.679085 43.830135 -75.047676
v 38.222523 43.830135 -75.047676
v 28.679085 43.725811 -75.242264
v 38.222523 43.725811 -75.242264
v 28.679085 42.935528 -74.818558
v 38.222523 42.935528 -74.818558
v 28.679085 43.039856 -72.434029
v 38.222523 43.039856 -72.434029
v 28.679085 43.830135 -72.857727
v 38.222523 43.830135 -72.857727
v 28.679085 43.725811 -73.052315
v 38.222523 43.725811 -73.052315
v 28.679085 42.935528 -72.628616
v 38.222523 42.935528 -72.628616
v 28.679085 43.039856 -78.684555
v 38.222523 43.039856 -78.684555
v 28.679085 43.830135 -79.108261
v 38.222523 43.830135 -79.108261
v 28.679085 43.725811 -79.302849
v 38.222523 43.725811 -79.302849
v 28.679085 42.935528 -78.879150
v 38.222523 42.935528 -78.879150
v 28.679085 43.039856 -80.874504
v 38.222523 43.039856 -80.874504
v 28.679085 43.830135 -81.298203
v 38.222523 43.830135 -81.298203
v 28.679085 43.725811 -81.492798
v 38.222523 43.725811 -81.492798
v 28.679085 42.935528 -81.069092
v 38.222523 42.935528 -81.069092
v 28.679085 43.039856 -83.189270
v 38.222523 43.039856 -83.189270
v 28.679085 43.830135 -83.612968
v 38.222523 43.830135 -83.612968
v 28.679085 43.725811 -83.807556
v 38.222523 43.725811 -83.807556
v 28.679085 42.935528 -83.383850
v 38.222523 42.935528 -83.383850
v -42.907131 43.577579 -14.578983
v -42.731750 43.577579 -28.521143
v -43.330799 44.367859 -14.584316
v -43.155418 44.367859 -28.526472
v -43.525372 44.263535 -14.586758
v -43.349991 44.263535 -28.528921
v -43.101704 43.473251 -14.581432
v -42.926323 43.473251 -28.523592
v -47.900284 43.039856 -19.994686
v -38.356846 43.039856 -19.994686
v -47.900284 43.830135 -20.418388
v -38.356846 43.830135 -20.418388
v -47.900284 43.725811 -20.612976
v -38.356846 43.725811 -20.612976
v -47.900284 42.935528 -20.189274
v -38.356846 42.935528 -20.189274
v -47.900284 43.039856 -17.679924
v -38.356846 43.039856 -17.679924
v -47.900284 43.830135 -18.103626
v -38.356846 43.830135 -18.103626
v -47.900284 43.725811 -18.298214
v -38.356846 43.725811 -18.298214
v -47.900284 42.935528 -17.874512
v -38.356846 42.935528 -17.874512
v -47.900284 43.039856 -15.489979
v -38.356846 43.039856 -15.489979
v -47.900284 43.830135 -15.913677
v -38.356846 43.830135 -15.913677
v -47.900284 43.725811 -16.108265
v -38.356846 43.725811 -16.108265
v -47.900284 42.935528 -15.684566
v -38.356846 42.935528 -15.684566
v -47.900284 43.039856 -21.740509
v -38.356846 43.039856 -21.740509
v -47.900284 43.830135 -22.164211
v -38.356846 43.830135 -22.164211
v -47.900284 43.725811 -22.358799
v -38.356846 43.725811 -22.358799
v -47.900284 42.935528 -21.935097
v -38.356846 42.935528 -21.935097
v -47.900284 43.039856 -23.930454
v -38.356846 43.039856 -23.930454
v -47.900284 43.830135 -24.354156
v -38.356846 43.830135 -24.354156
v -47.900284 43.725811 -24.548744
v -38.356846 43.725811 -24.548744
v -47.900284 42.935528 -24.125042
v -38.356846 42.935528 -24.125042
v -47.900284 43.039856 -26.245216
v -38.356846 43.039856 -26.245216
v -47.900284 43.830135 -26.668919
v -38.356846 43.830135 -26.668919
v -47.900284 43.725811 -26.863506
v -38.356846 43.725811 -26.863506
v -47.900284 42.935528 -26.439804
v -38.356846 42.935528 -26.439804
v -4.798698 43.577579 -14.209591
v -4.623318 43.577579 -28.151751
v -5.222366 44.367859 -14.214924
v -5.046986 44.367859 -28.157080
v -5.416939 44.263535 -14.217365
v -5.241558 44.263535 -28.159529
v -4.993271 43.473251 -14.212040
v -4.817890 43.473251 -28.154200
v -9.791851 43.039856 -19.625294
v -0.248413 43.039856 -19.625294
v -9.791851 43.830135 -20.048996
v -0.248413 43.830135 -20.048996
v -9.791851 43.725811 -20.243584
v -0.248413 43.725811 -20.243584
v -9.791851 42.935528 -19.819881
v -0.248413 42.935528 -19.819881
v -9.791851 43.039856 -17.310532
v -0.248413 43.039856 -17.310532
v -9.791851 43.830135 -17.734234
v -0.248413 43.830135 -17.734234
v -9.791851 43.725811 -17.928822
v -0.248413 43.725811 -17.928822
v -9.791851 42.935528 -17.505119
v -0.248413 42.935528 -17.505119
v -9.791851 43.039856 -15.120586
v -0.248413 43.039856 -15.120586
v -9.791851 43.830135 -15.544285
v -0.248413 43.830135 -15.544285
v -9.791851 43.725811 -15.738873
v -0.248413 43.725811 -15.738873
v -9.791851 42.935528 -15.315174
v -0.248413 42.935528 -15.315174
v -9.791851 43.039856 -21.371117
v -0.248413 43.039856 -21.371117
v -9.791851 43.830135 -21.794819
v -0.248413 43.830135 -21.794819
v -9.791851 43.725811 -21.989407
v -0.248413 43.725811 -21.989407
v -9.791851 42.935528 -21.565704
v -0.248413 42.935528 -21.565704
v -9.791851 43.039856 -23.561062
v -0.248413 43.039856 -23.561062
v -9.791851 43.830135 -23.984764
v -0.248413 43.830135 -23.984764
v -9.791851 43.725811 -24.179352
v -0.248413 43.725811 -24.179352
v -9.791851 42.935528 -23.755650
v -0.248413 42.935528 -23.755650
v -9.791851 43.039856 -25.875824
v -0.248413 43.039856 -25.875824
v -9.791851 43.830135 -26.299526
v -0.248413 43.830135 -26.299526
v -9.791851 43.725811 -26.494114
v -0.248413 43.725811 -26.494114
v -9.791851 42.935528 -26.070412
v -0.248413 42.935528 -26.070412
v 33.672237 43.577579 -14.209591
v 33.847618 43.577579 -28.151751
v 33.248569 44.367859 -14.214924
v 33.423950 44.367859 -28.157080
v 33.053997 44.263535 -14.217365
v 33.229378 44.263535 -28.159529
v 33.477665 43.473251 -14.212040
v 33.653046 43.473251 -28.154200
v 28.679085 43.039856 -19.625294
v 38.222523 43.039856 -19.625294
v 28.679085 43.830135 -20.048996
v 38.222523 43.830135 -20.048996
v 28.679085 43.725811 -20.243584
v 38.222523 43.725811 -20.243584
v 28.679085 42.935528 -19.819881
v 38.222523 42.935528 -19.819881
v 28.679085 43.039856 -17.310532
v 38.222523 43.039856 -17.310532
v 28.679085 43.830135 -17.734234
v 38.222523 43.830135 -17.734234
v 28.679085 43.725811 -17.928822
v 38.222523 43.725811 -17.928822
v 28.679085 42.935528 -17.505119
v 38.222523 42.935528 -17.505119
v 28.679085 43.039856 -15.120586
v 38.222523 43.039856 -15.120586
v 28.679085 43.830135 -15.544285
v 38.222523 43.830135 -15.544285
v 28.679085 43.725811 -15.738873
v 38.222523 43.725811 -15.738873
v 28.679085 42.935528 -15.315174
v 38.222523 42.935528 -15.315174
v 28.679085 43.039856 -21.371117
v 38.222523 43.039856 -21.371117
v 28.679085 43.830135 -21.794819
v 38.222523 43.830135 -21.794819
v 28.679085 43.725811 -21.989407
v 38.222523 43.725811 -21.989407
v 28.679085 42.935528 -21.565704
v 38.222523 42.935528 -21.565704
v 28.679085 43.039856 -23.561062
v 38.222523 43.039856 -23.561062
v 28.679085 43.830135 -23.984764
v 38.222523 43.830135 -23.984764
v 28.679085 43.725811 -24.179352
v 38.222523 43.725811 -24.179352
v 28.679085 42.935528 -23.755650
v 38.222523 42.935528 -23.755650
v 28.679085 43.039856 -25.875824
v 38.222523 43.039856 -25.875824
v 28.679085 43.830135 -26.299526
v 38.222523 43.830135 -26.299526
v 28.679085 43.725811 -26.494114
v 38.222523 43.725811 -26.494114
v 28.679085 42.935528 -26.070412
v 38.222523 42.935528 -26.070412
v 33.672237 43.577579 42.822556
v 33.847618 43.577579 28.880398
v 33.248569 44.367859 42.817223
v 33.423950 44.367859 28.875069
v 33.053997 44.263535 42.814781
v 33.229378 44.263535 28.872620
v 33.477665 43.473251 42.820107
v 33.653046 43.473251 28.877949
v 28.679085 43.039856 37.406853
v 38.222523 43.039856 37.406853
v 28.679085 43.830135 36.983150
v 38.222523 43.830135 36.983150
v 28.679085 43.725811 36.788563
v 38.222523 43.725811 36.788563
v 28.679085 42.935528 37.212265
v 38.222523 42.935528 37.212265
v 28.679085 43.039856 39.721615
v 38.222523 43.039856 39.721615
v 28.679085 43.830135 39.297913
v 38.222523 43.830135 39.297913
v 28.679085 43.725811 39.103325
v 38.222523 43.725811 39.103325
v 28.679085 42.935528 39.527027
v 38.222523 42.935528 39.527027
v 28.679085 43.039856 41.911560
v 38.222523 43.039856 41.911560
v 28.679085 43.830135 41.487862
v 38.222523 43.830135 41.487862
v 28.679085 43.725811 41.293274
v 38.222523 43.725811 41.293274
v 28.679085 42.935528 41.716972
v 38.222523 42.935528 41.716972
v 28.679085 43.039856 35.661030
v 38.222523 43.039856 35.661030
v 28.679085 43.830135 35.237328
v 38.222523 43.830135 35.237328
v 28.679085 43.725811 35.042740
v 38.222523 43.725811 35.042740
v 28.679085 42.935528 35.466442
v 38.222523 42.935528 35.466442
v 28.679085 43.039856 33.471085
v 38.222523 43.039856 33.471085
v 28.679085 43.830135 33.047382
v 38.222523 43.830135 33.047382
v 28.679085 43.725811 32.852795
v 38.222523 43.725811 32.852795
v 28.679085 42.935528 33.276497
v 38.222523 42.935528 33.276497
v 28.679085 43.039856 31.156324
v 38.222523 43.039856 31.156324
v 28.679085 43.830135 30.732622
v 38.222523 43.830135 30.732622
v 28.679085 43.725811 30.538034
v 38.222523 43.725811 30.538034
v 28.679085 42.935528 30.961737
v 38.222523 42.935528 30.961737
v -4.798698 43.577579 42.822556
v -4.623318 43.577579 28.880398
v -5.222366 44.367859 42.817223
v -5.046986 44.367859 28.875069
v -5.416939 44.263535 42.814781
v -5.241558 44.263535 28.872620
v -4.993271 43.473251 42.820107
v -4.817890 43.473251 28.877949
v -9.791851 43.039856 37.406853
v -0.248413 43.039856 37.406853
v -9.791851 43.830135 36.983150
v -0.248413 43.830135 36.983150
v -9.791851 43.725811 36.788563
v -0.248413 43.725811 36.788563
v -9.791851 42.935528 37.212265
v -0.248413 42.935528 37.212265
v -9.791851 43.039856 39.721615
v -0.248413 43.039856 39.721615
v -9.791851 43.830135 39.297913
v -0.248413 43.830135 39.297913
v -9.791851 43.725811 39.103325
v -0.248413 43.725811 39.103325
v -9.791851 42.935528 39.527027
v -0.248413 42.935528 39.527027
v -9.791851 43.039856 41.911560
v -0.248413 43.039856 41.911560
v -9.791851 43.830135 41.487862
v -0.248413 43.830135 41.487862
v -9.791851 43.725811 41.293274
v -0.248413 43.725811 41.293274
v -9.791851 42.935528 41.716972
v -0.248413 42.935528 41.716972
v -9.791851 43.039856 35.661030
v -0.248413 43.039856 35.661030
v -9.791851 43.830135 35.237328
v -0.248413 43.830135 35.237328
v -9.791851 43.725811 35.042740
v -0.248413 43.725811 35.042740
v -9.791851 42.935528 35.466442
v -0.248413 42.935528 35.466442
v -9.791851 43.039856 33.471085
v -0.248413 43.039856 33.471085
v -9.791851 43.830135 33.047382
v -0.248413 43.830135 33.047382
v -9.791851 43.725811 32.852795
v -0.248413 43.725811 32.852795
v -9.791851 42.935528 33.276497
v -0.248413 42.935528 33.276497
v -9.791851 43.039856 31.156324
v -0.248413 43.039856 31.156324
v -9.791851 43.830135 30.732622
v -0.248413 43.830135 30.732622
v -9.791851 43.725811 30.538034
v -0.248413 43.725811 30.538034
v -9.791851 42.935528 30.961737
v -0.248413 42.935528 30.961737
v -42.907131 43.577579 42.453163
v -42.731750 43.577579 28.511003
v -43.330799 44.367859 42.447830
v -43.155418 44.367859 28.505674
v -43.525372 44.263535 42.445389
v -43.349991 44.263535 28.503225
v -43.101704 43.473251 42.450714
v -42.926323 43.473251 28.508554
v -47.900284 43.039856 37.037460
v -38.356846 43.039856 37.037460
v -47.900284 43.830135 36.613758
v -38.356846 43.830135 36.613758
v -47.900284 43.725811 36.419170
v -38.356846 43.725811 36.419170
v -47.900284 42.935528 36.842873
v -38.356846 42.935528 36.842873
v -47.900284 43.039856 39.352222
v -38.356846 43.039856 39.352222
v -47.900284 43.830135 38.928520
v -38.356846 43.830135 38.928520
v -47.900284 43.725811 38.733932
v -38.356846 43.725811 38.733932
v -47.900284 42.935528 39.157635
v -38.356846 42.935528 39.157635
v -47.900284 43.039856 41.542168
v -38.356846 43.039856 41.542168
v -47.900284 43.830135 41.118469
v -38.356846 43.830135 41.118469
v -47.900284 43.725811 40.923882
v -38.356846 43.725811 40.923882
v -47.900284 42.935528 41.347580
v -38.356846 42.935528 41.347580
v -47.900284 43.039856 35.291637
v -38.356846 43.039856 35.291637
v -47.900284 43.830135 34.867935
v -38.356846 43.830135 34.867935
v -47.900284 43.725811 34.673347
v -38.356846 43.725811 34.673347
v -47.900284 42.935528 35.097050
v -38.356846 42.935528 35.097050
v -47.900284 43.039856 33.101692
v -38.356846 43.039856 33.101692
v -47.900284 43.830135 32.677990
v -38.356846 43.830135 32.677990
v -47.900284 43.725811 32.483402
v -38.356846 43.725811 32.483402
v -47.900284 42.935528 32.907104
v -38.356846 42.935528 32.907104
v -47.900284 43.039856 30.786930
v -38.356846 43.039856 30.786930
v -47.900284 43.830135 30.363228
v -38.356846 43.830135 30.363228
v -47.900284 43.725811 30.168640
v -38.356846 43.725811 30.168640
v -47.900284 42.935528 30.592342
v -38.356846 42.935528 30.592342
v -38.566639 42.080589 28.952778
v -38.566639 42.080589 42.843441
v -37.907120 42.080589 28.952778
v -37.907120 42.080589 42.843441
v -38.566639 42.080589 14.732357
v -38.566639 42.080589 28.293259
v -37.907120 42.080589 14.732357
v -37.907120 42.080589 28.293259
v -47.796101 42.080589 28.952778
v -47.796101 42.080589 28.293259
v -29.007435 42.080589 28.293259
v -29.007435 42.080589 28.952778
v -29.007435 42.080589 42.843441
v -28.347919 42.080589 28.952778
v -28.347919 42.080589 42.843441
v -29.007435 42.080589 14.732357
v -28.347919 42.080589 14.732357
v -28.347919 42.080589 28.293259
v -19.448196 42.080589 28.293259
v -19.448196 42.080589 28.952778
v -19.448196 42.080589 42.843441
v -18.788677 42.080589 28.952778
v -18.788677 42.080589 42.843441
v -19.448196 42.080589 14.732357
v -18.788677 42.080589 14.732357
v -18.788677 42.080589 28.293259
v -9.888985 42.080589 28.293259
v -9.888985 42.080589 28.952778
v -9.888985 42.080589 42.843441
v -9.229460 42.080589 28.952778
v -9.229460 42.080589 42.843441
v -9.888985 42.080589 14.732357
v -9.229460 42.080589 14.732357
v -9.229460 42.080589 28.293259
v -0.329760 42.080589 28.293259
v -0.329760 42.080589 28.952778
v -0.329760 42.080589 42.843441
v 0.329760 42.080589 28.952778
v 0.329760 42.080589 42.843441
v -0.329760 42.080589 14.732357
v 0.329760 42.080589 14.732357
v 0.329760 42.080589 28.293259
v 9.229467 42.080589 28.293259
v 9.229467 42.080589 28.952778
v 9.229467 42.080589 42.843441
v 9.888986 42.080589 28.952778
v 9.888986 42.080589 42.843441
v 9.229467 42.080589 14.732357
v 9.888986 42.080589 14.732357
v 9.888986 42.080589 28.293259
v 18.788677 42.080589 28.293259
v 18.788677 42.080589 28.952778
v 18.788677 42.080589 42.843441
v 19.448196 42.080589 28.952778
v 19.448196 42.080589 42.843441
v 18.788677 42.080589 14.732357
v 19.448196 42.080589 14.732357
v 19.448196 42.080589 28.293259
v 28.347919 42.080589 28.293259
v 28.347919 42.080589 28.952778
v 28.347919 42.080589 42.843441
v 29.007435 42.080589 28.952778
v 29.007435 42.080589 42.843441
v 28.347919 42.080589 14.732357
v 29.007435 42.080589 14.732357
v 29.007435 42.080589 28.293259
v 37.907120 42.080589 28.293259
v 37.907120 42.080589 28.952778
v 37.907120 42.080589 42.843441
v 38.566650 42.080589 28.952778
v 38.566650 42.080589 42.843441
v 37.907120 42.080589 14.732357
v 38.566650 42.080589 14.732357
v 38.566650 42.080589 28.293259
v 47.796101 42.080589 28.293259
v 47.796101 42.080589 28.952778
v -38.566639 42.080589 0.511932
v -38.566639 42.080589 14.072842
v -37.907120 42.080589 0.511932
v -37.907120 42.080589 14.072842
v -47.796101 42.080589 14.732357
v -47.796101 42.080589 14.072842
v -29.007435 42.080589 14.072842
v -29.007435 42.080589 0.511932
v -28.347919 42.080589 0.511932
v -28.347919 42.080589 14.072842
v -19.448196 42.080589 14.072842
v -19.448196 42.080589 0.511932
v -18.788677 42.080589 0.511932
v -18.788677 42.080589 14.072842
v -9.888985 42.080589 14.072842
v -9.888985 42.080589 0.511932
v -9.229460 42.080589 0.511932
v -9.229460 42.080589 14.072842
v -0.329760 42.080589 14.072842
v -0.329760 42.080589 0.511932
v 0.329760 42.080589 0.511932
v 0.329760 42.080589 14.072842
v 9.229467 42.080589 14.072842
v 9.229467 42.080589 0.511932
v 9.888986 42.080589 0.511932
v 9.888986 42.080589 14.072842
v 18.788677 42.080589 14.072842
v 18.788677 42.080589 0.511932
v 19.448196 42.080589 0.511932
v 19.448196 42.080589 14.072842
v 28.347919 42.080589 14.072842
v 28.347919 42.080589 0.511932
v 29.007435 42.080589 0.511932
v 29.007435 42.080589 14.072842
v 37.907120 42.080589 14.072842
v 37.907120 42.080589 0.511932
v 38.566650 42.080589 0.511932
v 38.566650 42.080589 14.072842
v 47.796101 42.080589 14.072842
v 47.796101 42.080589 14.732357
v -38.566639 42.080589 -13.708488
v -38.566639 42.080589 -0.147583
v -37.907120 42.080589 -13.708488
v -37.907120 42.080589 -0.147583
v -47.796101 42.080589 0.511932
v -47.796101 42.080589 -0.147583
v -29.007435 42.080589 -0.147583
v -29.007435 42.080589 -13.708488
v -28.347919 42.080589 -13.708488
v -28.347919 42.080589 -0.147583
v -19.448196 42.080589 -0.147583
v -19.448196 42.080589 -13.708488
v -18.788677 42.080589 -13.708488
v -18.788677 42.080589 -0.147583
v -9.888985 42.080589 -0.147583
v -9.888985 42.080589 -13.708488
v -9.229460 42.080589 -13.708488
v -9.229460 42.080589 -0.147583
v -0.329760 42.080589 -0.147583
v -0.329760 42.080589 -13.708488
v 0.329760 42.080589 -13.708488
v 0.329760 42.080589 -0.147583
v 9.229467 42.080589 -0.147583
v 9.229467 42.080589 -13.708488
v 9.888986 42.080589 -13.708488
v 9.888986 42.080589 -0.147583
v 18.788677 42.080589 -0.147583
v 18.788677 42.080589 -13.708488
v 19.448196 42.080589 -13.708488
v 19.448196 42.080589 -0.147583
v 28.347919 42.080589 -0.147583
v 28.347919 42.080589 -13.708488
v 29.007435 42.080589 -13.708488
v 29.007435 42.080589 -0.147583
v 37.907120 42.080589 -0.147583
v 37.907120 42.080589 -13.708488
v 38.566650 42.080589 -13.708488
v 38.566650 42.080589 -0.147583
v 47.796101 42.080589 -0.147583
v 47.796101 42.080589 0.511932
v -38.566639 42.080589 -27.928904
v -38.566639 42.080589 -14.368003
v -37.907120 42.080589 -27.928904
v -37.907120 42.080589 -14.368003
v -47.796101 42.080589 -13.708488
v -47.796101 42.080589 -14.368003
v -29.007435 42.080589 -14.368003
v -29.007435 42.080589 -27.928904
v -28.347919 42.080589 -27.928904
v -28.347919 42.080589 -14.368003
v -19.448196 42.080589 -14.368003
v -19.448196 42.080589 -27.928904
v -18.788677 42.080589 -27.928904
v -18.788677 42.080589 -14.368003
v -9.888985 42.080589 -14.368003
v -9.888985 42.080589 -27.928904
v -9.229460 42.080589 -27.928904
v -9.229460 42.080589 -14.368003
v -0.329760 42.080589 -14.368003
v -0.329760 42.080589 -27.928904
v 0.329760 42.080589 -27.928904
v 0.329760 42.080589 -14.368003
v 9.229467 42.080589 -14.368003
v 9.229467 42.080589 -27.928904
v 9.888986 42.080589 -27.928904
v 9.888986 42.080589 -14.368003
v 18.788677 42.080589 -14.368003
v 18.788677 42.080589 -27.928904
v 19.448196 42.080589 -27.928904
v 19.448196 42.080589 -14.368003
v 28.347919 42.080589 -14.368003
v 28.347919 42.080589 -27.928904
v 29.007435 42.080589 -27.928904
v 29.007435 42.080589 -14.368003
v 37.907120 42.080589 -14.368003
v 37.907120 42.080589 -27.928904
v 38.566650 42.080589 -27.928904
v 38.566650 42.080589 -14.368003
v 47.796101 42.080589 -14.368003
v 47.796101 42.080589 -13.708488
v -38.566639 42.080589 -42.149326
v -38.566639 42.080589 -28.588423
v -37.907120 42.080589 -42.149326
v -37.907120 42.080589 -28.588423
v -47.796101 42.080589 -27.928904
v -47.796101 42.080589 -28.588423
v -29.007435 42.080589 -28.588423
v -29.007435 42.080589 -42.149326
v -28.347919 42.080589 -42.149326
v -28.347919 42.080589 -28.588423
v -19.448196 42.080589 -28.588423
v -19.448196 42.080589 -42.149326
v -18.788677 42.080589 -42.149326
v -18.788677 42.080589 -28.588423
v -9.888985 42.080589 -28.588423
v -9.888985 42.080589 -42.149326
v -9.229460 42.080589 -42.149326
v -9.229460 42.080589 -28.588423
v -0.329760 42.080589 -28.588423
v -0.329760 42.080589 -42.149326
v 0.329760 42.080589 -42.149326
v 0.329760 42.080589 -28.588423
v 9.229467 42.080589 -28.588423
v 9.229467 42.080589 -42.149326
v 9.888986 42.080589 -42.149326
v 9.888986 42.080589 -28.588423
v 18.788677 42.080589 -28.588423
v 18.788677 42.080589 -42.149326
v 19.448196 42.080589 -42.149326
v 19.448196 42.080589 -28.588423
v 28.347919 42.080589 -28.588423
v 28.347919 42.080589 -42.149326
v 29.007435 42.080589 -42.149326
v 29.007435 42.080589 -28.588423
v 37.907120 42.080589 -28.588423
v 37.907120 42.080589 -42.149326
v 38.566650 42.080589 -42.149326
v 38.566650 42.080589 -28.588423
v 47.796101 42.080589 -28.588423
v 47.796101 42.080589 -27.928904
v -38.566639 42.080589 -56.369743
v -38.566639 42.080589 -42.808849
v -37.907120 42.080589 -56.369743
v -37.907120 42.080589 -42.808849
v -47.796101 42.080589 -42.149326
v -47.796101 42.080589 -42.808849
v -29.007435 42.080589 -42.808849
v -29.007435 42.080589 -56.369743
v -28.347919 42.080589 -56.369743
v -28.347919 42.080589 -42.808849
v -19.448196 42.080589 -42.808849
v -19.448196 42.080589 -56.369743
v -18.788677 42.080589 -56.369743
v -18.788677 42.080589 -42.808849
v -9.888985 42.080589 -42.808849
v -9.888985 42.080589 -56.369743
v -9.229460 42.080589 -56.369743
v -9.229460 42.080589 -42.808849
v -0.329760 42.080589 -42.808849
v -0.329760 42.080589 -56.369743
v 0.329760 42.080589 -56.369743
v 0.329760 42.080589 -42.808849
v 9.229467 42.080589 -42.808849
v 9.229467 42.080589 -56.369743
v 9.888986 42.080589 -56.369743
v 9.888986 42.080589 -42.808849
v 18.788677 42.080589 -42.808849
v 18.788677 42.080589 -56.369743
v 19.448196 42.080589 -56.369743
v 19.448196 42.080589 -42.808849
v 28.347919 42.080589 -42.808849
v 28.347919 42.080589 -56.369743
v 29.007435 42.080589 -56.369743
v 29.007435 42.080589 -42.808849
v 37.907120 42.080589 -42.808849
v 37.907120 42.080589 -56.369743
v 38.566650 42.080589 -56.369743
v 38.566650 42.080589 -42.808849
v 47.796101 42.080589 -42.808849
v 47.796101 42.080589 -42.149326
v -38.566639 42.080589 -70.590164
v -38.566639 42.080589 -57.029259
v -37.907120 42.080589 -70.590164
v -37.907120 42.080589 -57.029259
v -47.796101 42.080589 -56.369743
v -47.796101 42.080589 -57.029259
v -29.007435 42.080589 -57.029259
v -29.007435 42.080589 -70.590164
v -28.347919 42.080589 -70.590164
v -28.347919 42.080589 -57.029259
v -19.448196 42.080589 -57.029259
v -19.448196 42.080589 -70.590164
v -18.788677 42.080589 -70.590164
v -18.788677 42.080589 -57.029259
v -9.888985 42.080589 -57.029259
v -9.888985 42.080589 -70.590164
v -9.229460 42.080589 -70.590164
v -9.229460 42.080589 -57.029259
v -0.329760 42.080589 -57.029259
v -0.329760 42.080589 -70.590164
v 0.329760 42.080589 -70.590164
v 0.329760 42.080589 -57.029259
v 9.229467 42.080589 -57.029259
v 9.229467 42.080589 -70.590164
v 9.888986 42.080589 -70.590164
v 9.888986 42.080589 -57.029259
v 18.788677 42.080589 -57.029259
v 18.788677 42.080589 -70.590164
v 19.448196 42.080589 -70.590164
v 19.448196 42.080589 -57.029259
v 28.347919 42.080589 -57.029259
v 28.347919 42.080589 -70.590164
v 29.007435 42.080589 -70.590164
v 29.007435 42.080589 -57.029259
v 37.907120 42.080589 -57.029259
v 37.907120 42.080589 -70.590164
v 38.566650 42.080589 -70.590164
v 38.566650 42.080589 -57.029259
v 47.796101 42.080589 -57.029259
v 47.796101 42.080589 -56.369743
v -38.566639 42.080589 -84.810593
v -38.566639 42.080589 -71.249680
v -37.907120 42.080589 -84.810593
v -37.907120 42.080589 -71.249680
v -47.796101 42.080589 -70.590164
v -47.796101 42.080589 -71.249680
v -29.007435 42.080589 -71.249680
v -29.007435 42.080589 -84.810593
v -28.347919 42.080589 -84.810593
v -28.347919 42.080589 -71.249680
v -19.448196 42.080589 -71.249680
v -19.448196 42.080589 -84.810593
v -18.788677 42.080589 -84.810593
v -18.788677 42.080589 -71.249680
v -9.888985 42.080589 -71.249680
v -9.888985 42.080589 -84.810593
v -9.229460 42.080589 -84.810593
v -9.229460 42.080589 -71.249680
v -0.329760 42.080589 -71.249680
v -0.329760 42.080589 -84.810593
v 0.329760 42.080589 -84.810593
v 0.329760 42.080589 -71.249680
v 9.229467 42.080589 -71.249680
v 9.229467 42.080589 -84.810593
v 9.888986 42.080589 -84.810593
v 9.888986 42.080589 -71.249680
v 18.788677 42.080589 -71.249680
v 18.788677 42.080589 -84.810593
v 19.448196 42.080589 -84.810593
v 19.448196 42.080589 -71.249680
v 28.347919 42.080589 -71.249680
v 28.347919 42.080589 -84.810593
v 29.007435 42.080589 -84.810593
v 29.007435 42.080589 -71.249680
v 37.907120 42.080589 -71.249680
v 37.907120 42.080589 -84.810593
v 38.566650 42.080589 -84.810593
v 38.566650 42.080589 -71.249680
v 47.796101 42.080589 -71.249680
v 47.796101 42.080589 -70.590164
v -38.566639 42.080589 -99.360764
v -38.566639 42.080589 -85.470108
v -37.907120 42.080589 -99.360764
v -37.907120 42.080589 -85.470108
v -47.796101 42.080589 -84.810593
v -47.796101 42.080589 -85.470108
v -29.007435 42.080589 -85.470108
v -29.007435 42.080589 -99.360764
v -28.347919 42.080589 -99.360764
v -28.347919 42.080589 -85.470108
v -19.448196 42.080589 -85.470108
v -19.448196 42.080589 -99.360764
v -18.788677 42.080589 -99.360764
v -18.788677 42.080589 -85.470108
v -9.888985 42.080589 -85.470108
v -9.888985 42.080589 -99.360764
v -9.229460 42.080589 -99.360764
v -9.229460 42.080589 -85.470108
v -0.329760 42.080589 -85.470108
v -0.329760 42.080589 -99.360764
v 0.329760 42.080589 -99.360764
v 0.329760 42.080589 -85.470108
v 9.229467 42.080589 -85.470108
v 9.229467 42.080589 -99.360764
v 9.888986 42.080589 -99.360764
v 9.888986 42.080589 -85.470108
v 18.788677 42.080589 -85.470108
v 18.788677 42.080589 -99.360764
v 19.448196 42.080589 -99.360764
v 19.448196 42.080589 -85.470108
v 28.347919 42.080589 -85.470108
v 28.347919 42.080589 -99.360764
v 29.007435 42.080589 -99.360764
v 29.007435 42.080589 -85.470108
v 37.907120 42.080589 -85.470108
v 37.907120 42.080589 -99.360764
v 38.566650 42.080589 -99.360764
v 38.566650 42.080589 -85.470108
v 47.796101 42.080589 -85.470108
v 47.796101 42.080589 -84.810593
v -38.566639 42.080589 43.691364
v -47.796101 42.080589 43.691364
v -47.796101 42.080589 42.843441
v -29.007435 42.080589 43.691364
v -37.907120 42.080589 43.691364
v -19.448196 42.080589 43.691364
v -28.347919 42.080589 43.691364
v -9.888985 42.080589 43.691364
v -18.788677 42.080589 43.691364
v -0.329760 42.080589 43.691364
v -9.229460 42.080589 43.691364
v 9.229467 42.080589 43.691364
v 0.329760 42.080589 43.691364
v 18.788677 42.080589 43.691364
v 9.888986 42.080589 43.691364
v 28.347919 42.080589 43.691364
v 19.448196 42.080589 43.691364
v 37.907120 42.080589 43.691364
v 29.007435 42.080589 43.691364
v 47.796101 42.080589 42.843441
v 47.796101 42.080589 43.691364
v 38.566650 42.080589 43.691364
v -37.907120 42.080589 57.498158
v -38.566639 42.080589 57.498158
v -28.347919 42.080589 57.498158
v -29.007435 42.080589 57.498158
v -18.788677 42.080589 57.498158
v -19.448196 42.080589 57.498158
v -9.229460 42.080589 57.498158
v -9.888985 42.080589 57.498158
v 0.329760 42.080589 57.498158
v -0.329760 42.080589 57.498158
v 9.888986 42.080589 57.498158
v 9.229467 42.080589 57.498158
v 19.448196 42.080589 57.498158
v 18.788677 42.080589 57.498158
v 29.007435 42.080589 57.498158
v 28.347919 42.080589 57.498158
v 38.566650 42.080589 57.498158
v 37.907120 42.080589 57.498158
v -48.729443 42.080589 42.843441
v -48.729443 42.080589 28.952778
v -48.729443 42.080589 28.293259
v -48.729443 42.080589 14.732357
v -48.729443 42.080589 14.072842
v -48.729443 42.080589 0.511932
v -48.729443 42.080589 -0.147583
v -48.729443 42.080589 -13.708488
v -48.729443 42.080589 -14.368003
v -48.729443 42.080589 -27.928904
v -48.729443 42.080589 -28.588423
v -48.729443 42.080589 -42.149326
v -48.729443 42.080589 -42.808849
v -48.729443 42.080589 -56.369743
v -48.729443 42.080589 -57.029259
v -48.729443 42.080589 -70.590164
v -48.729443 42.080589 -71.249680
v -48.729443 42.080589 -84.810593
v -48.729443 42.080589 -85.470108
v -48.729443 42.080589 -99.360764
v -47.796101 42.080589 -99.360764
v -48.729443 42.080589 43.691364
v -47.796101 42.080589 57.498158
v -48.729443 42.080589 57.498158
v -58.387665 42.080589 28.952778
v -58.387665 42.080589 28.293259
v -58.387665 42.080589 14.732357
v -58.387665 42.080589 14.072842
v -58.387665 42.080589 0.511932
v -58.387665 42.080589 -0.147583
v -58.387665 42.080589 -13.708488
v -58.387665 42.080589 -14.368003
v -58.387665 42.080589 -27.928904
v -58.387665 42.080589 -28.588423
v -58.387665 42.080589 -42.149326
v -58.387665 42.080589 -42.808849
v -58.387665 42.080589 -56.369743
v -58.387665 42.080589 -57.029259
v -58.387665 42.080589 -70.590164
v -58.387665 42.080589 -71.249680
v -58.387665 42.080589 -84.810593
v -58.387665 42.080589 -85.470108
v -58.387665 42.080589 43.691364
v -58.387665 42.080589 42.843441
v -38.566639 42.419212 42.843441
v -38.566639 42.419212 28.952778
v -37.907120 42.419212 28.952778
v -37.907120 42.419212 42.843441
v -38.566639 42.419212 28.293259
v -38.566639 42.419212 14.732357
v -37.907120 42.419212 14.732357
v -37.907120 42.419212 28.293259
v -47.796101 42.419212 28.952778
v -47.796101 42.419212 28.293259
v -29.007435 42.419212 28.293259
v -29.007435 42.419212 28.952778
v -29.007435 42.419212 42.843441
v -28.347919 42.419212 28.952778
v -28.347919 42.419212 42.843441
v -29.007435 42.419212 14.732357
v -28.347919 42.419212 14.732357
v -28.347919 42.419212 28.293259
v -19.448196 42.419212 28.293259
v -19.448196 42.419212 28.952778
v -19.448196 42.419212 42.843441
v -18.788677 42.419212 28.952778
v -18.788677 42.419212 42.843441
v -19.448196 42.419212 14.732357
v -18.788677 42.419212 14.732357
v -18.788677 42.419212 28.293259
v -9.888985 42.419212 28.293259
v -9.888985 42.419212 28.952778
v -9.888985 42.419212 42.843441
v -9.229460 42.419212 28.952778
v -9.229460 42.419212 42.843441
v -9.888985 42.419212 14.732357
v -9.229460 42.419212 14.732357
v -9.229460 42.419212 28.293259
v -0.329760 42.419212 28.293259
v -0.329760 42.419212 28.952778
v -0.329760 42.419212 42.843441
v 0.329760 42.419212 28.952778
v 0.329760 42.419212 42.843441
v -0.329760 42.419212 14.732357
v 0.329760 42.419212 14.732357
v 0.329760 42.419212 28.293259
v 9.229467 42.419212 28.293259
v 9.229467 42.419212 28.952778
v 9.229467 42.419212 42.843441
v 9.888986 42.419212 28.952778
v 9.888986 42.419212 42.843441
v 9.229467 42.419212 14.732357
v 9.888986 42.419212 14.732357
v 9.888986 42.419212 28.293259
v 18.788677 42.419212 28.293259
v 18.788677 42.419212 28.952778
v 18.788677 42.419212 42.843441
v 19.448196 42.419212 28.952778
v 19.448196 42.419212 42.843441
v 18.788677 42.419212 14.732357
v 19.448196 42.419212 14.732357
v 19.448196 42.419212 28.293259
v 28.347919 42.419212 28.293259
v 28.347919 42.419212 28.952778
v 28.347919 42.419212 42.843441
v 29.007435 42.419212 28.952778
v 29.007435 42.419212 42.843441
v 28.347919 42.419212 14.732357
v 29.007435 42.419212 14.732357
v 29.007435 42.419212 28.293259
v 37.907120 42.419212 28.293259
v 37.907120 42.419212 28.952778
v 37.907120 42.419212 42.843441
v 38.566650 42.419212 28.952778
v 38.566650 42.419212 42.843441
v 37.907120 42.419212 14.732357
v 38.566650 42.419212 14.732357
v 38.566650 42.419212 28.293259
v 47.796101 42.419212 28.293259
v 47.796101 42.419212 28.952778
v -38.566639 42.419212 14.072842
v -38.566639 42.419212 0.511932
v -37.907120 42.419212 0.511932
v -37.907120 42.419212 14.072842
v -47.796101 42.419212 14.732357
v -47.796101 42.419212 14.072842
v -29.007435 42.419212 14.072842
v -29.007435 42.419212 0.511932
v -28.347919 42.419212 0.511932
v -28.347919 42.419212 14.072842
v -19.448196 42.419212 14.072842
v -19.448196 42.419212 0.511932
v -18.788677 42.419212 0.511932
v -18.788677 42.419212 14.072842
v -9.888985 42.419212 14.072842
v -9.888985 42.419212 0.511932
v -9.229460 42.419212 0.511932
v -9.229460 42.419212 14.072842
v -0.329760 42.419212 14.072842
v -0.329760 42.419212 0.511932
v 0.329760 42.419212 0.511932
v 0.329760 42.419212 14.072842
v 9.229467 42.419212 14.072842
v 9.229467 42.419212 0.511932
v 9.888986 42.419212 0.511932
v 9.888986 42.419212 14.072842
v 18.788677 42.419212 14.072842
v 18.788677 42.419212 0.511932
v 19.448196 42.419212 0.511932
v 19.448196 42.419212 14.072842
v 28.347919 42.419212 14.072842
v 28.347919 42.419212 0.511932
v 29.007435 42.419212 0.511932
v 29.007435 42.419212 14.072842
v 37.907120 42.419212 14.072842
v 37.907120 42.419212 0.511932
v 38.566650 42.419212 0.511932
v 38.566650 42.419212 14.072842
v 47.796101 42.419212 14.072842
v 47.796101 42.419212 14.732357
v -38.566639 42.419212 -0.147583
v -38.566639 42.419212 -13.708488
v -37.907120 42.419212 -13.708488
v -37.907120 42.419212 -0.147583
v -47.796101 42.419212 0.511932
v -47.796101 42.419212 -0.147583
v -29.007435 42.419212 -0.147583
v -29.007435 42.419212 -13.708488
v -28.347919 42.419212 -13.708488
v -28.347919 42.419212 -0.147583
v -19.448196 42.419212 -0.147583
v -19.448196 42.419212 -13.708488
v -18.788677 42.419212 -13.708488
v -18.788677 42.419212 -0.147583
v -9.888985 42.419212 -0.147583
v -9.888985 42.419212 -13.708488
v -9.229460 42.419212 -13.708488
v -9.229460 42.419212 -0.147583
v -0.329760 42.419212 -0.147583
v -0.329760 42.419212 -13.708488
v 0.329760 42.419212 -13.708488
v 0.329760 42.419212 -0.147583
v 9.229467 42.419212 -0.147583
v 9.229467 42.419212 -13.708488
v 9.888986 42.419212 -13.708488
v 9.888986 42.419212 -0.147583
v 18.788677 42.419212 -0.147583
v 18.788677 42.419212 -13.708488
v 19.448196 42.419212 -13.708488
v 19.448196 42.419212 -0.147583
v 28.347919 42.419212 -0.147583
v 28.347919 42.419212 -13.708488
v 29.007435 42.419212 -13.708488
v 29.007435 42.419212 -0.147583
v 37.907120 42.419212 -0.147583
v 37.907120 42.419212 -13.708488
v 38.566650 42.419212 -13.708488
v 38.566650 42.419212 -0.147583
v 47.796101 42.419212 -0.147583
v 47.796101 42.419212 0.511932
v -38.566639 42.419212 -14.368003
v -38.566639 42.419212 -27.928904
v -37.907120 42.419212 -27.928904
v -37.907120 42.419212 -14.368003
v -47.796101 42.419212 -13.708488
v -47.796101 42.419212 -14.368003
v -29.007435 42.419212 -14.368003
v -29.007435 42.419212 -27.928904
v -28.347919 42.419212 -27.928904
v -28.347919 42.419212 -14.368003
v -19.448196 42.419212 -14.368003
v -19.448196 42.419212 -27.928904
v -18.788677 42.419212 -27.928904
v -18.788677 42.419212 -14.368003
v -9.888985 42.419212 -14.368003
v -9.888985 42.419212 -27.928904
v -9.229460 42.419212 -27.928904
v -9.229460 42.419212 -14.368003
v -0.329760 42.419212 -14.368003
v -0.329760 42.419212 -27.928904
v 0.329760 42.419212 -27.928904
v 0.329760 42.419212 -14.368003
v 9.229467 42.419212 -14.368003
v 9.229467 42.419212 -27.928904
v 9.888986 42.419212 -27.928904
v 9.888986 42.419212 -14.368003
v 18.788677 42.419212 -14.368003
v 18.788677 42.419212 -27.928904
v 19.448196 42.419212 -27.928904
v 19.448196 42.419212 -14.368003
v 28.347919 42.419212 -14.368003
v 28.347919 42.419212 -27.928904
v 29.007435 42.419212 -27.928904
v 29.007435 42.419212 -14.368003
v 37.907120 42.419212 -14.368003
v 37.907120 42.419212 -27.928904
v 38.566650 42.419212 -27.928904
v 38.566650 42.419212 -14.368003
v 47.796101 42.419212 -14.368003
v 47.796101 42.419212 -13.708488
v -38.566639 42.419212 -28.588423
v -38.566639 42.419212 -42.149326
v -37.907120 42.419212 -42.149326
v -37.907120 42.419212 -28.588423
v -47.796101 42.419212 -27.928904
v -47.796101 42.419212 -28.588423
v -29.007435 42.419212 -28.588423
v -29.007435 42.419212 -42.149326
v -28.347919 42.419212 -42.149326
v -28.347919 42.419212 -28.588423
v -19.448196 42.419212 -28.588423
v -19.448196 42.419212 -42.149326
v -18.788677 42.419212 -42.149326
v -18.788677 42.419212 -28.588423
v -9.888985 42.419212 -28.588423
v -9.888985 42.419212 -42.149326
v -9.229460 42.419212 -42.149326
v -9.229460 42.419212 -28.588423
v -0.329760 42.419212 -28.588423
v -0.329760 42.419212 -42.149326
v 0.329760 42.419212 -42.149326
v 0.329760 42.419212 -28.588423
v 9.229467 42.419212 -28.588423
v 9.229467 42.419212 -42.149326
v 9.888986 42.419212 -42.149326
v 9.888986 42.419212 -28.588423
v 18.788677 42.419212 -28.588423
v 18.788677 42.419212 -42.149326
v 19.448196 42.419212 -42.149326
v 19.448196 42.419212 -28.588423
v 28.347919 42.419212 -28.588423
v 28.347919 42.419212 -42.149326
v 29.007435 42.419212 -42.149326
v 29.007435 42.419212 -28.588423
v 37.907120 42.419212 -28.588423
v 37.907120 42.419212 -42.149326
v 38.566650 42.419212 -42.149326
v 38.566650 42.419212 -28.588423
v 47.796101 42.419212 -28.588423
v 47.796101 42.419212 -27.928904
v -38.566639 42.419212 -42.808849
v -38.566639 42.419212 -56.369743
v -37.907120 42.419212 -56.369743
v -37.907120 42.419212 -42.808849
v -47.796101 42.419212 -42.149326
v -47.796101 42.419212 -42.808849
v -29.007435 42.419212 -42.808849
v -29.007435 42.419212 -56.369743
v -28.347919 42.419212 -56.369743
v -28.347919 42.419212 -42.808849
v -19.448196 42.419212 -42.808849
v -19.448196 42.419212 -56.369743
v -18.788677 42.419212 -56.369743
v -18.788677 42.419212 -42.808849
v -9.888985 42.419212 -42.808849
v -9.888985 42.419212 -56.369743
v -9.229460 42.419212 -56.369743
v -9.229460 42.419212 -42.808849
v -0.329760 42.419212 -42.808849
v -0.329760 42.419212 -56.369743
v 0.329760 42.419212 -56.369743
v 0.329760 42.419212 -42.808849
v 9.229467 42.419212 -42.808849
v 9.229467 42.419212 -56.369743
v 9.888986 42.419212 -56.369743
v 9.888986 42.419212 -42.808849
v 18.788677 42.419212 -42.808849
v 18.788677 42.419212 -56.369743
v 19.448196 42.419212 -56.369743
v 19.448196 42.419212 -42.808849
v 28.347919 42.419212 -42.808849
v 28.347919 42.419212 -56.369743
v 29.007435 42.419212 -56.369743
v 29.007435 42.419212 -42.808849
v 37.907120 42.419212 -42.808849
v 37.907120 42.419212 -56.369743
v 38.566650 42.419212 -56.369743
v 38.566650 42.419212 -42.808849
v 47.796101 42.419212 -42.808849
v 47.796101 42.419212 -42.149326
v -38.566639 42.419212 -57.029259
v -38.566639 42.419212 -70.590164
v -37.907120 42.419212 -70.590164
v -37.907120 42.419212 -57.029259
v -47.796101 42.419212 -56.369743
v -47.796101 42.419212 -57.029259
v -29.007435 42.419212 -57.029259
v -29.007435 42.419212 -70.590164
v -28.347919 42.419212 -70.590164
v -28.347919 42.419212 -57.029259
v -19.448196 42.419212 -57.029259
v -19.448196 42.419212 -70.590164
v -18.788677 42.419212 -70.590164
v -18.788677 42.419212 -57.029259
v -9.888985 42.419212 -57.029259
v -9.888985 42.419212 -70.590164
v -9.229460 42.419212 -70.590164
v -9.229460 42.419212 -57.029259
v -0.329760 42.419212 -57.029259
v -0.329760 42.419212 -70.590164
v 0.329760 42.419212 -70.590164
v 0.329760 42.419212 -57.029259
v 9.229467 42.419212 -57.029259
v 9.229467 42.419212 -70.590164
v 9.888986 42.419212 -70.590164
v 9.888986 42.419212 -57.029259
v 18.788677 42.419212 -57.029259
v 18.788677 42.419212 -70.590164
v 19.448196 42.419212 -70.590164
v 19.448196 42.419212 -57.029259
v 28.347919 42.419212 -57.029259
v 28.347919 42.419212 -70.590164
v 29.007435 42.419212 -70.590164
v 29.007435 42.419212 -57.029259
v 37.907120 42.419212 -57.029259
v 37.907120 42.419212 -70.590164
v 38.566650 42.419212 -70.590164
v 38.566650 42.419212 -57.029259
v 47.796101 42.419212 -57.029259
v 47.796101 42.419212 -56.369743
v -38.566639 42.419212 -71.249680
v -38.566639 42.419212 -84.810593
v -37.907120 42.419212 -84.810593
v -37.907120 42.419212 -71.249680
v -47.796101 42.419212 -70.590164
v -47.796101 42.419212 -71.249680
v -29.007435 42.419212 -71.249680
v -29.007435 42.419212 -84.810593
v -28.347919 42.419212 -84.810593
v -28.347919 42.419212 -71.249680
v -19.448196 42.419212 -71.249680
v -19.448196 42.419212 -84.810593
v -18.788677 42.419212 -84.810593
v -18.788677 42.419212 -71.249680
v -9.888985 42.419212 -71.249680
v -9.888985 42.419212 -84.810593
v -9.229460 42.419212 -84.810593
v -9.229460 42.419212 -71.249680
v -0.329760 42.419212 -71.249680
v -0.329760 42.419212 -84.810593
v 0.329760 42.419212 -84.810593
v 0.329760 42.419212 -71.249680
v 9.229467 42.419212 -71.249680
v 9.229467 42.419212 -84.810593
v 9.888986 42.419212 -84.810593
v 9.888986 42.419212 -71.249680
v 18.788677 42.419212 -71.249680
v 18.788677 42.419212 -84.810593
v 19.448196 42.419212 -84.810593
v 19.448196 42.419212 -71.249680
v 28.347919 42.419212 -71.249680
v 28.347919 42.419212 -84.810593
v 29.007435 42.419212 -84.810593
v 29.007435 42.419212 -71.249680
v 37.907120 42.419212 -71.249680
v 37.907120 42.419212 -84.810593
v 38.566650 42.419212 -84.810593
v 38.566650 42.419212 -71.249680
v 47.796101 42.419212 -71.249680
v 47.796101 42.419212 -70.590164
v -38.566639 42.419212 -85.470108
v -38.566639 42.419212 -99.360764
v -37.907120 42.419212 -99.360764
v -37.907120 42.419212 -85.470108
v -47.796101 42.419212 -84.810593
v -47.796101 42.419212 -85.470108
v -29.007435 42.419212 -85.470108
v -29.007435 42.419212 -99.360764
v -28.347919 42.419212 -99.360764
v -28.347919 42.419212 -85.470108
v -19.448196 42.419212 -85.470108
v -19.448196 42.419212 -99.360764
v -18.788677 42.419212 -99.360764
v -18.788677 42.419212 -85.470108
v -9.888985 42.419212 -85.470108
v -9.888985 42.419212 -99.360764
v -9.229460 42.419212 -99.360764
v -9.229460 42.419212 -85.470108
v -0.329760 42.419212 -85.470108
v -0.329760 42.419212 -99.360764
v 0.329760 42.419212 -99.360764
v 0.329760 42.419212 -85.470108
v 9.229467 42.419212 -85.470108
v 9.229467 42.419212 -99.360764
v 9.888986 42.419212 -99.360764
v 9.888986 42.419212 -85.470108
v 18.788677 42.419212 -85.470108
v 18.788677 42.419212 -99.360764
v 19.448196 42.419212 -99.360764
v 19.448196 42.419212 -85.470108
v 28.347919 42.419212 -85.470108
v 28.347919 42.419212 -99.360764
v 29.007435 42.419212 -99.360764
v 29.007435 42.419212 -85.470108
v 37.907120 42.419212 -85.470108
v 37.907120 42.419212 -99.360764
v 38.566650 42.419212 -99.360764
v 38.566650 42.419212 -85.470108
v 47.796101 42.419212 -85.470108
v 47.796101 42.419212 -84.810593
v -38.566639 42.419212 43.691364
v -47.796101 42.419212 43.691364
v -47.796101 42.419212 42.843441
v -29.007435 42.419212 43.691364
v -37.907120 42.419212 43.691364
v -19.448196 42.419212 43.691364
v -28.347919 42.419212 43.691364
v -9.888985 42.419212 43.691364
v -18.788677 42.419212 43.691364
v -0.329760 42.419212 43.691364
v -9.229460 42.419212 43.691364
v 9.229467 42.419212 43.691364
v 0.329760 42.419212 43.691364
v 18.788677 42.419212 43.691364
v 9.888986 42.419212 43.691364
v 28.347919 42.419212 43.691364
v 19.448196 42.419212 43.691364
v 37.907120 42.419212 43.691364
v 29.007435 42.419212 43.691364
v 47.796101 42.419212 43.691364
v 38.566650 42.419212 43.691364
v 47.796101 42.419212 42.843441
v -37.907120 42.419212 57.498158
v -38.566639 42.419212 57.498158
v -28.347919 42.419212 57.498158
v -29.007435 42.419212 57.498158
v -18.788677 42.419212 57.498158
v -19.448196 42.419212 57.498158
v -9.229460 42.419212 57.498158
v -9.888985 42.419212 57.498158
v 0.329760 42.419212 57.498158
v -0.329760 42.419212 57.498158
v 9.888986 42.419212 57.498158
v 9.229467 42.419212 57.498158
v 19.448196 42.419212 57.498158
v 18.788677 42.419212 57.498158
v 29.007435 42.419212 57.498158
v 28.347919 42.419212 57.498158
v 38.566650 42.419212 57.498158
v 37.907120 42.419212 57.498158
v -48.729443 42.419212 42.843441
v -48.729443 42.419212 28.952778
v -48.729443 42.419212 28.293259
v -48.729443 42.419212 14.732357
v -48.729443 42.419212 14.072842
v -48.729443 42.419212 0.511932
v -48.729443 42.419212 -0.147583
v -48.729443 42.419212 -13.708488
v -48.729443 42.419212 -14.368003
v -48.729443 42.419212 -27.928904
v -48.729443 42.419212 -28.588423
v -48.729443 42.419212 -42.149326
v -48.729443 42.419212 -42.808849
v -48.729443 42.419212 -56.369743
v -48.729443 42.419212 -57.029259
v -48.729443 42.419212 -70.590164
v -48.729443 42.419212 -71.249680
v -48.729443 42.419212 -84.810593
v -48.729443 42.419212 -85.470108
v -48.729443 42.419212 -99.360764
v -47.796101 42.419212 -99.360764
v -48.729443 42.419212 57.498158
v -48.729443 42.419212 43.691364
v -47.796101 42.419212 57.498158
v -58.387665 42.419212 28.952778
v -58.387665 42.419212 28.293259
v -58.387665 42.419212 14.732357
v -58.387665 42.419212 14.072842
v -58.387665 42.419212 0.511932
v -58.387665 42.419212 -0.147583
v -58.387665 42.419212 -13.708488
v -58.387665 42.419212 -14.368003
v -58.387665 42.419212 -27.928904
v -58.387665 42.419212 -28.588423
v -58.387665 42.419212 -42.149326
v -58.387665 42.419212 -42.808849
v -58.387665 42.419212 -56.369743
v -58.387665 42.419212 -57.029259
v -58.387665 42.419212 -70.590164
v -58.387665 42.419212 -71.249680
v -58.387665 42.419212 -84.810593
v -58.387665 42.419212 -85.470108
v -58.387665 42.419212 43.691364
v -58.387665 42.419212 42.843441
vt 0.580708 0.271466
vt 0.619970 0.271525
vt 0.619970 0.325622
vt 0.580708 0.325681
vt 0.549319 0.217299
vt 0.588580 0.217358
vt 0.588580 0.271455
vt 0.549319 0.271514
vt 0.465613 0.269666
vt 0.504875 0.269725
vt 0.504875 0.323822
vt 0.465613 0.323881
vt 0.423760 0.269666
vt 0.463022 0.269725
vt 0.463022 0.323822
vt 0.423760 0.323881
vt 0.507466 0.217299
vt 0.546727 0.217358
vt 0.546727 0.271455
vt 0.507466 0.271514
vt 0.528392 0.271482
vt 0.567654 0.271541
vt 0.567654 0.325637
vt 0.528392 0.325696
vt 0.465613 0.539622
vt 0.504875 0.539681
vt 0.504875 0.592472
vt 0.465613 0.592531
vt 0.507466 0.488212
vt 0.546727 0.488272
vt 0.546727 0.541063
vt 0.507466 0.541122
vt 0.423760 0.539322
vt 0.463022 0.539381
vt 0.463022 0.592172
vt 0.423760 0.592231
vt 0.580708 0.539244
vt 0.619970 0.539303
vt 0.619970 0.592094
vt 0.580708 0.592153
vt 0.465613 0.486713
vt 0.504875 0.486772
vt 0.504875 0.539563
vt 0.465613 0.539622
vt 0.580708 0.433520
vt 0.619970 0.433579
vt 0.619970 0.486370
vt 0.580708 0.486429
vt 0.423760 0.486413
vt 0.463022 0.486472
vt 0.463022 0.539263
vt 0.423760 0.539322
vt 0.549319 0.380658
vt 0.588580 0.380717
vt 0.588580 0.433508
vt 0.549319 0.433567
vt 0.423760 0.433503
vt 0.463022 0.433562
vt 0.463022 0.486354
vt 0.423760 0.486413
vt 0.465613 0.433804
vt 0.504875 0.433863
vt 0.504875 0.486654
vt 0.465613 0.486713
vt 0.549319 0.486382
vt 0.588580 0.486441
vt 0.588580 0.539232
vt 0.549319 0.539291
vt 0.507466 0.435303
vt 0.546727 0.435362
vt 0.546727 0.488154
vt 0.507466 0.488213
vt 0.507466 0.109955
vt 0.507466 0.054977
vt 0.547168 0.054977
vt 0.547168 0.109955
vt 0.549319 0.109955
vt 0.549319 0.054977
vt 0.589021 0.054977
vt 0.589021 0.109955
vt 0.549319 0.054977
vt 0.549319 0.000000
vt 0.589021 0.000000
vt 0.589021 0.054977
vt 0.423760 0.054977
vt 0.423760 0.000000
vt 0.463462 0.000000
vt 0.463462 0.054977
vt 0.507466 0.054977
vt 0.507466 0.000000
vt 0.547168 0.000000
vt 0.547168 0.054977
vt 0.465613 0.054977
vt 0.465613 0.000000
vt 0.505315 0.000000
vt 0.505315 0.054977
vt 0.507466 0.217299
vt 0.507466 0.163627
vt 0.547168 0.163627
vt 0.547168 0.217299
vt 0.423760 0.269666
vt 0.423760 0.215994
vt 0.463462 0.215994
vt 0.463462 0.269666
vt 0.549319 0.217299
vt 0.549319 0.163627
vt 0.589021 0.163627
vt 0.589021 0.217299
vt 0.423760 0.215994
vt 0.423760 0.162322
vt 0.463462 0.162322
vt 0.463462 0.215994
vt 0.465613 0.269666
vt 0.465613 0.215994
vt 0.505315 0.215994
vt 0.505315 0.269666
vt 0.465613 0.215994
vt 0.465613 0.162322
vt 0.505315 0.162322
vt 0.505315 0.215994
vt 0.423760 0.108650
vt 0.423760 0.054977
vt 0.463462 0.054977
vt 0.463462 0.108650
vt 0.423760 0.162322
vt 0.423760 0.108650
vt 0.463462 0.108650
vt 0.463462 0.162322
vt 0.465613 0.108650
vt 0.465613 0.054977
vt 0.505315 0.054977
vt 0.505315 0.108650
vt 0.507466 0.163627
vt 0.507466 0.109955
vt 0.547168 0.109955
vt 0.547168 0.163627
vt 0.465613 0.162322
vt 0.465613 0.108650
vt 0.505315 0.108650
vt 0.505315 0.162322
vt 0.549319 0.163627
vt 0.549319 0.109955
vt 0.589021 0.109955
vt 0.589021 0.163627
vt 0.958147 0.729477
vt 0.958147 0.784453
vt 0.957384 0.784453
vt 0.957384 0.729477
vt 0.366976 0.566181
vt 0.366976 0.621157
vt 0.366213 0.621157
vt 0.366213 0.566181
vt 0.952916 0.623396
vt 0.952916 0.678372
vt 0.952152 0.678372
vt 0.952152 0.623396
vt 0.952916 0.568419
vt 0.952916 0.623396
vt 0.952152 0.623396
vt 0.952152 0.568419
vt 0.958147 0.619525
vt 0.958147 0.674502
vt 0.957384 0.674502
vt 0.957384 0.619525
vt 0.952916 0.678372
vt 0.952916 0.733348
vt 0.952152 0.733348
vt 0.952152 0.678372
vt 0.958147 0.674502
vt 0.958147 0.729477
vt 0.957384 0.729477
vt 0.957384 0.674502
vt 0.947684 0.572230
vt 0.947684 0.627206
vt 0.946921 0.627206
vt 0.946921 0.572230
vt 0.958147 0.784453
vt 0.958147 0.839430
vt 0.957384 0.839430
vt 0.957384 0.784453
vt 0.947684 0.737158
vt 0.947684 0.792134
vt 0.946921 0.792134
vt 0.946921 0.737158
vt 0.947684 0.627206
vt 0.947684 0.682182
vt 0.946921 0.682182
vt 0.946921 0.627206
vt 0.952916 0.733348
vt 0.952916 0.788324
vt 0.952152 0.788324
vt 0.952152 0.733348
vt 0.952916 0.788324
vt 0.952916 0.843301
vt 0.952152 0.843301
vt 0.952152 0.788324
vt 0.372207 0.566181
vt 0.372207 0.621157
vt 0.371444 0.621157
vt 0.371444 0.566181
vt 0.973842 0.053671
vt 0.973842 0.107342
vt 0.973079 0.107342
vt 0.973079 0.053671
vt 0.973842 0.107342
vt 0.973842 0.161013
vt 0.973079 0.161013
vt 0.973079 0.107342
vt 0.633787 0.811974
vt 0.633787 0.865646
vt 0.633024 0.865646
vt 0.633024 0.811974
vt 0.973842 0.268356
vt 0.973842 0.322027
vt 0.973079 0.322027
vt 0.973079 0.268356
vt 0.973842 0.161013
vt 0.973842 0.214684
vt 0.973079 0.214684
vt 0.973079 0.161013
vt 0.973842 0.375698
vt 0.973842 0.429369
vt 0.973079 0.429369
vt 0.973079 0.375698
vt 0.973842 0.322027
vt 0.973842 0.375698
vt 0.973079 0.375698
vt 0.973079 0.322027
vt 0.973842 0.429369
vt 0.973842 0.483041
vt 0.973079 0.483041
vt 0.973079 0.429369
vt 0.973842 0.483041
vt 0.973842 0.536712
vt 0.973079 0.536712
vt 0.973079 0.483041
vt 0.973842 0.536712
vt 0.973842 0.590383
vt 0.973079 0.590383
vt 0.973079 0.536712
vt 0.973842 0.590383
vt 0.973842 0.644054
vt 0.973079 0.644054
vt 0.973079 0.590383
vt 0.973842 0.214684
vt 0.973842 0.268356
vt 0.973079 0.268356
vt 0.973079 0.214684
vt 0.973842 0.644054
vt 0.973842 0.697726
vt 0.973079 0.697726
vt 0.973079 0.644054
vt 0.973842 0.805067
vt 0.973842 0.858737
vt 0.973079 0.858737
vt 0.973079 0.805067
vt 0.973842 0.751397
vt 0.973842 0.805067
vt 0.973079 0.805067
vt 0.973079 0.751397
vt 0.644251 0.811974
vt 0.644251 0.865645
vt 0.643488 0.865645
vt 0.643488 0.811974
vt 0.649482 0.811974
vt 0.649482 0.865645
vt 0.648719 0.865645
vt 0.648719 0.811974
vt 0.639019 0.811974
vt 0.639019 0.865645
vt 0.638256 0.865645
vt 0.638256 0.811974
vt 0.968610 0.912427
vt 0.968610 0.966097
vt 0.967847 0.966097
vt 0.967847 0.912427
vt 0.968610 0.858757
vt 0.968610 0.912427
vt 0.967847 0.912427
vt 0.967847 0.858757
vt 0.047848 0.451565
vt 0.047848 0.505235
vt 0.047084 0.505235
vt 0.047084 0.451565
vt 0.136785 0.674880
vt 0.136785 0.728553
vt 0.136022 0.728553
vt 0.136022 0.674880
vt 0.518692 0.703396
vt 0.518692 0.757069
vt 0.517929 0.757069
vt 0.517929 0.703396
vt 0.115858 0.674880
vt 0.115858 0.728553
vt 0.115095 0.728553
vt 0.115095 0.674880
vt 0.523924 0.703396
vt 0.523924 0.757069
vt 0.523161 0.757069
vt 0.523161 0.703396
vt 0.366976 0.395283
vt 0.366976 0.448953
vt 0.366213 0.448953
vt 0.366213 0.395283
vt 0.126322 0.674880
vt 0.126322 0.728553
vt 0.125559 0.728553
vt 0.125559 0.674880
vt 0.068774 0.451565
vt 0.068774 0.505235
vt 0.068011 0.505235
vt 0.068011 0.451565
vt 0.513461 0.703396
vt 0.513461 0.757069
vt 0.512698 0.757069
vt 0.512698 0.703396
vt 0.063542 0.451565
vt 0.063542 0.505235
vt 0.062779 0.505235
vt 0.062779 0.451565
vt 0.121090 0.674880
vt 0.121090 0.728553
vt 0.120327 0.728553
vt 0.120327 0.674880
vt 0.529155 0.703396
vt 0.529155 0.757069
vt 0.528392 0.757069
vt 0.528392 0.703396
vt 0.963379 0.658050
vt 0.963379 0.711723
vt 0.962616 0.711723
vt 0.962616 0.658050
vt 0.539619 0.703396
vt 0.539619 0.757069
vt 0.538856 0.757069
vt 0.538856 0.703396
vt 0.963379 0.604378
vt 0.963379 0.658050
vt 0.962616 0.658050
vt 0.962616 0.604378
vt 0.534387 0.703396
vt 0.534387 0.757069
vt 0.533624 0.757069
vt 0.533624 0.703396
vt 0.058311 0.451565
vt 0.058311 0.505235
vt 0.057548 0.505235
vt 0.057548 0.451565
vt 0.131553 0.674880
vt 0.131553 0.728553
vt 0.130790 0.728553
vt 0.130790 0.674880
vt 0.372207 0.395283
vt 0.372207 0.448953
vt 0.371444 0.448953
vt 0.371444 0.395283
vt 0.053079 0.451565
vt 0.053079 0.505235
vt 0.052316 0.505235
vt 0.052316 0.451565
vt 0.241417 0.451565
vt 0.241417 0.505235
vt 0.240654 0.505235
vt 0.240654 0.451565
vt 0.215259 0.451565
vt 0.215259 0.505235
vt 0.214496 0.505235
vt 0.214496 0.451565
vt 0.220491 0.451565
vt 0.220491 0.505235
vt 0.219728 0.505235
vt 0.219728 0.451565
vt 0.236185 0.451565
vt 0.236185 0.505235
vt 0.235422 0.505235
vt 0.235422 0.451565
vt 0.204796 0.451565
vt 0.204796 0.505235
vt 0.204033 0.505235
vt 0.204033 0.451565
vt 0.210027 0.451565
vt 0.210027 0.505235
vt 0.209264 0.505235
vt 0.209264 0.451565
vt 0.199564 0.451565
vt 0.199564 0.505235
vt 0.198801 0.505235
vt 0.198801 0.451565
vt 0.968610 0.161017
vt 0.968610 0.214689
vt 0.967847 0.214689
vt 0.967847 0.161017
vt 0.963379 0.872740
vt 0.963379 0.926412
vt 0.962616 0.926412
vt 0.962616 0.872740
vt 0.968610 0.107345
vt 0.968610 0.161017
vt 0.967847 0.161017
vt 0.967847 0.107345
vt 0.963379 0.819067
vt 0.963379 0.872740
vt 0.962616 0.872740
vt 0.962616 0.819067
vt 0.968610 0.000000
vt 0.968610 0.053672
vt 0.967847 0.053672
vt 0.967847 0.000000
vt 0.963379 0.765395
vt 0.963379 0.819067
vt 0.962616 0.819067
vt 0.962616 0.765395
vt 0.968610 0.214689
vt 0.968610 0.268361
vt 0.967847 0.268361
vt 0.967847 0.214689
vt 0.963379 0.711723
vt 0.963379 0.765395
vt 0.962616 0.765395
vt 0.962616 0.711723
vt 0.251880 0.451565
vt 0.251880 0.505235
vt 0.251117 0.505235
vt 0.251117 0.451565
vt 0.105395 0.451565
vt 0.105395 0.505235
vt 0.104632 0.505235
vt 0.104632 0.451565
vt 0.968610 0.053672
vt 0.968610 0.107345
vt 0.967847 0.107345
vt 0.967847 0.053672
vt 0.110627 0.451565
vt 0.110627 0.505235
vt 0.109864 0.505235
vt 0.109864 0.451565
vt 0.257112 0.451565
vt 0.257112 0.505235
vt 0.256349 0.505235
vt 0.256349 0.451565
vt 0.979074 0.161013
vt 0.979074 0.214685
vt 0.978311 0.214685
vt 0.978311 0.161013
vt 0.764578 0.922205
vt 0.764578 0.975878
vt 0.763815 0.975878
vt 0.763815 0.922205
vt 0.973842 0.858737
vt 0.973842 0.912410
vt 0.973079 0.912410
vt 0.973079 0.858737
vt 0.979074 0.214685
vt 0.979074 0.268357
vt 0.978311 0.268357
vt 0.978311 0.214685
vt 0.785504 0.922205
vt 0.785504 0.975876
vt 0.784741 0.975876
vt 0.784741 0.922205
vt 0.973842 0.912410
vt 0.973842 0.966082
vt 0.973079 0.966082
vt 0.973079 0.912410
vt 0.780272 0.922205
vt 0.780272 0.975876
vt 0.779509 0.975876
vt 0.779509 0.922205
vt 0.775041 0.922205
vt 0.775041 0.975876
vt 0.774278 0.975876
vt 0.774278 0.922205
vt 0.979074 0.268357
vt 0.979074 0.322027
vt 0.978311 0.322027
vt 0.978311 0.268357
vt 0.769809 0.922205
vt 0.769809 0.975876
vt 0.769046 0.975876
vt 0.769046 0.922205
vt 0.979074 0.322027
vt 0.979074 0.375698
vt 0.978311 0.375698
vt 0.978311 0.322027
vt 0.790736 0.922205
vt 0.790736 0.975876
vt 0.789973 0.975876
vt 0.789973 0.922205
vt 0.795967 0.922205
vt 0.795967 0.975876
vt 0.795204 0.975876
vt 0.795204 0.922205
vt 0.979074 0.000000
vt 0.979074 0.053670
vt 0.978311 0.053670
vt 0.978311 0.000000
vt 0.628556 0.811974
vt 0.628556 0.865645
vt 0.627793 0.865645
vt 0.627793 0.811974
vt 0.330354 0.451565
vt 0.330354 0.505235
vt 0.329591 0.505235
vt 0.329591 0.451565
vt 0.335586 0.451565
vt 0.335586 0.505235
vt 0.334823 0.505235
vt 0.334823 0.451565
vt 0.351281 0.451565
vt 0.351281 0.505235
vt 0.350518 0.505235
vt 0.350518 0.451565
vt 0.356512 0.451565
vt 0.356512 0.505235
vt 0.355749 0.505235
vt 0.355749 0.451565
vt 0.623324 0.811974
vt 0.623324 0.865645
vt 0.622561 0.865645
vt 0.622561 0.811974
vt 0.372207 0.451565
vt 0.372207 0.505235
vt 0.371444 0.505235
vt 0.371444 0.451565
vt 0.366976 0.451565
vt 0.366976 0.505235
vt 0.366213 0.505235
vt 0.366213 0.451565
vt 0.361744 0.451565
vt 0.361744 0.505235
vt 0.360981 0.505235
vt 0.360981 0.451565
vt 0.968610 0.268361
vt 0.968610 0.322034
vt 0.967847 0.322034
vt 0.967847 0.268361
vt 0.968610 0.483051
vt 0.968610 0.536723
vt 0.967847 0.536723
vt 0.967847 0.483051
vt 0.968610 0.429378
vt 0.968610 0.483051
vt 0.967847 0.483051
vt 0.967847 0.429378
vt 0.968610 0.375706
vt 0.968610 0.429378
vt 0.967847 0.429378
vt 0.967847 0.375706
vt 0.968610 0.322034
vt 0.968610 0.375706
vt 0.967847 0.375706
vt 0.967847 0.322034
vt 0.968610 0.805084
vt 0.968610 0.858757
vt 0.967847 0.858757
vt 0.967847 0.805084
vt 0.968610 0.536723
vt 0.968610 0.590395
vt 0.967847 0.590395
vt 0.967847 0.536723
vt 0.968610 0.751412
vt 0.968610 0.805084
vt 0.967847 0.805084
vt 0.967847 0.751412
vt 0.968610 0.590395
vt 0.968610 0.644068
vt 0.967847 0.644068
vt 0.967847 0.590395
vt 0.968610 0.644068
vt 0.968610 0.697740
vt 0.967847 0.697740
vt 0.967847 0.644068
vt 0.968610 0.697740
vt 0.968610 0.751412
vt 0.967847 0.751412
vt 0.967847 0.697740
vt 0.963379 0.926412
vt 0.963379 0.980084
vt 0.962616 0.980084
vt 0.962616 0.926412
vt 0.733188 0.927734
vt 0.733188 0.981407
vt 0.732425 0.981407
vt 0.732425 0.927734
vt 0.979074 0.590387
vt 0.979074 0.644059
vt 0.978311 0.644059
vt 0.978311 0.590387
vt 0.979074 0.375698
vt 0.979074 0.429370
vt 0.978311 0.429370
vt 0.978311 0.375698
vt 0.979074 0.697729
vt 0.979074 0.751399
vt 0.978311 0.751399
vt 0.978311 0.697729
vt 0.707030 0.925549
vt 0.707030 0.979219
vt 0.706267 0.979219
vt 0.706267 0.925549
vt 0.979074 0.644059
vt 0.979074 0.697729
vt 0.978311 0.697729
vt 0.978311 0.644059
vt 0.979074 0.858741
vt 0.979074 0.912411
vt 0.978311 0.912411
vt 0.978311 0.858741
vt 0.979074 0.751399
vt 0.979074 0.805069
vt 0.978311 0.805069
vt 0.978311 0.751399
vt 0.979074 0.912411
vt 0.979074 0.966081
vt 0.978311 0.966081
vt 0.978311 0.912411
vt 0.979074 0.483042
vt 0.979074 0.536714
vt 0.978311 0.536714
vt 0.978311 0.483042
vt 0.979074 0.429370
vt 0.979074 0.483042
vt 0.978311 0.483042
vt 0.978311 0.429370
vt 0.979074 0.536714
vt 0.979074 0.590387
vt 0.978311 0.590387
vt 0.978311 0.536714
vt 0.727956 0.925549
vt 0.727956 0.979222
vt 0.727193 0.979222
vt 0.727193 0.925549
vt 0.722725 0.925549
vt 0.722725 0.979222
vt 0.721962 0.979222
vt 0.721962 0.925549
vt 0.717493 0.925549
vt 0.717493 0.979222
vt 0.716730 0.979222
vt 0.716730 0.925549
vt 0.743651 0.927734
vt 0.743651 0.981405
vt 0.742888 0.981405
vt 0.742888 0.927734
vt 0.696567 0.925549
vt 0.696567 0.979219
vt 0.695804 0.979219
vt 0.695804 0.925549
vt 0.738420 0.927734
vt 0.738420 0.981405
vt 0.737657 0.981405
vt 0.737657 0.927734
vt 0.701798 0.925549
vt 0.701798 0.979219
vt 0.701035 0.979219
vt 0.701035 0.925549
vt 0.100164 0.451565
vt 0.100164 0.505235
vt 0.099401 0.505235
vt 0.099401 0.451565
vt 0.262343 0.451565
vt 0.262343 0.505235
vt 0.261580 0.505235
vt 0.261580 0.451565
vt 0.246649 0.451565
vt 0.246649 0.505235
vt 0.245886 0.505235
vt 0.245886 0.451565
vt 0.094932 0.451565
vt 0.094932 0.505235
vt 0.094169 0.505235
vt 0.094169 0.451565
vt 0.288501 0.451565
vt 0.288501 0.505235
vt 0.287738 0.505235
vt 0.287738 0.451565
vt 0.283270 0.451565
vt 0.283270 0.505235
vt 0.282507 0.505235
vt 0.282507 0.451565
vt 0.278038 0.451565
vt 0.278038 0.505235
vt 0.277275 0.505235
vt 0.277275 0.451565
vt 0.121090 0.451565
vt 0.121090 0.505235
vt 0.120327 0.505235
vt 0.120327 0.451565
vt 0.272807 0.451565
vt 0.272807 0.505235
vt 0.272044 0.505235
vt 0.272044 0.451565
vt 0.314659 0.451565
vt 0.314659 0.505236
vt 0.313896 0.505236
vt 0.313896 0.451565
vt 0.131553 0.451565
vt 0.131553 0.505236
vt 0.130790 0.505236
vt 0.130790 0.451565
vt 0.147248 0.451565
vt 0.147248 0.505236
vt 0.146485 0.505236
vt 0.146485 0.451565
vt 0.298965 0.451565
vt 0.298965 0.505236
vt 0.298202 0.505236
vt 0.298202 0.451565
vt 0.142016 0.451565
vt 0.142016 0.505236
vt 0.141253 0.505236
vt 0.141253 0.451565
vt 0.136785 0.451565
vt 0.136785 0.505236
vt 0.136022 0.505236
vt 0.136022 0.451565
vt 0.126322 0.451565
vt 0.126322 0.505236
vt 0.125559 0.505236
vt 0.125559 0.451565
vt 0.168174 0.451565
vt 0.168174 0.505236
vt 0.167411 0.505236
vt 0.167411 0.451565
vt 0.309428 0.451565
vt 0.309428 0.505236
vt 0.308665 0.505236
vt 0.308665 0.451565
vt 0.162943 0.451565
vt 0.162943 0.505236
vt 0.162180 0.505236
vt 0.162180 0.451565
vt 0.157711 0.451565
vt 0.157711 0.505236
vt 0.156948 0.505236
vt 0.156948 0.451565
vt 0.272807 0.395283
vt 0.272807 0.448954
vt 0.272044 0.448954
vt 0.272044 0.395283
vt 0.356512 0.395283
vt 0.356512 0.448954
vt 0.355749 0.448954
vt 0.355749 0.395283
vt 0.351281 0.395283
vt 0.351281 0.448954
vt 0.350518 0.448954
vt 0.350518 0.395283
vt 0.262343 0.395283
vt 0.262343 0.448954
vt 0.261580 0.448954
vt 0.261580 0.395283
vt 0.288501 0.395283
vt 0.288501 0.448954
vt 0.287738 0.448954
vt 0.287738 0.395283
vt 0.298965 0.395283
vt 0.298965 0.448954
vt 0.298202 0.448954
vt 0.298202 0.395283
vt 0.283270 0.395283
vt 0.283270 0.448954
vt 0.282507 0.448954
vt 0.282507 0.395283
vt 0.361744 0.395283
vt 0.361744 0.448954
vt 0.360981 0.448954
vt 0.360981 0.395283
vt 0.309428 0.395283
vt 0.309428 0.448954
vt 0.308665 0.448954
vt 0.308665 0.395283
vt 0.278038 0.395283
vt 0.278038 0.448954
vt 0.277275 0.448954
vt 0.277275 0.395283
vt 0.314659 0.395283
vt 0.314659 0.448953
vt 0.313896 0.448953
vt 0.313896 0.395283
vt 0.293733 0.395283
vt 0.293733 0.448954
vt 0.292970 0.448954
vt 0.292970 0.395283
vt 0.325123 0.395283
vt 0.325123 0.448954
vt 0.324360 0.448954
vt 0.324360 0.395283
vt 0.330354 0.395283
vt 0.330354 0.448954
vt 0.329591 0.448954
vt 0.329591 0.395283
vt 0.738420 0.872758
vt 0.738420 0.927734
vt 0.737657 0.927734
vt 0.737657 0.872758
vt 0.963379 0.109942
vt 0.963379 0.164913
vt 0.962616 0.164913
vt 0.962616 0.109942
vt 0.748883 0.872758
vt 0.748883 0.927734
vt 0.748120 0.927734
vt 0.748120 0.872758
vt 0.963379 0.164913
vt 0.963379 0.219884
vt 0.962616 0.219884
vt 0.962616 0.164913
vt 0.733188 0.872758
vt 0.733188 0.927734
vt 0.732425 0.927734
vt 0.732425 0.872758
vt 0.952916 0.843301
vt 0.952916 0.898272
vt 0.952152 0.898272
vt 0.952152 0.843301
vt 0.963379 0.494757
vt 0.963379 0.549734
vt 0.962616 0.549734
vt 0.962616 0.494757
vt 0.947684 0.902080
vt 0.947684 0.957052
vt 0.946921 0.957052
vt 0.946921 0.902080
vt 0.759346 0.872758
vt 0.759346 0.927734
vt 0.758583 0.927734
vt 0.758583 0.872758
vt 0.963379 0.054971
vt 0.963379 0.109942
vt 0.962616 0.109942
vt 0.962616 0.054971
vt 0.963379 0.274855
vt 0.963379 0.329830
vt 0.962616 0.329830
vt 0.962616 0.274855
vt 0.963379 0.219884
vt 0.963379 0.274855
vt 0.962616 0.274855
vt 0.962616 0.219884
vt 0.743651 0.872758
vt 0.743651 0.927734
vt 0.742888 0.927734
vt 0.742888 0.872758
vt 0.947684 0.847109
vt 0.947684 0.902081
vt 0.946921 0.902081
vt 0.946921 0.847109
vt 0.754114 0.872758
vt 0.754114 0.927734
vt 0.753351 0.927734
vt 0.753351 0.872758
vt 0.963379 0.000000
vt 0.963379 0.054971
vt 0.962616 0.054971
vt 0.962616 0.000000
vt 0.963379 0.439781
vt 0.963379 0.494757
vt 0.962616 0.494757
vt 0.962616 0.439781
vt 0.958147 0.839430
vt 0.958147 0.894401
vt 0.957384 0.894401
vt 0.957384 0.839430
vt 0.963379 0.329830
vt 0.963379 0.384806
vt 0.962616 0.384806
vt 0.962616 0.329830
vt 0.958147 0.894401
vt 0.958147 0.949372
vt 0.957384 0.949372
vt 0.957384 0.894401
vt 0.283270 0.566181
vt 0.283270 0.620826
vt 0.282507 0.620826
vt 0.282507 0.566181
vt 0.351281 0.566181
vt 0.351281 0.620826
vt 0.350518 0.620826
vt 0.350518 0.566181
vt 0.278038 0.566181
vt 0.278038 0.620826
vt 0.277275 0.620826
vt 0.277275 0.566181
vt 0.335586 0.566181
vt 0.335586 0.620826
vt 0.334823 0.620826
vt 0.334823 0.566181
vt 0.272807 0.566181
vt 0.272807 0.620826
vt 0.272044 0.620826
vt 0.272044 0.566181
vt 0.963379 0.549734
vt 0.963379 0.604378
vt 0.962616 0.604378
vt 0.962616 0.549734
vt 0.262343 0.566181
vt 0.262343 0.620826
vt 0.261580 0.620826
vt 0.261580 0.566181
vt 0.330354 0.566181
vt 0.330354 0.620826
vt 0.329591 0.620826
vt 0.329591 0.566181
vt 0.319891 0.566181
vt 0.319891 0.620826
vt 0.319128 0.620826
vt 0.319128 0.566181
vt 0.361744 0.566181
vt 0.361744 0.620826
vt 0.360981 0.620826
vt 0.360981 0.566181
vt 0.314659 0.566181
vt 0.314659 0.620826
vt 0.313896 0.620826
vt 0.313896 0.566181
vt 0.675640 0.593978
vt 0.675640 0.648623
vt 0.674877 0.648623
vt 0.674877 0.593978
vt 0.309428 0.566181
vt 0.309428 0.620826
vt 0.308665 0.620826
vt 0.308665 0.566181
vt 0.325123 0.566181
vt 0.325123 0.620824
vt 0.324360 0.620824
vt 0.324360 0.566181
vt 0.298965 0.566181
vt 0.298965 0.620826
vt 0.298202 0.620826
vt 0.298202 0.566181
vt 0.356512 0.566181
vt 0.356512 0.620826
vt 0.355749 0.620826
vt 0.355749 0.566181
vt 0.293733 0.566181
vt 0.293733 0.620826
vt 0.292970 0.620826
vt 0.292970 0.566181
vt 0.670409 0.593978
vt 0.670409 0.648623
vt 0.669646 0.648623
vt 0.669646 0.593978
vt 0.288501 0.566181
vt 0.288501 0.620826
vt 0.287738 0.620826
vt 0.287738 0.566181
vt 0.257112 0.566181
vt 0.257112 0.620826
vt 0.256349 0.620826
vt 0.256349 0.566181
vt 0.947684 0.682182
vt 0.947684 0.737158
vt 0.946921 0.737158
vt 0.946921 0.682182
vt 0.947684 0.792134
vt 0.947684 0.847109
vt 0.946921 0.847109
vt 0.946921 0.792134
vt 0.973842 0.697726
vt 0.973842 0.751397
vt 0.973079 0.751397
vt 0.973079 0.697726
vt 0.973842 0.000000
vt 0.973842 0.053671
vt 0.973079 0.053671
vt 0.973079 0.000000
vt 0.084469 0.451565
vt 0.084469 0.505237
vt 0.083706 0.505237
vt 0.083706 0.451565
vt 0.089700 0.451565
vt 0.089700 0.505237
vt 0.088937 0.505237
vt 0.088937 0.451565
vt 0.293733 0.451565
vt 0.293733 0.505236
vt 0.292970 0.505236
vt 0.292970 0.451565
vt 0.173406 0.451565
vt 0.173406 0.505236
vt 0.172643 0.505236
vt 0.172643 0.451565
vt 0.979074 0.053670
vt 0.979074 0.107341
vt 0.978311 0.107341
vt 0.978311 0.053670
vt 0.979074 0.107341
vt 0.979074 0.161013
vt 0.978311 0.161013
vt 0.978311 0.107341
vt 0.319891 0.451565
vt 0.319891 0.505236
vt 0.319128 0.505236
vt 0.319128 0.451565
vt 0.325123 0.451565
vt 0.325123 0.505236
vt 0.324360 0.505236
vt 0.324360 0.451565
vt 0.712262 0.925549
vt 0.712262 0.979220
vt 0.711499 0.979220
vt 0.711499 0.925549
vt 0.979074 0.805069
vt 0.979074 0.858741
vt 0.978311 0.858741
vt 0.978311 0.805069
vt 0.178638 0.451565
vt 0.178638 0.505236
vt 0.177875 0.505236
vt 0.177875 0.451565
vt 0.183869 0.451565
vt 0.183869 0.505236
vt 0.183106 0.505236
vt 0.183106 0.451565
vt 0.319891 0.395283
vt 0.319891 0.448954
vt 0.319128 0.448954
vt 0.319128 0.395283
vt 0.335586 0.395283
vt 0.335586 0.448954
vt 0.334823 0.448954
vt 0.334823 0.395283
vt 0.963379 0.384806
vt 0.963379 0.439781
vt 0.962616 0.439781
vt 0.962616 0.384806
vt 0.952916 0.898272
vt 0.952916 0.953243
vt 0.952152 0.953243
vt 0.952152 0.898272
vt 0.680872 0.593978
vt 0.680872 0.648623
vt 0.680109 0.648623
vt 0.680109 0.593978
vt 0.686104 0.593978
vt 0.686104 0.648623
vt 0.685341 0.648623
vt 0.685341 0.593978
vt 0.706267 0.164051
vt 0.706267 0.109955
vt 0.741915 0.109955
vt 0.741915 0.164051
vt 0.706267 0.000000
vt 0.741491 0.000000
vt 0.741491 0.054977
vt 0.706267 0.054977
vt 0.617330 0.648679
vt 0.652554 0.648679
vt 0.652554 0.703657
vt 0.617330 0.703657
vt 0.073243 0.674499
vt 0.108466 0.674499
vt 0.108466 0.729476
vt 0.073243 0.729476
vt 0.889373 0.105582
vt 0.923716 0.105582
vt 0.923716 0.159679
vt 0.889373 0.159679
vt 0.690572 0.593978
vt 0.725796 0.593978
vt 0.725796 0.648956
vt 0.690572 0.648956
vt 0.036621 0.674499
vt 0.071845 0.674499
vt 0.071845 0.729476
vt 0.036621 0.729476
vt 0.544087 0.648419
vt 0.579311 0.648419
vt 0.579311 0.703396
vt 0.544087 0.703396
vt 0.889373 0.429378
vt 0.923716 0.429378
vt 0.923716 0.483474
vt 0.889373 0.483474
vt 0.633024 0.000000
vt 0.669553 0.000000
vt 0.669553 0.054977
vt 0.633024 0.054977
vt 0.000000 0.111260
vt 0.000000 0.057588
vt 0.036529 0.057588
vt 0.036529 0.111260
vt 0.800436 0.917409
vt 0.800436 0.863737
vt 0.835660 0.863737
vt 0.835660 0.917409
vt 0.366213 0.808225
vt 0.366213 0.754553
vt 0.401436 0.754553
vt 0.401436 0.808225
vt 0.847520 0.375706
vt 0.847520 0.322033
vt 0.882744 0.322033
vt 0.882744 0.375706
vt 0.816131 0.161017
vt 0.816131 0.107344
vt 0.851355 0.107344
vt 0.851355 0.161017
vt 0.800436 0.756392
vt 0.800436 0.702720
vt 0.835660 0.702720
vt 0.835660 0.756392
vt 0.292970 0.890493
vt 0.292970 0.836821
vt 0.328194 0.836821
vt 0.328194 0.890493
vt 0.774278 0.216635
vt 0.774278 0.162963
vt 0.809502 0.162963
vt 0.809502 0.216635
vt 0.439455 0.915823
vt 0.439455 0.862150
vt 0.474679 0.862150
vt 0.474679 0.915823
vt 0.664414 0.326922
vt 0.664414 0.273250
vt 0.700943 0.273250
vt 0.700943 0.326922
vt 0.387139 0.167542
vt 0.387139 0.113870
vt 0.423668 0.113870
vt 0.423668 0.167542
vt 0.036621 0.890493
vt 0.036621 0.836821
vt 0.071845 0.836821
vt 0.071845 0.890493
vt 0.109864 0.783148
vt 0.109864 0.729476
vt 0.145088 0.729476
vt 0.145088 0.783148
vt 0.366213 0.861897
vt 0.366213 0.808225
vt 0.401436 0.808225
vt 0.401436 0.861897
vt 0.256349 0.836821
vt 0.256349 0.783148
vt 0.291573 0.783148
vt 0.291573 0.836821
vt 0.779509 0.323980
vt 0.779509 0.270308
vt 0.814733 0.270308
vt 0.814733 0.323980
vt 0.439455 0.862150
vt 0.439455 0.808478
vt 0.474679 0.808478
vt 0.474679 0.862150
vt 0.183106 0.783148
vt 0.183106 0.729476
vt 0.218330 0.729476
vt 0.218330 0.783148
vt 0.109864 0.890493
vt 0.109864 0.836821
vt 0.145087 0.836821
vt 0.145087 0.890493
vt 0.292970 0.674499
vt 0.292970 0.620827
vt 0.329499 0.620827
vt 0.329499 0.674499
vt 0.387139 0.448955
vt 0.387139 0.395283
vt 0.423668 0.395283
vt 0.423668 0.448955
vt 0.873678 0.697739
vt 0.873678 0.644067
vt 0.908902 0.644067
vt 0.908902 0.697739
vt 0.219728 0.783148
vt 0.219728 0.729476
vt 0.254951 0.729476
vt 0.254951 0.783148
vt 0.585940 0.865647
vt 0.585940 0.811975
vt 0.621164 0.811975
vt 0.621164 0.865647
vt 0.810899 0.214689
vt 0.810899 0.161017
vt 0.846123 0.161017
vt 0.846123 0.214689
vt 0.779509 0.541703
vt 0.779509 0.488031
vt 0.814733 0.488031
vt 0.814733 0.541703
vt 0.837057 0.699686
vt 0.837057 0.646013
vt 0.872281 0.646013
vt 0.872281 0.699686
vt 0.329591 0.783149
vt 0.329591 0.729476
vt 0.364815 0.729476
vt 0.364815 0.783149
vt 0.873678 0.590395
vt 0.873678 0.536722
vt 0.908902 0.536722
vt 0.908902 0.590395
vt 0.580708 0.699482
vt 0.580708 0.645810
vt 0.617237 0.645810
vt 0.617237 0.699482
vt 0.889373 0.105582
vt 0.889373 0.052791
vt 0.925021 0.052791
vt 0.925021 0.105582
vt 0.884142 0.214689
vt 0.884142 0.161017
vt 0.919365 0.161017
vt 0.919365 0.214689
vt 0.774278 0.380687
vt 0.774278 0.327014
vt 0.809502 0.327014
vt 0.809502 0.380687
vt 0.852752 0.483050
vt 0.852752 0.429378
vt 0.887976 0.429378
vt 0.887976 0.483050
vt 0.889373 0.536265
vt 0.889373 0.483474
vt 0.923716 0.483474
vt 0.923716 0.536265
vt 0.109864 0.836821
vt 0.109864 0.783148
vt 0.145088 0.783148
vt 0.145088 0.836821
vt 0.183106 0.890493
vt 0.183106 0.836821
vt 0.218330 0.836821
vt 0.218330 0.890493
vt 0.774278 0.434359
vt 0.774278 0.380687
vt 0.809502 0.380687
vt 0.809502 0.434359
vt 0.183106 0.943284
vt 0.183106 0.890493
vt 0.217449 0.890493
vt 0.217449 0.943284
vt 0.664414 0.539001
vt 0.664414 0.485329
vt 0.700943 0.485329
vt 0.700943 0.539001
vt 0.146485 0.674499
vt 0.146485 0.620827
vt 0.183014 0.620827
vt 0.183014 0.674499
vt 0.366212 0.915570
vt 0.366212 0.861897
vt 0.401436 0.861897
vt 0.401436 0.915570
vt 0.580708 0.808132
vt 0.580708 0.754459
vt 0.615932 0.754459
vt 0.615932 0.808132
vt 0.837057 0.860703
vt 0.837057 0.807030
vt 0.872281 0.807030
vt 0.872281 0.860703
vt 0.810899 0.377652
vt 0.810899 0.323980
vt 0.846123 0.323980
vt 0.846123 0.377652
vt 0.800436 0.702720
vt 0.800436 0.649048
vt 0.835660 0.649048
vt 0.835660 0.702720
vt 0.847520 0.214689
vt 0.847520 0.161017
vt 0.882744 0.161017
vt 0.882744 0.214689
vt 0.763815 0.707516
vt 0.763815 0.653844
vt 0.799039 0.653844
vt 0.799039 0.707516
vt 0.549319 0.915476
vt 0.549319 0.861804
vt 0.584543 0.861804
vt 0.584543 0.915476
vt 0.402834 0.699876
vt 0.402834 0.646204
vt 0.439363 0.646204
vt 0.439363 0.699876
vt 0.000000 0.223825
vt 0.000000 0.170153
vt 0.036529 0.170153
vt 0.036529 0.223825
vt 0.884142 0.429378
vt 0.884142 0.375706
vt 0.919365 0.375706
vt 0.919365 0.429378
vt 0.779509 0.053672
vt 0.779509 0.000000
vt 0.814733 0.000000
vt 0.814733 0.053672
vt 0.073242 0.890493
vt 0.073242 0.836821
vt 0.108466 0.836821
vt 0.108466 0.890493
vt 0.690572 0.865923
vt 0.690572 0.812251
vt 0.725796 0.812251
vt 0.725796 0.865923
vt 0.036621 0.836821
vt 0.036621 0.783148
vt 0.071845 0.783148
vt 0.071845 0.836821
vt 0.873678 0.912428
vt 0.873678 0.858756
vt 0.908902 0.858756
vt 0.908902 0.912428
vt 0.690572 0.812251
vt 0.690572 0.758578
vt 0.725796 0.758578
vt 0.725796 0.812251
vt 0.884142 0.375706
vt 0.884142 0.322033
vt 0.919365 0.322033
vt 0.919365 0.375706
vt 0.387139 0.280107
vt 0.387139 0.226435
vt 0.423668 0.226435
vt 0.423668 0.280107
vt 0.036621 0.674499
vt 0.036621 0.620827
vt 0.073150 0.620827
vt 0.073150 0.674499
vt 0.873678 0.644067
vt 0.873678 0.590395
vt 0.908902 0.590395
vt 0.908902 0.644067
vt 0.073242 0.783148
vt 0.073242 0.729476
vt 0.108466 0.729476
vt 0.108466 0.783148
vt 0.476076 0.865386
vt 0.476076 0.811714
vt 0.511300 0.811714
vt 0.511300 0.865386
vt 0.219728 0.836821
vt 0.219728 0.783148
vt 0.254951 0.783148
vt 0.254951 0.836821
vt 0.800436 0.595376
vt 0.800436 0.541703
vt 0.835660 0.541703
vt 0.835660 0.595376
vt 0.837057 0.646013
vt 0.837057 0.592341
vt 0.872281 0.592341
vt 0.872281 0.646013
vt 0.036621 0.783148
vt 0.036621 0.729476
vt 0.071845 0.729476
vt 0.071845 0.783148
vt 0.873678 0.751411
vt 0.873678 0.697739
vt 0.908902 0.697739
vt 0.908902 0.751411
vt 0.366213 0.699576
vt 0.366213 0.645903
vt 0.402741 0.645903
vt 0.402741 0.699576
vt 0.889373 0.052791
vt 0.889373 0.000000
vt 0.925021 0.000000
vt 0.925021 0.052791
vt 0.852752 0.322033
vt 0.852752 0.268361
vt 0.887976 0.268361
vt 0.887976 0.322033
vt 0.742888 0.492827
vt 0.742888 0.439155
vt 0.778112 0.439155
vt 0.778112 0.492827
vt 0.816131 0.053672
vt 0.816131 0.000000
vt 0.851355 0.000000
vt 0.851355 0.053672
vt 0.889373 0.321152
vt 0.889373 0.268361
vt 0.923716 0.268361
vt 0.923716 0.321152
vt 0.779509 0.107345
vt 0.779509 0.053672
vt 0.814733 0.053672
vt 0.814733 0.107345
vt 0.816131 0.538669
vt 0.816131 0.484997
vt 0.851354 0.484997
vt 0.851354 0.538669
vt 0.742888 0.162963
vt 0.742888 0.109291
vt 0.778112 0.109291
vt 0.778112 0.162963
vt 0.695804 0.925549
vt 0.695804 0.872758
vt 0.730146 0.872758
vt 0.730146 0.925549
vt 0.256349 0.674499
vt 0.256349 0.620827
vt 0.292878 0.620827
vt 0.292878 0.674499
vt 0.387139 0.562825
vt 0.387139 0.507848
vt 0.423668 0.507848
vt 0.423668 0.562825
vt 0.439455 0.754806
vt 0.439455 0.699829
vt 0.474679 0.699829
vt 0.474679 0.754806
vt 0.669646 0.109955
vt 0.669646 0.054977
vt 0.704870 0.054977
vt 0.704870 0.109955
vt 0.701035 0.219909
vt 0.701035 0.164932
vt 0.736259 0.164932
vt 0.736259 0.219909
vt 0.146485 0.729476
vt 0.146485 0.674499
vt 0.181709 0.674499
vt 0.181709 0.729476
vt 0.183106 0.729476
vt 0.183106 0.674499
vt 0.218330 0.674499
vt 0.218330 0.729476
vt 0.701035 0.436877
vt 0.701035 0.381900
vt 0.736259 0.381900
vt 0.736259 0.436877
vt 0.669646 0.054977
vt 0.669646 0.000000
vt 0.704870 0.000000
vt 0.704870 0.054977
vt 0.706267 0.546832
vt 0.706267 0.491854
vt 0.741491 0.491854
vt 0.741491 0.546832
vt 0.633024 0.109955
vt 0.633024 0.054977
vt 0.669553 0.054977
vt 0.669553 0.109955
vt 0.423668 0.000000
vt 0.423668 0.054645
vt 0.387139 0.054645
vt 0.387139 0.000000
vt 0.778112 0.054645
vt 0.778112 0.109291
vt 0.742888 0.109291
vt 0.742888 0.054645
vt 0.579311 0.703396
vt 0.579311 0.758042
vt 0.544087 0.758042
vt 0.544087 0.703396
vt 0.762417 0.710768
vt 0.762417 0.765414
vt 0.727193 0.765414
vt 0.727193 0.710768
vt 0.762417 0.601477
vt 0.762417 0.656123
vt 0.727193 0.656123
vt 0.727193 0.601477
vt 0.725796 0.703933
vt 0.725796 0.758578
vt 0.690572 0.758578
vt 0.690572 0.703933
vt 0.772880 0.164051
vt 0.772880 0.218697
vt 0.737657 0.218697
vt 0.737657 0.164051
vt 0.438058 0.699876
vt 0.438058 0.754521
vt 0.402834 0.754521
vt 0.402834 0.699876
vt 0.772880 0.329864
vt 0.772880 0.384510
vt 0.737657 0.384510
vt 0.737657 0.329864
vt 0.669553 0.540362
vt 0.669553 0.595007
vt 0.633024 0.595007
vt 0.633024 0.540362
vt 0.524765 0.378826
vt 0.486539 0.378826
vt 0.486539 0.323849
vt 0.524765 0.323849
vt 0.535229 0.646156
vt 0.497003 0.646156
vt 0.497003 0.592484
vt 0.535229 0.592484
vt 0.629398 0.107345
vt 0.591172 0.107345
vt 0.591172 0.053672
vt 0.629398 0.053672
vt 0.629398 0.214689
vt 0.591172 0.214689
vt 0.591172 0.161017
vt 0.629398 0.161017
vt 0.577082 0.648419
vt 0.538856 0.648419
vt 0.538856 0.594747
vt 0.577082 0.594747
vt 0.425365 0.645903
vt 0.387139 0.645903
vt 0.387139 0.592231
vt 0.425365 0.592231
vt 0.660787 0.540362
vt 0.622561 0.540362
vt 0.622561 0.486689
vt 0.660787 0.486689
vt 0.629398 0.268361
vt 0.591172 0.268361
vt 0.591172 0.214689
vt 0.629398 0.214689
vt 0.577082 0.594747
vt 0.538856 0.594747
vt 0.538856 0.541075
vt 0.577082 0.541075
vt 0.503839 0.433804
vt 0.465613 0.433804
vt 0.465613 0.378826
vt 0.503839 0.378826
vt 0.545692 0.435303
vt 0.507466 0.435303
vt 0.507466 0.380658
vt 0.545692 0.380658
vt 0.000000 0.566181
vt 0.036529 0.566181
vt 0.036529 0.621159
vt 0.000000 0.621159
vt 0.706267 0.109955
vt 0.706267 0.054977
vt 0.741491 0.054977
vt 0.741491 0.109955
vt 0.507466 0.703396
vt 0.507466 0.648419
vt 0.542690 0.648419
vt 0.542690 0.703396
vt 0.219728 0.729476
vt 0.219728 0.674499
vt 0.254951 0.674499
vt 0.254951 0.729476
vt 0.256349 0.729476
vt 0.256349 0.674499
vt 0.291573 0.674499
vt 0.291573 0.729476
vt 0.669646 0.593978
vt 0.669646 0.539001
vt 0.704870 0.539001
vt 0.704870 0.593978
vt 0.329591 0.729476
vt 0.329591 0.674499
vt 0.364815 0.674499
vt 0.364815 0.729476
vt 0.653951 0.703657
vt 0.653951 0.648679
vt 0.689175 0.648679
vt 0.689175 0.703657
vt 0.706267 0.329864
vt 0.706267 0.274887
vt 0.741491 0.274887
vt 0.741491 0.329864
vt 0.627793 0.377011
vt 0.627793 0.322033
vt 0.664322 0.322033
vt 0.664322 0.377011
vt 0.183106 0.620827
vt 0.219635 0.620827
vt 0.219635 0.674499
vt 0.183106 0.674499
vt 0.476076 0.865386
vt 0.511300 0.865386
vt 0.511300 0.919059
vt 0.476076 0.919059
vt 0.439455 0.754806
vt 0.474679 0.754806
vt 0.474679 0.808478
vt 0.439455 0.808478
vt 0.847520 0.214689
vt 0.882744 0.214689
vt 0.882744 0.268361
vt 0.847520 0.268361
vt 0.816131 0.053672
vt 0.851355 0.053672
vt 0.851355 0.107344
vt 0.816131 0.107344
vt 0.800436 0.756392
vt 0.835660 0.756392
vt 0.835660 0.810065
vt 0.800436 0.810065
vt 0.852752 0.483050
vt 0.887976 0.483050
vt 0.887976 0.536722
vt 0.852752 0.536722
vt 0.774278 0.216635
vt 0.809502 0.216635
vt 0.809502 0.270308
vt 0.774278 0.270308
vt 0.512698 0.865386
vt 0.547921 0.865386
vt 0.547921 0.919059
vt 0.512698 0.919059
vt 0.387139 0.451565
vt 0.423668 0.451565
vt 0.423668 0.505237
vt 0.387139 0.505237
vt 0.633024 0.595007
vt 0.669553 0.595007
vt 0.669553 0.648679
vt 0.633024 0.648679
vt 0.329591 0.836821
vt 0.364815 0.836821
vt 0.364815 0.890493
vt 0.329591 0.890493
vt 0.292970 0.729476
vt 0.328194 0.729476
vt 0.328194 0.783148
vt 0.292970 0.783148
vt 0.402834 0.808193
vt 0.438058 0.808193
vt 0.438058 0.861866
vt 0.402834 0.861866
vt 0.073242 0.783148
vt 0.108466 0.783148
vt 0.108466 0.836821
vt 0.073242 0.836821
vt 0.779509 0.434359
vt 0.814733 0.434359
vt 0.814733 0.488031
vt 0.779509 0.488031
vt 0.800436 0.810065
vt 0.835660 0.810065
vt 0.835660 0.863737
vt 0.800436 0.863737
vt 0.146485 0.729476
vt 0.181709 0.729476
vt 0.181709 0.783148
vt 0.146485 0.783148
vt 0.219728 0.836821
vt 0.254951 0.836821
vt 0.254951 0.890493
vt 0.219728 0.890493
vt 0.329591 0.620827
vt 0.366120 0.620827
vt 0.366120 0.674499
vt 0.329591 0.674499
vt 0.000000 0.339000
vt 0.036529 0.339000
vt 0.036529 0.392672
vt 0.000000 0.392672
vt 0.873678 0.751411
vt 0.908902 0.751411
vt 0.908902 0.805084
vt 0.873678 0.805084
vt 0.256349 0.729476
vt 0.291573 0.729476
vt 0.291573 0.783148
vt 0.256349 0.783148
vt 0.653951 0.811974
vt 0.689175 0.811974
vt 0.689175 0.865647
vt 0.653951 0.865647
vt 0.000000 0.783480
vt 0.035224 0.783480
vt 0.035224 0.837153
vt 0.000000 0.837153
vt 0.727193 0.765414
vt 0.762417 0.765414
vt 0.762417 0.819086
vt 0.727193 0.819086
vt 0.837057 0.538669
vt 0.872281 0.538669
vt 0.872281 0.592341
vt 0.837057 0.592341
vt 0.000000 0.729808
vt 0.035224 0.729808
vt 0.035224 0.783480
vt 0.000000 0.783480
vt 0.000000 0.282718
vt 0.035224 0.282718
vt 0.035224 0.336390
vt 0.000000 0.336390
vt 0.000000 0.621159
vt 0.036529 0.621159
vt 0.036529 0.674831
vt 0.000000 0.674831
vt 0.000000 0.451565
vt 0.036529 0.451565
vt 0.036529 0.505237
vt 0.000000 0.505237
vt 0.622561 0.865647
vt 0.657785 0.865647
vt 0.657785 0.919319
vt 0.622561 0.919319
vt 0.476076 0.758042
vt 0.511300 0.758042
vt 0.511300 0.811714
vt 0.476076 0.811714
vt 0.852752 0.107344
vt 0.887976 0.107344
vt 0.887976 0.161017
vt 0.852752 0.161017
vt 0.816131 0.431324
vt 0.851355 0.431324
vt 0.851355 0.484997
vt 0.816131 0.484997
vt 0.292970 0.783148
vt 0.328194 0.783148
vt 0.328194 0.836821
vt 0.292970 0.836821
vt 0.146485 0.836821
vt 0.181709 0.836821
vt 0.181709 0.890493
vt 0.146485 0.890493
vt 0.512698 0.758042
vt 0.547921 0.758042
vt 0.547921 0.811714
vt 0.512698 0.811714
vt 0.585940 0.865647
vt 0.621164 0.865647
vt 0.621164 0.919319
vt 0.585940 0.919319
vt 0.664414 0.431656
vt 0.700943 0.431656
vt 0.700943 0.485329
vt 0.664414 0.485329
vt 0.109864 0.620827
vt 0.146393 0.620827
vt 0.146393 0.674499
vt 0.109864 0.674499
vt 0.402834 0.861866
vt 0.438058 0.861866
vt 0.438058 0.915538
vt 0.402834 0.915538
vt 0.402834 0.754521
vt 0.438058 0.754521
vt 0.438058 0.808193
vt 0.402834 0.808193
vt 0.837057 0.753358
vt 0.872281 0.753358
vt 0.872281 0.807030
vt 0.837057 0.807030
vt 0.810899 0.214689
vt 0.846123 0.214689
vt 0.846123 0.268361
vt 0.810899 0.268361
vt 0.800436 0.595376
vt 0.835660 0.595376
vt 0.835660 0.649048
vt 0.800436 0.649048
vt 0.727193 0.819086
vt 0.762417 0.819086
vt 0.762417 0.872758
vt 0.727193 0.872758
vt 0.763815 0.707516
vt 0.799039 0.707516
vt 0.799039 0.761189
vt 0.763815 0.761189
vt 0.837057 0.860702
vt 0.872281 0.860702
vt 0.872281 0.914375
vt 0.837057 0.914375
vt 0.664414 0.219578
vt 0.700943 0.219578
vt 0.700943 0.273250
vt 0.664414 0.273250
vt 0.387139 0.057588
vt 0.423668 0.057588
vt 0.423668 0.111260
vt 0.387139 0.111260
vt 0.659182 0.865923
vt 0.694406 0.865923
vt 0.694406 0.919595
vt 0.659182 0.919595
vt 0.653951 0.758302
vt 0.689175 0.758302
vt 0.689175 0.811974
vt 0.653951 0.811974
vt 0.256349 0.836821
vt 0.291573 0.836821
vt 0.291573 0.890493
vt 0.256349 0.890493
vt 0.763815 0.814861
vt 0.799038 0.814861
vt 0.799038 0.868533
vt 0.763815 0.868533
vt 0.387139 0.170153
vt 0.422363 0.170153
vt 0.422363 0.223825
vt 0.387139 0.223825
vt 0.873678 0.805084
vt 0.908902 0.805084
vt 0.908902 0.858756
vt 0.873678 0.858756
vt 0.617330 0.758302
vt 0.652554 0.758302
vt 0.652554 0.811974
vt 0.617330 0.811974
vt 0.763815 0.868533
vt 0.799038 0.868533
vt 0.799038 0.922205
vt 0.763815 0.922205
vt 0.000000 0.226435
vt 0.036529 0.226435
vt 0.036529 0.280107
vt 0.000000 0.280107
vt 0.073242 0.620827
vt 0.109771 0.620827
vt 0.109771 0.674499
vt 0.073242 0.674499
vt 0.000000 0.837153
vt 0.035224 0.837153
vt 0.035224 0.890825
vt 0.000000 0.890825
vt 0.763815 0.600172
vt 0.799039 0.600172
vt 0.799039 0.653844
vt 0.763815 0.653844
vt 0.512698 0.811714
vt 0.547921 0.811714
vt 0.547921 0.865386
vt 0.512698 0.865386
vt 0.329591 0.783149
vt 0.364815 0.783149
vt 0.364815 0.836821
vt 0.329591 0.836821
vt 0.763815 0.761189
vt 0.799039 0.761189
vt 0.799039 0.814861
vt 0.763815 0.814861
vt 0.837057 0.699686
vt 0.872281 0.699686
vt 0.872281 0.753358
vt 0.837057 0.753358
vt 0.763815 0.546500
vt 0.799039 0.546500
vt 0.799039 0.600172
vt 0.763815 0.600172
vt 0.387139 0.282718
vt 0.422363 0.282718
vt 0.422363 0.336390
vt 0.387139 0.336390
vt 0.470845 0.646156
vt 0.507374 0.646156
vt 0.507374 0.699829
vt 0.470845 0.699829
vt 0.000000 0.113870
vt 0.036529 0.113870
vt 0.036529 0.167542
vt 0.000000 0.167542
vt 0.852752 0.000000
vt 0.887976 0.000000
vt 0.887976 0.053672
vt 0.852752 0.053672
vt 0.742888 0.492827
vt 0.778112 0.492827
vt 0.778112 0.546500
vt 0.742888 0.546500
vt 0.810899 0.377652
vt 0.846123 0.377652
vt 0.846123 0.431324
vt 0.810899 0.431324
vt 0.183106 0.783148
vt 0.218330 0.783148
vt 0.218330 0.836821
vt 0.183106 0.836821
vt 0.779510 0.107345
vt 0.814733 0.107345
vt 0.814733 0.161017
vt 0.779510 0.161017
vt 0.549319 0.808132
vt 0.584543 0.808132
vt 0.584543 0.861804
vt 0.549319 0.861804
vt 0.742888 0.273342
vt 0.778112 0.273342
vt 0.778112 0.327014
vt 0.742888 0.327014
vt 0.847520 0.375706
vt 0.882744 0.375706
vt 0.882744 0.429378
vt 0.847520 0.429378
vt 0.219728 0.620827
vt 0.256256 0.620827
vt 0.256256 0.674499
vt 0.219728 0.674499
vt 0.000000 0.000000
vt 0.036529 0.000000
vt 0.036529 0.054977
vt 0.000000 0.054977
vt 0.366213 0.699576
vt 0.401436 0.699576
vt 0.401436 0.754553
vt 0.366213 0.754553
vt 0.669646 0.326922
vt 0.704870 0.326922
vt 0.704870 0.381900
vt 0.669646 0.381900
vt 0.000000 0.674831
vt 0.035224 0.674831
vt 0.035224 0.729808
vt 0.000000 0.729808
vt 0.292970 0.674499
vt 0.328194 0.674499
vt 0.328194 0.729476
vt 0.292970 0.729476
vt 0.690572 0.648956
vt 0.725796 0.648956
vt 0.725796 0.703933
vt 0.690572 0.703933
vt 0.701035 0.219909
vt 0.736259 0.219909
vt 0.736259 0.274887
vt 0.701035 0.274887
vt 0.669646 0.109955
vt 0.704870 0.109955
vt 0.704870 0.164932
vt 0.669646 0.164932
vt 0.580708 0.699482
vt 0.615932 0.699482
vt 0.615932 0.754459
vt 0.580708 0.754459
vt 0.633024 0.109955
vt 0.669553 0.109955
vt 0.669553 0.164932
vt 0.633024 0.164932
vt 0.669553 0.219578
vt 0.633024 0.219578
vt 0.633024 0.164932
vt 0.669553 0.164932
vt 0.772880 0.439155
vt 0.737657 0.439155
vt 0.737657 0.384510
vt 0.772880 0.384510
vt 0.511300 0.758042
vt 0.476076 0.758042
vt 0.476076 0.703396
vt 0.511300 0.703396
vt 0.762417 0.710768
vt 0.727193 0.710768
vt 0.727193 0.656123
vt 0.762417 0.656123
vt 0.762417 0.601477
vt 0.727193 0.601477
vt 0.727193 0.546832
vt 0.762417 0.546832
vt 0.689175 0.758302
vt 0.653951 0.758302
vt 0.653951 0.703657
vt 0.689175 0.703657
vt 0.772880 0.273342
vt 0.737657 0.273342
vt 0.737657 0.218697
vt 0.772880 0.218697
vt 0.652553 0.758302
vt 0.617330 0.758302
vt 0.617330 0.703657
vt 0.652553 0.703657
vt 0.778112 0.054645
vt 0.742888 0.054645
vt 0.742888 0.000000
vt 0.778112 0.000000
vt 0.669553 0.431656
vt 0.633024 0.431656
vt 0.633024 0.377011
vt 0.669553 0.377011
vt 0.461986 0.323881
vt 0.461986 0.378858
vt 0.423760 0.378858
vt 0.423760 0.323881
vt 0.467218 0.592531
vt 0.467218 0.646204
vt 0.428992 0.646204
vt 0.428992 0.592531
vt 0.629398 0.000000
vt 0.629398 0.053672
vt 0.591172 0.053672
vt 0.591172 0.000000
vt 0.629398 0.379345
vt 0.629398 0.433017
vt 0.591172 0.433017
vt 0.591172 0.379345
vt 0.660787 0.268361
vt 0.660787 0.322033
vt 0.622561 0.322033
vt 0.622561 0.268361
vt 0.629398 0.592137
vt 0.629398 0.645810
vt 0.591172 0.645810
vt 0.591172 0.592137
vt 0.660787 0.433017
vt 0.660787 0.486689
vt 0.622561 0.486689
vt 0.622561 0.433017
vt 0.629398 0.107345
vt 0.629398 0.161017
vt 0.591172 0.161017
vt 0.591172 0.107345
vt 0.624166 0.325673
vt 0.624166 0.379345
vt 0.585940 0.379345
vt 0.585940 0.325673
vt 0.582313 0.325681
vt 0.582313 0.380658
vt 0.544087 0.380658
vt 0.544087 0.325681
vt 0.461986 0.378858
vt 0.461986 0.433503
vt 0.423760 0.433503
vt 0.423760 0.378858
vt 0.036529 0.562825
vt 0.000000 0.562825
vt 0.000381 0.562444
vt 0.036147 0.562444
vt 0.000000 0.507848
vt 0.000381 0.508229
vt 0.036529 0.507848
vt 0.036147 0.508229
vt 0.109864 0.729476
vt 0.109864 0.674499
vt 0.110245 0.674880
vt 0.110245 0.729095
vt 0.145088 0.674499
vt 0.144706 0.674880
vt 0.145088 0.729476
vt 0.144706 0.729095
vt 0.701035 0.491854
vt 0.701035 0.436877
vt 0.701417 0.437258
vt 0.701417 0.491473
vt 0.736259 0.436877
vt 0.735878 0.437258
vt 0.736259 0.491854
vt 0.735878 0.491473
vt 0.423668 0.392672
vt 0.387139 0.392672
vt 0.387520 0.392291
vt 0.423286 0.392291
vt 0.387139 0.339000
vt 0.387520 0.339382
vt 0.423668 0.339000
vt 0.423286 0.339382
vt 0.851355 0.322033
vt 0.816131 0.322033
vt 0.816512 0.321652
vt 0.850973 0.321652
vt 0.816131 0.268361
vt 0.816512 0.268743
vt 0.851355 0.268361
vt 0.850973 0.268743
vt 0.919365 0.268361
vt 0.884142 0.268361
vt 0.884523 0.267980
vt 0.918984 0.267980
vt 0.884142 0.214689
vt 0.884523 0.215070
vt 0.919365 0.214689
vt 0.918984 0.215070
vt 0.036529 0.448955
vt 0.000000 0.448955
vt 0.000382 0.448573
vt 0.036147 0.448573
vt 0.000000 0.395283
vt 0.000382 0.395664
vt 0.036529 0.395283
vt 0.036147 0.395664
vt 0.181709 0.836821
vt 0.146485 0.836821
vt 0.146867 0.836439
vt 0.181327 0.836439
vt 0.146485 0.783148
vt 0.146867 0.783530
vt 0.181709 0.783148
vt 0.181327 0.783530
vt 0.887976 0.107344
vt 0.852752 0.107344
vt 0.853133 0.106963
vt 0.887594 0.106963
vt 0.852752 0.053672
vt 0.853133 0.054054
vt 0.887976 0.053672
vt 0.887594 0.054054
vt 0.329591 0.929755
vt 0.329650 0.890493
vt 0.365298 0.890493
vt 0.365357 0.929755
vt 0.035766 0.890825
vt 0.035707 0.930086
vt 0.000059 0.930086
vt 0.000000 0.890825
vt 0.920763 0.360414
vt 0.920822 0.321152
vt 0.955165 0.321152
vt 0.955224 0.360414
vt 0.834897 0.917409
vt 0.834838 0.956671
vt 0.800495 0.956671
vt 0.800436 0.917409
vt 0.925994 0.039262
vt 0.926053 0.000000
vt 0.960396 0.000000
vt 0.960455 0.039262
vt 0.510537 0.919059
vt 0.510478 0.958320
vt 0.476135 0.958320
vt 0.476076 0.919059
vt 0.910300 0.654050
vt 0.910359 0.614788
vt 0.946007 0.614788
vt 0.946066 0.654050
vt 0.946066 0.575527
vt 0.946007 0.614788
vt 0.910359 0.614788
vt 0.910300 0.575527
vt 0.920763 0.238202
vt 0.920822 0.198940
vt 0.955165 0.198940
vt 0.955224 0.238202
vt 0.955224 0.159679
vt 0.955165 0.198940
vt 0.920822 0.198940
vt 0.920763 0.159679
vt 0.585940 0.958581
vt 0.585999 0.919319
vt 0.620342 0.919319
vt 0.620401 0.958581
vt 0.657022 0.919319
vt 0.656963 0.958580
vt 0.622620 0.958580
vt 0.622561 0.919319
vt 0.910300 0.575527
vt 0.910359 0.536265
vt 0.946007 0.536265
vt 0.946066 0.575527
vt 0.255493 0.890493
vt 0.255434 0.929755
vt 0.219787 0.929755
vt 0.219728 0.890493
vt 0.439455 0.955084
vt 0.439514 0.915823
vt 0.473857 0.915823
vt 0.473916 0.955084
vt 0.955224 0.360414
vt 0.955165 0.399675
vt 0.920822 0.399675
vt 0.920763 0.360414
vt 0.659182 0.958857
vt 0.659242 0.919595
vt 0.693584 0.919595
vt 0.693643 0.958857
vt 0.547158 0.919059
vt 0.547099 0.958320
vt 0.512757 0.958320
vt 0.512698 0.919059
vt 0.073242 0.890493
vt 0.109771 0.890493
vt 0.109771 0.930195
vt 0.073242 0.930195
vt 0.292878 0.930195
vt 0.256349 0.930195
vt 0.256349 0.890493
vt 0.292878 0.890493
vt 0.910300 0.733454
vt 0.945524 0.733454
vt 0.945524 0.773156
vt 0.910300 0.773156
vt 0.945524 0.733454
vt 0.910300 0.733454
vt 0.910300 0.693752
vt 0.945524 0.693752
vt 0.910300 0.892262
vt 0.945523 0.892262
vt 0.945523 0.931964
vt 0.910300 0.931964
vt 0.438057 0.955240
vt 0.402834 0.955240
vt 0.402834 0.915538
vt 0.438057 0.915538
vt 0.146485 0.890493
vt 0.183014 0.890493
vt 0.183014 0.930195
vt 0.146485 0.930195
vt 0.073150 0.930195
vt 0.036621 0.930195
vt 0.036621 0.890493
vt 0.073150 0.890493
vt 0.910300 0.773156
vt 0.945523 0.773156
vt 0.945523 0.812858
vt 0.910300 0.812858
vt 0.945523 0.852560
vt 0.910300 0.852560
vt 0.910300 0.812858
vt 0.945523 0.812858
vt 0.366213 0.915570
vt 0.401436 0.915570
vt 0.401436 0.955272
vt 0.366213 0.955272
vt 0.584543 0.955178
vt 0.549319 0.955178
vt 0.549319 0.915476
vt 0.584543 0.915476
vt 0.292970 0.890493
vt 0.329499 0.890493
vt 0.329499 0.930195
vt 0.292970 0.930195
vt 0.146393 0.930195
vt 0.109864 0.930195
vt 0.109864 0.890493
vt 0.146393 0.890493
vt 0.910300 0.654050
vt 0.945524 0.654050
vt 0.945524 0.693752
vt 0.910300 0.693752
vt 0.945524 0.892262
vt 0.910300 0.892262
vt 0.910300 0.852560
vt 0.945524 0.852560
vt 0.837057 0.914375
vt 0.872281 0.914375
vt 0.872281 0.954077
vt 0.837057 0.954077
vt 0.908902 0.952130
vt 0.873678 0.952130
vt 0.873678 0.912428
vt 0.908902 0.912428
vt 0.999237 0.880579
vt 0.999237 0.845355
vt 1.000000 0.845355
vt 1.000000 0.880579
vt 1.000000 0.563569
vt 1.000000 0.598793
vt 0.999237 0.598793
vt 0.999237 0.563569
vt 0.837057 0.989301
vt 0.837057 0.954077
vt 0.837820 0.954077
vt 0.837820 0.989301
vt 0.455913 0.955084
vt 0.455913 0.990308
vt 0.455150 0.990308
vt 0.455150 0.955084
vt 0.497003 0.993544
vt 0.497003 0.958320
vt 0.497766 0.958320
vt 0.497766 0.993544
vt 0.654714 0.958580
vt 0.654714 0.993803
vt 0.653951 0.993803
vt 0.653951 0.958580
vt 0.392371 0.990494
vt 0.392371 0.955272
vt 0.393134 0.955272
vt 0.393134 0.990494
vt 0.424523 0.955240
vt 0.424523 0.990463
vt 0.423760 0.990463
vt 0.423760 0.955240
vt 0.994005 0.105669
vt 0.994005 0.070446
vt 0.994768 0.070446
vt 0.994768 0.105669
vt 0.994768 0.105669
vt 0.994768 0.140891
vt 0.994005 0.140891
vt 0.994005 0.105669
vt 0.988774 0.951018
vt 0.988774 0.915795
vt 0.989537 0.915795
vt 0.989537 0.951018
vt 0.989537 0.457895
vt 0.989537 0.493117
vt 0.988774 0.493117
vt 0.988774 0.457895
vt 0.957384 0.985900
vt 0.957384 0.949372
vt 0.958147 0.949372
vt 0.958147 0.985900
vt 0.984305 0.657505
vt 0.984305 0.694034
vt 0.983542 0.694034
vt 0.983542 0.657505
vt 0.983542 0.073057
vt 0.983542 0.036529
vt 0.984305 0.036529
vt 0.984305 0.073057
vt 0.204796 0.943284
vt 0.204796 0.979812
vt 0.204033 0.979812
vt 0.204033 0.943284
vt 0.994005 0.880571
vt 0.994005 0.845349
vt 0.994768 0.845349
vt 0.994768 0.880571
vt 1.000000 0.634017
vt 1.000000 0.669239
vt 0.999237 0.669239
vt 0.999237 0.634017
vt 0.842289 0.989301
vt 0.842289 0.954077
vt 0.843052 0.954077
vt 0.843052 0.989301
vt 0.989537 0.352226
vt 0.989537 0.387449
vt 0.988774 0.387449
vt 0.988774 0.352226
vt 0.502234 0.993544
vt 0.502234 0.958320
vt 0.502997 0.958320
vt 0.502997 0.993544
vt 0.665177 0.958857
vt 0.665177 0.994080
vt 0.664414 0.994080
vt 0.664414 0.958857
vt 0.538856 0.993544
vt 0.538856 0.958320
vt 0.539619 0.958320
vt 0.539619 0.993544
vt 0.822125 0.956671
vt 0.822125 0.991895
vt 0.821362 0.991895
vt 0.821362 0.956671
vt 0.570245 0.990402
vt 0.570245 0.955178
vt 0.571008 0.955178
vt 0.571008 0.990402
vt 0.471608 0.955084
vt 0.471608 0.990308
vt 0.470845 0.990308
vt 0.470845 0.955084
vt 0.690572 0.994080
vt 0.690572 0.958857
vt 0.691335 0.958857
vt 0.691335 0.994080
vt 0.670409 0.958857
vt 0.670409 0.994080
vt 0.669646 0.994080
vt 0.669646 0.958857
vt 0.847520 0.989301
vt 0.847520 0.954077
vt 0.848283 0.954077
vt 0.848283 0.989301
vt 0.905831 0.952130
vt 0.905831 0.987354
vt 0.905068 0.987354
vt 0.905068 0.952130
vt 0.999237 0.739686
vt 0.999237 0.704462
vt 1.000000 0.704462
vt 1.000000 0.739686
vt 1.000000 0.493122
vt 1.000000 0.528346
vt 0.999237 0.528346
vt 0.999237 0.493122
vt 0.889373 0.988659
vt 0.889373 0.952130
vt 0.890136 0.952130
vt 0.890136 0.988659
vt 0.984305 0.547922
vt 0.984305 0.584449
vt 0.983542 0.584449
vt 0.983542 0.547922
vt 0.209264 0.979813
vt 0.209264 0.943284
vt 0.210027 0.943284
vt 0.210027 0.979813
vt 0.984305 0.146112
vt 0.984305 0.182639
vt 0.983542 0.182639
vt 0.983542 0.146112
vt 0.994005 0.951017
vt 0.994005 0.915794
vt 0.994768 0.915794
vt 0.994768 0.951017
vt 0.994768 0.598788
vt 0.994768 0.634011
vt 0.994005 0.634011
vt 0.994005 0.598788
vt 0.988774 0.140890
vt 0.988774 0.105668
vt 0.989537 0.105668
vt 0.989537 0.140890
vt 0.989537 0.246559
vt 0.989537 0.281781
vt 0.988774 0.281781
vt 0.988774 0.246559
vt 0.601635 0.993803
vt 0.601635 0.958581
vt 0.602398 0.958581
vt 0.602398 0.993803
vt 0.597166 0.958581
vt 0.597166 0.993803
vt 0.596403 0.993803
vt 0.596403 0.958581
vt 0.544087 0.993543
vt 0.544087 0.958320
vt 0.544850 0.958320
vt 0.544850 0.993543
vt 0.816894 0.956671
vt 0.816894 0.991893
vt 0.816131 0.991893
vt 0.816131 0.956671
vt 0.428992 0.990463
vt 0.428992 0.955240
vt 0.429755 0.955240
vt 0.429755 0.990463
vt 0.434986 0.955240
vt 0.434986 0.990463
vt 0.434223 0.990463
vt 0.434223 0.955240
vt 0.994005 0.176114
vt 0.994005 0.140891
vt 0.994768 0.140891
vt 0.994768 0.176114
vt 0.994768 0.563566
vt 0.994768 0.598788
vt 0.994005 0.598788
vt 0.994005 0.563566
vt 0.899836 0.987353
vt 0.899836 0.952130
vt 0.900599 0.952130
vt 0.900599 0.987353
vt 0.989537 0.317004
vt 0.989537 0.352226
vt 0.988774 0.352226
vt 0.988774 0.317004
vt 0.999237 0.951025
vt 0.999237 0.915802
vt 1.000000 0.915802
vt 1.000000 0.951025
vt 1.000000 0.810133
vt 1.000000 0.845355
vt 0.999237 0.845355
vt 0.999237 0.810133
vt 0.983542 0.547922
vt 0.983542 0.511394
vt 0.984305 0.511394
vt 0.984305 0.547922
vt 0.984305 0.840144
vt 0.984305 0.876673
vt 0.983542 0.876673
vt 0.983542 0.840144
vt 0.983542 0.146112
vt 0.983542 0.109584
vt 0.984305 0.109584
vt 0.984305 0.146112
vt 0.984305 0.255696
vt 0.984305 0.292225
vt 0.983542 0.292225
vt 0.983542 0.255696
vt 0.994005 0.915794
vt 0.994005 0.880571
vt 0.994768 0.880571
vt 0.994768 0.915794
vt 1.000000 0.669239
vt 1.000000 0.704462
vt 0.999237 0.704462
vt 0.999237 0.669239
vt 0.952152 0.988467
vt 0.952152 0.953243
vt 0.952915 0.953243
vt 0.952915 0.988467
vt 0.445450 0.955084
vt 0.445450 0.990308
vt 0.444687 0.990308
vt 0.444687 0.955084
vt 0.507466 0.993544
vt 0.507466 0.958320
vt 0.508229 0.958320
vt 0.508229 0.993544
vt 0.623324 0.958580
vt 0.623324 0.993804
vt 0.622561 0.993804
vt 0.622561 0.958580
vt 0.826594 0.991895
vt 0.826594 0.956671
vt 0.827357 0.956671
vt 0.827357 0.991895
vt 0.947684 0.957051
vt 0.947684 0.992275
vt 0.946921 0.992275
vt 0.946921 0.957051
vt 0.387139 0.990496
vt 0.387139 0.955272
vt 0.387902 0.955272
vt 0.387902 0.990496
vt 0.414060 0.955240
vt 0.414060 0.990464
vt 0.413297 0.990464
vt 0.413297 0.955240
vt 0.685341 0.994080
vt 0.685341 0.958857
vt 0.686104 0.958857
vt 0.686104 0.994080
vt 0.994768 0.422674
vt 0.994768 0.457898
vt 0.994005 0.457898
vt 0.994005 0.422674
vt 0.460381 0.990308
vt 0.460381 0.955084
vt 0.461144 0.955084
vt 0.461144 0.990308
vt 0.450681 0.955084
vt 0.450681 0.990308
vt 0.449918 0.990308
vt 0.449918 0.955084
vt 0.999237 0.634017
vt 0.999237 0.598793
vt 1.000000 0.598793
vt 1.000000 0.634017
vt 0.994768 0.634011
vt 0.994768 0.669235
vt 0.994005 0.669235
vt 0.994005 0.634011
vt 0.983542 0.803616
vt 0.983542 0.767089
vt 0.984305 0.767089
vt 0.984305 0.803616
vt 0.984305 0.949731
vt 0.984305 0.986260
vt 0.983542 0.986260
vt 0.983542 0.949731
vt 0.999237 0.915802
vt 0.999237 0.880579
vt 1.000000 0.880579
vt 1.000000 0.915802
vt 0.994768 0.669235
vt 0.994768 0.704459
vt 0.994005 0.704459
vt 0.994005 0.669235
vt 0.988774 0.070445
vt 0.988774 0.035223
vt 0.989537 0.035223
vt 0.989537 0.070445
vt 0.989537 0.493117
vt 0.989537 0.528340
vt 0.988774 0.528340
vt 0.988774 0.493117
vt 0.591172 0.993803
vt 0.591172 0.958581
vt 0.591935 0.958581
vt 0.591935 0.993803
vt 0.492534 0.958320
vt 0.492534 0.993543
vt 0.491771 0.993543
vt 0.491771 0.958320
vt 0.554550 0.990401
vt 0.554550 0.955178
vt 0.555313 0.955178
vt 0.555313 0.990401
vt 0.366976 0.955272
vt 0.366976 0.990494
vt 0.366213 0.990494
vt 0.366213 0.955272
vt 0.994005 0.211336
vt 0.994005 0.176114
vt 0.994768 0.176114
vt 0.994768 0.211336
vt 0.994768 0.211336
vt 0.994768 0.246559
vt 0.994005 0.246559
vt 0.994005 0.211336
vt 0.988774 0.986240
vt 0.988774 0.951018
vt 0.989537 0.951018
vt 0.989537 0.986240
vt 0.989537 0.176113
vt 0.989537 0.211336
vt 0.988774 0.211336
vt 0.988774 0.176113
vt 0.983542 0.840144
vt 0.983542 0.803616
vt 0.984305 0.803616
vt 0.984305 0.840144
vt 0.874441 0.952130
vt 0.874441 0.988659
vt 0.873678 0.988659
vt 0.873678 0.952130
vt 0.983542 0.328754
vt 0.983542 0.292225
vt 0.984305 0.292225
vt 0.984305 0.328754
vt 0.984305 0.328754
vt 0.984305 0.365281
vt 0.983542 0.365281
vt 0.983542 0.328754
vt 0.994005 0.810126
vt 0.994005 0.774903
vt 0.994768 0.774903
vt 0.994768 0.810126
vt 1.000000 0.774909
vt 1.000000 0.810133
vt 0.999237 0.810133
vt 0.999237 0.774909
vt 0.988774 0.105668
vt 0.988774 0.070445
vt 0.989537 0.070445
vt 0.989537 0.105668
vt 0.989537 0.281781
vt 0.989537 0.317004
vt 0.988774 0.317004
vt 0.988774 0.281781
vt 0.585940 0.993803
vt 0.585940 0.958581
vt 0.586703 0.958581
vt 0.586703 0.993803
vt 0.487302 0.958320
vt 0.487302 0.993543
vt 0.486539 0.993543
vt 0.486539 0.958320
vt 0.810899 0.991893
vt 0.810899 0.956671
vt 0.811662 0.956671
vt 0.811662 0.991893
vt 0.476839 0.958320
vt 0.476839 0.993543
vt 0.476076 0.993543
vt 0.476076 0.958320
vt 0.397602 0.990494
vt 0.397602 0.955272
vt 0.398365 0.955272
vt 0.398365 0.990494
vt 0.560545 0.955178
vt 0.560545 0.990401
vt 0.559782 0.990401
vt 0.559782 0.955178
vt 0.680109 0.994079
vt 0.680109 0.958857
vt 0.680872 0.958857
vt 0.680872 0.994079
vt 0.994768 0.528344
vt 0.994768 0.563566
vt 0.994005 0.563566
vt 0.994005 0.528344
vt 0.988774 0.422671
vt 0.988774 0.387449
vt 0.989537 0.387449
vt 0.989537 0.422671
vt 0.989537 0.211336
vt 0.989537 0.246559
vt 0.988774 0.246559
vt 0.988774 0.211336
vt 0.999237 0.035222
vt 0.999237 0.000000
vt 1.000000 0.000000
vt 1.000000 0.035222
vt 0.994768 0.704459
vt 0.994768 0.739681
vt 0.994005 0.739681
vt 0.994005 0.704459
vt 0.983542 0.949731
vt 0.983542 0.913202
vt 0.984305 0.913202
vt 0.984305 0.949731
vt 0.895368 0.952130
vt 0.895368 0.988659
vt 0.894605 0.988659
vt 0.894605 0.952130
vt 0.983542 0.036529
vt 0.983542 0.000000
vt 0.984305 0.000000
vt 0.984305 0.036529
vt 0.194332 0.943284
vt 0.194332 0.979813
vt 0.193569 0.979813
vt 0.193569 0.943284
vt 0.994005 0.986240
vt 0.994005 0.951017
vt 0.994768 0.951017
vt 0.994768 0.986240
vt 0.994768 0.739681
vt 0.994768 0.774903
vt 0.994005 0.774903
vt 0.994005 0.739681
vt 0.988774 0.035223
vt 0.988774 0.000000
vt 0.989537 0.000000
vt 0.989537 0.035223
vt 0.440218 0.955084
vt 0.440218 0.990308
vt 0.439455 0.990308
vt 0.439455 0.955084
vt 0.627793 0.993804
vt 0.627793 0.958580
vt 0.628556 0.958580
vt 0.628556 0.993804
vt 0.659945 0.958857
vt 0.659945 0.994080
vt 0.659182 0.994080
vt 0.659182 0.958857
vt 0.533624 0.993543
vt 0.533624 0.958320
vt 0.534387 0.958320
vt 0.534387 0.993543
vt 0.801199 0.956671
vt 0.801199 0.991894
vt 0.800436 0.991894
vt 0.800436 0.956671
vt 0.371444 0.990495
vt 0.371444 0.955272
vt 0.372207 0.955272
vt 0.372207 0.990495
vt 0.581471 0.955178
vt 0.581471 0.990401
vt 0.580708 0.990401
vt 0.580708 0.955178
vt 0.994005 0.493120
vt 0.994005 0.457898
vt 0.994768 0.457898
vt 0.994768 0.493120
vt 0.994768 0.000000
vt 0.994768 0.035223
vt 0.994005 0.035223
vt 0.994005 0.000000
vt 0.988774 0.739679
vt 0.988774 0.704456
vt 0.989537 0.704456
vt 0.989537 0.739679
vt 0.989537 0.422671
vt 0.989537 0.457895
vt 0.988774 0.457895
vt 0.988774 0.422671
vt 0.999237 0.105669
vt 0.999237 0.070446
vt 1.000000 0.070446
vt 1.000000 0.105669
vt 1.000000 0.035222
vt 1.000000 0.070446
vt 0.999237 0.070446
vt 0.999237 0.035222
vt 0.983542 0.913202
vt 0.983542 0.876673
vt 0.984305 0.876673
vt 0.984305 0.913202
vt 0.984305 0.401809
vt 0.984305 0.438338
vt 0.983542 0.438338
vt 0.983542 0.401809
vt 0.983542 0.219167
vt 0.983542 0.182639
vt 0.984305 0.182639
vt 0.984305 0.219167
vt 0.199564 0.943284
vt 0.199564 0.979813
vt 0.198801 0.979813
vt 0.198801 0.943284
vt 0.999237 0.281784
vt 0.999237 0.246561
vt 1.000000 0.246561
vt 1.000000 0.281784
vt 0.994768 0.810126
vt 0.994768 0.845349
vt 0.994005 0.845349
vt 0.994005 0.810126
vt 0.988774 0.704456
vt 0.988774 0.669233
vt 0.989537 0.669233
vt 0.989537 0.704456
vt 0.869210 0.954077
vt 0.869210 0.989300
vt 0.868447 0.989300
vt 0.868447 0.954077
vt 0.648719 0.993804
vt 0.648719 0.958580
vt 0.649482 0.958580
vt 0.649482 0.993804
vt 0.618093 0.958581
vt 0.618093 0.993804
vt 0.617330 0.993804
vt 0.617330 0.958581
vt 0.805668 0.991894
vt 0.805668 0.956671
vt 0.806431 0.956671
vt 0.806431 0.991894
vt 0.529155 0.958320
vt 0.529155 0.993543
vt 0.528392 0.993543
vt 0.528392 0.958320
vt 0.381907 0.990495
vt 0.381907 0.955272
vt 0.382670 0.955272
vt 0.382670 0.990495
vt 0.576240 0.955178
vt 0.576240 0.990401
vt 0.575477 0.990401
vt 0.575477 0.955178
vt 0.994005 0.281782
vt 0.994005 0.246559
vt 0.994768 0.246559
vt 0.994768 0.281782
vt 0.675640 0.958857
vt 0.675640 0.994079
vt 0.674877 0.994079
vt 0.674877 0.958857
vt 0.988774 0.810126
vt 0.988774 0.774902
vt 0.989537 0.774902
vt 0.989537 0.810126
vt 0.858747 0.954077
vt 0.858747 0.989300
vt 0.857984 0.989300
vt 0.857984 0.954077
vt 0.999237 0.774909
vt 0.999237 0.739686
vt 1.000000 0.739686
vt 1.000000 0.774909
vt 1.000000 0.176115
vt 1.000000 0.211338
vt 0.999237 0.211338
vt 0.999237 0.176115
vt 0.983542 0.730561
vt 0.983542 0.694034
vt 0.984305 0.694034
vt 0.984305 0.730561
vt 0.984305 0.474867
vt 0.984305 0.511394
vt 0.983542 0.511394
vt 0.983542 0.474867
vt 0.999237 0.246561
vt 0.999237 0.211338
vt 1.000000 0.211338
vt 1.000000 0.246561
vt 1.000000 0.140892
vt 1.000000 0.176115
vt 0.999237 0.176115
vt 0.999237 0.140892
vt 0.988774 0.669233
vt 0.988774 0.634009
vt 0.989537 0.634009
vt 0.989537 0.669233
vt 0.466376 0.955084
vt 0.466376 0.990308
vt 0.465613 0.990308
vt 0.465613 0.955084
vt 0.638256 0.993804
vt 0.638256 0.958580
vt 0.639019 0.958580
vt 0.639019 0.993804
vt 0.612861 0.958581
vt 0.612861 0.993803
vt 0.612098 0.993803
vt 0.612098 0.958581
vt 0.549319 0.990401
vt 0.549319 0.955178
vt 0.550082 0.955178
vt 0.550082 0.990401
vt 0.408828 0.955240
vt 0.408828 0.990463
vt 0.408065 0.990463
vt 0.408065 0.955240
vt 0.994005 0.528344
vt 0.994005 0.493120
vt 0.994768 0.493120
vt 0.994768 0.528344
vt 0.994768 0.387451
vt 0.994768 0.422674
vt 0.994005 0.422674
vt 0.994005 0.387451
vt 0.988774 0.774902
vt 0.988774 0.739679
vt 0.989537 0.739679
vt 0.989537 0.774902
vt 0.989537 0.845349
vt 0.989537 0.880572
vt 0.988774 0.880572
vt 0.988774 0.845349
vt 0.983542 0.767089
vt 0.983542 0.730561
vt 0.984305 0.730561
vt 0.984305 0.767089
vt 0.984305 0.620977
vt 0.984305 0.657505
vt 0.983542 0.657505
vt 0.983542 0.620977
vt 0.983542 0.109584
vt 0.983542 0.073057
vt 0.984305 0.073057
vt 0.984305 0.109584
vt 0.984305 0.365281
vt 0.984305 0.401809
vt 0.983542 0.401809
vt 0.983542 0.365281
vt 0.999237 0.352230
vt 0.999237 0.317007
vt 1.000000 0.317007
vt 1.000000 0.352230
vt 1.000000 0.105669
vt 1.000000 0.140892
vt 0.999237 0.140892
vt 0.999237 0.105669
vt 0.988774 0.598786
vt 0.988774 0.563563
vt 0.989537 0.563563
vt 0.989537 0.598786
vt 0.863978 0.954077
vt 0.863978 0.989300
vt 0.863215 0.989300
vt 0.863215 0.954077
vt 0.643488 0.993804
vt 0.643488 0.958580
vt 0.644251 0.958580
vt 0.644251 0.993804
vt 0.482071 0.958320
vt 0.482071 0.993543
vt 0.481308 0.993543
vt 0.481308 0.958320
vt 0.831826 0.991894
vt 0.831826 0.956671
vt 0.832589 0.956671
vt 0.832589 0.991894
vt 0.513461 0.958320
vt 0.513461 0.993543
vt 0.512698 0.993543
vt 0.512698 0.958320
vt 0.376676 0.990495
vt 0.376676 0.955272
vt 0.377439 0.955272
vt 0.377439 0.990495
vt 0.403597 0.955240
vt 0.403597 0.990463
vt 0.402834 0.990463
vt 0.402834 0.955240
vt 0.994005 0.352228
vt 0.994005 0.317005
vt 0.994768 0.317005
vt 0.994768 0.352228
vt 0.994768 0.035223
vt 0.994768 0.070446
vt 0.994005 0.070446
vt 0.994005 0.035223
vt 0.988774 0.845349
vt 0.988774 0.810126
vt 0.989537 0.810126
vt 0.989537 0.845349
vt 0.989537 0.880572
vt 0.989537 0.915795
vt 0.988774 0.915795
vt 0.988774 0.880572
vt 0.999237 0.457899
vt 0.999237 0.422676
vt 1.000000 0.422676
vt 1.000000 0.457899
vt 1.000000 0.528346
vt 1.000000 0.563569
vt 0.999237 0.563569
vt 0.999237 0.528346
vt 0.884142 0.988659
vt 0.884142 0.952130
vt 0.884905 0.952130
vt 0.884905 0.988659
vt 0.984305 0.584449
vt 0.984305 0.620977
vt 0.983542 0.620977
vt 0.983542 0.584449
vt 0.984305 0.219167
vt 0.984305 0.255696
vt 0.983542 0.255696
vt 0.983542 0.219167
vt 0.214496 0.979813
vt 0.214496 0.943284
vt 0.215259 0.943284
vt 0.215259 0.979813
vt 1.000000 0.457899
vt 1.000000 0.493122
vt 0.999237 0.493122
vt 0.999237 0.457899
vt 0.999237 0.317007
vt 0.999237 0.281784
vt 1.000000 0.281784
vt 1.000000 0.317007
vt 0.989537 0.140890
vt 0.989537 0.176113
vt 0.988774 0.176113
vt 0.988774 0.140890
vt 0.852752 0.989300
vt 0.852752 0.954077
vt 0.853515 0.954077
vt 0.853515 0.989300
vt 0.607629 0.958581
vt 0.607629 0.993804
vt 0.606866 0.993804
vt 0.606866 0.958581
vt 0.633024 0.993804
vt 0.633024 0.958580
vt 0.633787 0.958580
vt 0.633787 0.993804
vt 0.518692 0.958320
vt 0.518692 0.993543
vt 0.517929 0.993543
vt 0.517929 0.958320
vt 0.523161 0.993543
vt 0.523161 0.958320
vt 0.523924 0.958320
vt 0.523924 0.993543
vt 0.419292 0.955240
vt 0.419292 0.990463
vt 0.418529 0.990463
vt 0.418529 0.955240
vt 0.565014 0.990401
vt 0.565014 0.955178
vt 0.565777 0.955178
vt 0.565777 0.990401
vt 0.994768 0.352228
vt 0.994768 0.387451
vt 0.994005 0.387451
vt 0.994005 0.352228
vt 0.994005 0.317005
vt 0.994005 0.281782
vt 0.994768 0.281782
vt 0.994768 0.317005
vt 0.989537 0.598786
vt 0.989537 0.634009
vt 0.988774 0.634009
vt 0.988774 0.598786
vt 0.988774 0.563563
vt 0.988774 0.528340
vt 0.989537 0.528340
vt 0.989537 0.563563
vt 1.000000 0.352230
vt 1.000000 0.387453
vt 0.999237 0.387453
vt 0.999237 0.352230
vt 0.999237 0.422676
vt 0.999237 0.387453
vt 1.000000 0.387453
vt 1.000000 0.422676
vt 0.984305 0.438338
vt 0.984305 0.474867
vt 0.983542 0.474867
vt 0.983542 0.438338
vt 0.878910 0.988659
vt 0.878910 0.952130
vt 0.879673 0.952130
vt 0.879673 0.988659
vt 0.068774 0.930195
vt 0.068774 0.968420
vt 0.068011 0.968420
vt 0.068011 0.930195
vt 0.057548 0.968420
vt 0.057548 0.930195
vt 0.058311 0.930195
vt 0.058311 0.968420
vt 0.110627 0.930195
vt 0.110627 0.968420
vt 0.109864 0.968420
vt 0.109864 0.930195
vt 0.052316 0.968420
vt 0.052316 0.930195
vt 0.053079 0.930195
vt 0.053079 0.968420
vt 0.047847 0.930195
vt 0.047847 0.968420
vt 0.047084 0.968420
vt 0.047084 0.930195
vt 0.136022 0.968420
vt 0.136022 0.930195
vt 0.136785 0.930195
vt 0.136785 0.968420
vt 0.131553 0.930195
vt 0.131553 0.968420
vt 0.130790 0.968420
vt 0.130790 0.930195
vt 0.925995 0.970190
vt 0.925995 0.931964
vt 0.926757 0.931964
vt 0.926757 0.970190
vt 0.115858 0.930195
vt 0.115858 0.968420
vt 0.115095 0.968420
vt 0.115095 0.930195
vt 0.920763 0.970190
vt 0.920763 0.931964
vt 0.921526 0.931964
vt 0.921526 0.970190
vt 0.121090 0.930195
vt 0.121090 0.968420
vt 0.120327 0.968420
vt 0.120327 0.930195
vt 0.183106 0.981509
vt 0.183106 0.943284
vt 0.183869 0.943284
vt 0.183869 0.981509
vt 0.931989 0.931964
vt 0.931989 0.970190
vt 0.931226 0.970190
vt 0.931226 0.931964
vt 0.941689 0.970190
vt 0.941689 0.931964
vt 0.942452 0.931964
vt 0.942452 0.970190
vt 0.937221 0.931964
vt 0.937221 0.970190
vt 0.936458 0.970190
vt 0.936458 0.931964
vt 0.141253 0.968420
vt 0.141253 0.930195
vt 0.142016 0.930195
vt 0.142016 0.968420
vt 0.063542 0.930195
vt 0.063542 0.968420
vt 0.062779 0.968420
vt 0.062779 0.930195
vt 0.915531 0.970190
vt 0.915531 0.931964
vt 0.916294 0.931964
vt 0.916294 0.970190
vt 0.126322 0.930195
vt 0.126322 0.968420
vt 0.125559 0.968420
vt 0.125559 0.930195
vt 0.910300 0.970190
vt 0.910300 0.931964
vt 0.911063 0.931964
vt 0.911063 0.970190
vt 0.189101 0.943284
vt 0.189101 0.981509
vt 0.188338 0.981509
vt 0.188338 0.943284
vt 0.041853 0.968420
vt 0.041853 0.930195
vt 0.042616 0.930195
vt 0.042616 0.968420
vt 0.941689 0.297005
vt 0.941689 0.238224
vt 0.945021 0.238202
vt 0.945021 0.296982
vt 0.958205 0.274415
vt 0.958944 0.333194
vt 0.958124 0.333204
vt 0.957384 0.274425
vt 0.955484 0.098087
vt 0.955484 0.156868
vt 0.952152 0.156846
vt 0.952152 0.098065
vt 0.957384 0.098040
vt 0.958124 0.039261
vt 0.958944 0.039271
vt 0.958204 0.098051
vt 0.248333 0.043351
vt 0.247562 0.043764
vt 0.245886 0.040636
vt 0.246656 0.040223
vt 0.336500 0.043759
vt 0.337270 0.044172
vt 0.335593 0.047300
vt 0.334823 0.046887
vt 0.324360 0.097822
vt 0.324360 0.057588
vt 0.327691 0.057588
vt 0.327691 0.097822
vt 0.570245 0.473771
vt 0.570245 0.433536
vt 0.571066 0.433536
vt 0.571066 0.473771
vt 0.068011 0.040235
vt 0.068011 0.000000
vt 0.071343 0.000000
vt 0.071343 0.040235
vt 0.622561 0.580597
vt 0.622561 0.540362
vt 0.623382 0.540362
vt 0.623382 0.580597
vt 0.308665 0.040636
vt 0.309435 0.040223
vt 0.311112 0.043350
vt 0.310342 0.043763
vt 0.059225 0.040233
vt 0.059995 0.040646
vt 0.058318 0.043774
vt 0.057548 0.043361
vt 0.313896 0.040235
vt 0.313896 0.000000
vt 0.317228 0.000000
vt 0.317228 0.040235
vt 0.235422 0.969988
vt 0.235422 0.929755
vt 0.236243 0.929755
vt 0.236243 0.969988
vt 0.857984 0.094289
vt 0.857984 0.054054
vt 0.861315 0.054054
vt 0.861315 0.094289
vt 0.010463 0.435898
vt 0.010463 0.395664
vt 0.011284 0.395664
vt 0.011284 0.435898
vt 0.167411 0.047689
vt 0.168182 0.047276
vt 0.169859 0.050404
vt 0.169088 0.050817
vt 0.315573 0.047286
vt 0.316344 0.047698
vt 0.314667 0.050826
vt 0.313896 0.050413
vt 0.319128 0.097822
vt 0.319128 0.057588
vt 0.322460 0.057588
vt 0.322460 0.097822
vt 0.015695 0.970321
vt 0.015695 0.930086
vt 0.016515 0.930086
vt 0.016515 0.970321
vt 0.863215 0.094289
vt 0.863215 0.054054
vt 0.866547 0.054054
vt 0.866547 0.094289
vt 0.470845 0.632759
vt 0.470845 0.592523
vt 0.471665 0.592523
vt 0.471665 0.632759
vt 0.172643 0.040636
vt 0.173413 0.040223
vt 0.175090 0.043351
vt 0.174320 0.043764
vt 0.237099 0.040233
vt 0.237869 0.040646
vt 0.236192 0.043774
vt 0.235422 0.043361
vt 0.308665 0.097822
vt 0.308665 0.057588
vt 0.311997 0.057588
vt 0.311997 0.097822
vt 0.334823 0.969990
vt 0.334823 0.929755
vt 0.335643 0.929755
vt 0.335643 0.969990
vt 0.057548 0.040235
vt 0.057548 0.000000
vt 0.060879 0.000000
vt 0.060879 0.040235
vt 0.156948 0.970430
vt 0.156948 0.930195
vt 0.157769 0.930195
vt 0.157769 0.970430
vt 0.261580 0.047689
vt 0.262351 0.047276
vt 0.264027 0.050404
vt 0.263257 0.050817
vt 0.184783 0.043759
vt 0.185553 0.044172
vt 0.183876 0.047300
vt 0.183106 0.046887
vt 0.319128 0.040235
vt 0.319128 0.000000
vt 0.322460 0.000000
vt 0.322460 0.040235
vt 0.177875 0.970429
vt 0.177875 0.930195
vt 0.178695 0.930195
vt 0.178695 0.970429
vt 0.334823 0.040235
vt 0.334823 0.000000
vt 0.338155 0.000000
vt 0.338155 0.040235
vt 0.491771 0.632727
vt 0.491771 0.592492
vt 0.492591 0.592492
vt 0.492591 0.632727
vt 0.350518 0.040636
vt 0.351288 0.040223
vt 0.352965 0.043351
vt 0.352195 0.043764
vt 0.331268 0.040232
vt 0.332038 0.040645
vt 0.330361 0.043773
vt 0.329591 0.043360
vt 0.329591 0.040235
vt 0.329591 0.000000
vt 0.332923 0.000000
vt 0.332923 0.040235
vt 0.167411 0.823765
vt 0.167411 0.783530
vt 0.168232 0.783530
vt 0.168232 0.823765
vt 0.068011 0.097823
vt 0.068011 0.057588
vt 0.071343 0.057588
vt 0.071343 0.097823
vt 0.020926 0.435898
vt 0.020926 0.395664
vt 0.021747 0.395664
vt 0.021747 0.435898
vt 0.298202 0.040636
vt 0.298972 0.040223
vt 0.300649 0.043350
vt 0.299879 0.043763
vt 0.336500 0.040233
vt 0.337270 0.040646
vt 0.335593 0.043774
vt 0.334823 0.043361
vt 0.946921 0.297005
vt 0.946921 0.238224
vt 0.950253 0.238202
vt 0.950253 0.296982
vt 0.958204 0.391991
vt 0.958944 0.450770
vt 0.958124 0.450781
vt 0.957384 0.392002
vt 0.929326 0.039284
vt 0.929326 0.098065
vt 0.925994 0.098043
vt 0.925994 0.039261
vt 0.946921 0.458454
vt 0.947660 0.399675
vt 0.948481 0.399685
vt 0.947741 0.458464
vt 0.321575 0.046877
vt 0.320805 0.047290
vt 0.319128 0.044162
vt 0.319898 0.043749
vt 0.326037 0.043759
vt 0.326807 0.044172
vt 0.325130 0.047300
vt 0.324360 0.046887
vt 0.298202 0.040235
vt 0.298202 0.000000
vt 0.301533 0.000000
vt 0.301533 0.040235
vt 0.036621 0.970429
vt 0.036621 0.930195
vt 0.037442 0.930195
vt 0.037442 0.970429
vt 0.371444 0.040235
vt 0.371444 0.000000
vt 0.374776 0.000000
vt 0.374776 0.040235
vt 0.486539 0.632735
vt 0.486539 0.592500
vt 0.487360 0.592500
vt 0.487360 0.632735
vt 0.068011 0.044163
vt 0.068781 0.043750
vt 0.070458 0.046878
vt 0.069688 0.047290
vt 0.210941 0.043759
vt 0.211711 0.044172
vt 0.210034 0.047300
vt 0.209264 0.046887
vt 0.313896 0.097822
vt 0.313896 0.057588
vt 0.317228 0.057588
vt 0.317228 0.097822
vt 0.245886 0.969990
vt 0.245886 0.929755
vt 0.246706 0.929755
vt 0.246706 0.969990
vt 0.052316 0.040235
vt 0.052316 0.000000
vt 0.055648 0.000000
vt 0.055648 0.040235
vt 0.151717 0.970430
vt 0.151717 0.930195
vt 0.152537 0.930195
vt 0.152537 0.970430
vt 0.277275 0.044163
vt 0.278045 0.043750
vt 0.279722 0.046877
vt 0.278952 0.047290
vt 0.216173 0.043759
vt 0.216943 0.044172
vt 0.215266 0.047300
vt 0.214496 0.046887
vt 0.298202 0.097822
vt 0.298202 0.057588
vt 0.301533 0.057588
vt 0.301533 0.097822
vt 0.224959 0.969990
vt 0.224959 0.929755
vt 0.225779 0.929755
vt 0.225779 0.969990
vt 0.878910 0.094289
vt 0.878910 0.054054
vt 0.882242 0.054054
vt 0.882242 0.094289
vt 0.439455 0.686438
vt 0.439455 0.646204
vt 0.440275 0.646204
vt 0.440275 0.686438
vt 0.251117 0.040636
vt 0.251887 0.040223
vt 0.253564 0.043351
vt 0.252794 0.043764
vt 0.106309 0.043759
vt 0.107079 0.044172
vt 0.105402 0.047300
vt 0.104632 0.046887
vt 0.324360 0.040235
vt 0.324360 0.000000
vt 0.327691 0.000000
vt 0.327691 0.040235
vt 0.360981 0.969990
vt 0.360981 0.929755
vt 0.361801 0.929755
vt 0.361801 0.969990
vt 0.868447 0.094289
vt 0.868447 0.054054
vt 0.871778 0.054054
vt 0.871778 0.094289
vt 0.015695 0.435898
vt 0.015695 0.395664
vt 0.016515 0.395664
vt 0.016515 0.435898
vt 0.292970 0.040636
vt 0.293740 0.040223
vt 0.295417 0.043350
vt 0.294647 0.043763
vt 0.367889 0.040233
vt 0.368660 0.040646
vt 0.366983 0.043774
vt 0.366213 0.043361
vt 0.371444 0.097822
vt 0.371444 0.057588
vt 0.374776 0.057588
vt 0.374776 0.097822
vt 0.575477 0.473760
vt 0.575477 0.433528
vt 0.576297 0.433528
vt 0.576297 0.473760
vt 0.047084 0.040235
vt 0.047084 0.000000
vt 0.050416 0.000000
vt 0.050416 0.040235
vt 0.512698 0.581349
vt 0.512698 0.541114
vt 0.513518 0.541114
vt 0.513518 0.581349
vt 0.355749 0.047689
vt 0.356519 0.047276
vt 0.358196 0.050404
vt 0.357426 0.050817
vt 0.373121 0.043759
vt 0.373891 0.044172
vt 0.372214 0.047300
vt 0.371444 0.046887
vt 0.047084 0.154105
vt 0.047084 0.113870
vt 0.050416 0.113870
vt 0.050416 0.154105
vt 0.172643 0.823765
vt 0.172643 0.783530
vt 0.173463 0.783530
vt 0.173463 0.823765
vt 0.094169 0.040235
vt 0.094169 0.000000
vt 0.097501 0.000000
vt 0.097501 0.040235
vt 0.167411 0.970430
vt 0.167411 0.930195
vt 0.168232 0.930195
vt 0.168232 0.970430
vt 0.319128 0.040636
vt 0.319898 0.040223
vt 0.321575 0.043350
vt 0.320805 0.043763
vt 0.352195 0.047286
vt 0.352965 0.047699
vt 0.351288 0.050826
vt 0.350518 0.050413
vt 0.952152 0.297005
vt 0.952152 0.238224
vt 0.955484 0.238202
vt 0.955484 0.296982
vt 0.926815 0.458463
vt 0.927554 0.517241
vt 0.926734 0.517252
vt 0.925994 0.458473
vt 0.934558 0.039284
vt 0.934558 0.098065
vt 0.931226 0.098043
vt 0.931226 0.039261
vt 0.936458 0.458454
vt 0.937197 0.399675
vt 0.938017 0.399685
vt 0.937278 0.458464
vt 0.128006 0.046878
vt 0.127235 0.047291
vt 0.125559 0.044162
vt 0.126329 0.043750
vt 0.258026 0.040233
vt 0.258796 0.040646
vt 0.257119 0.043774
vt 0.256349 0.043361
vt 0.308665 0.040235
vt 0.308665 0.000000
vt 0.311997 0.000000
vt 0.311997 0.040235
vt 0.172643 0.970429
vt 0.172643 0.930195
vt 0.173463 0.930195
vt 0.173463 0.970429
vt 0.052316 0.097823
vt 0.052316 0.057588
vt 0.055648 0.057588
vt 0.055648 0.097823
vt 0.476076 0.632751
vt 0.476076 0.592516
vt 0.476897 0.592516
vt 0.476897 0.632751
vt 0.177875 0.044163
vt 0.178645 0.043750
vt 0.180322 0.046877
vt 0.179552 0.047290
vt 0.158625 0.043759
vt 0.159395 0.044172
vt 0.157718 0.047300
vt 0.156948 0.046887
vt 0.329591 0.097822
vt 0.329591 0.057588
vt 0.332923 0.057588
vt 0.332923 0.097822
vt 0.324360 0.970430
vt 0.324360 0.930195
vt 0.325180 0.930195
vt 0.325180 0.970430
vt 0.062779 0.040235
vt 0.062779 0.000000
vt 0.066111 0.000000
vt 0.066111 0.040235
vt 0.162180 0.970429
vt 0.162180 0.930195
vt 0.163000 0.930195
vt 0.163000 0.970429
vt 0.261580 0.044163
vt 0.262350 0.043750
vt 0.264027 0.046877
vt 0.263257 0.047290
vt 0.362658 0.043759
vt 0.363428 0.044172
vt 0.361751 0.047300
vt 0.360981 0.046887
vt 0.360981 0.097822
vt 0.360981 0.057588
vt 0.364313 0.057588
vt 0.364313 0.097822
vt 0.340054 0.969990
vt 0.340054 0.929755
vt 0.340875 0.929755
vt 0.340875 0.969990
vt 0.873678 0.094289
vt 0.873678 0.054054
vt 0.877010 0.054054
vt 0.877010 0.094289
vt 0.617330 0.526608
vt 0.617330 0.486374
vt 0.618150 0.486374
vt 0.618150 0.526608
vt 0.198801 0.040636
vt 0.199571 0.040223
vt 0.201248 0.043351
vt 0.200478 0.043764
vt 0.090614 0.043759
vt 0.091384 0.044172
vt 0.089707 0.047300
vt 0.088937 0.046887
vt 0.292970 0.040235
vt 0.292970 0.000000
vt 0.296302 0.000000
vt 0.296302 0.040235
vt 0.078474 0.970430
vt 0.078474 0.930195
vt 0.079294 0.930195
vt 0.079294 0.970430
vt 0.366213 0.040235
vt 0.366213 0.000000
vt 0.369544 0.000000
vt 0.369544 0.040235
vt 0.005232 0.435898
vt 0.005232 0.395664
vt 0.006052 0.395664
vt 0.006052 0.435898
vt 0.324360 0.040636
vt 0.325130 0.040223
vt 0.326807 0.043350
vt 0.326037 0.043763
vt 0.357426 0.040233
vt 0.358196 0.040646
vt 0.356519 0.043774
vt 0.355749 0.043361
vt 0.334823 0.097822
vt 0.334823 0.057588
vt 0.338155 0.057588
vt 0.338155 0.097822
vt 0.026158 0.435896
vt 0.026158 0.395664
vt 0.026978 0.395664
vt 0.026978 0.435896
vt 0.083706 0.040235
vt 0.083706 0.000000
vt 0.087037 0.000000
vt 0.087037 0.040235
vt 0.701035 0.532089
vt 0.701035 0.491854
vt 0.701856 0.491854
vt 0.701856 0.532089
vt 0.240654 0.047689
vt 0.241424 0.047276
vt 0.243101 0.050404
vt 0.242331 0.050817
vt 0.064456 0.043759
vt 0.065226 0.044172
vt 0.063549 0.047300
vt 0.062779 0.046887
vt 0.350518 0.097822
vt 0.350518 0.057588
vt 0.353849 0.057588
vt 0.353849 0.097822
vt 0.261580 0.970430
vt 0.261580 0.930195
vt 0.262401 0.930195
vt 0.262401 0.970430
vt 0.088937 0.040235
vt 0.088937 0.000000
vt 0.092269 0.000000
vt 0.092269 0.040235
vt 0.146485 0.970430
vt 0.146485 0.930195
vt 0.147305 0.930195
vt 0.147305 0.970430
vt 0.313896 0.040636
vt 0.314667 0.040223
vt 0.316344 0.043350
vt 0.315573 0.043763
vt 0.310342 0.047286
vt 0.311112 0.047698
vt 0.309435 0.050826
vt 0.308665 0.050413
vt 0.936458 0.297005
vt 0.936458 0.238224
vt 0.939790 0.238202
vt 0.939790 0.296982
vt 0.926815 0.399675
vt 0.927554 0.458454
vt 0.926734 0.458464
vt 0.925994 0.399685
vt 0.945021 0.098087
vt 0.945021 0.156868
vt 0.941689 0.156846
vt 0.941689 0.098065
vt 0.957384 0.156829
vt 0.958124 0.098050
vt 0.958944 0.098060
vt 0.958204 0.156839
vt 0.096616 0.043351
vt 0.095846 0.043764
vt 0.094169 0.040636
vt 0.094939 0.040223
vt 0.299879 0.043759
vt 0.300649 0.044172
vt 0.298972 0.047300
vt 0.298202 0.046887
vt 0.183106 0.097822
vt 0.183106 0.057588
vt 0.186438 0.057588
vt 0.186438 0.097822
vt 0.010463 0.970319
vt 0.010463 0.930086
vt 0.011284 0.930086
vt 0.011284 0.970319
vt 0.209264 0.040235
vt 0.209264 0.000000
vt 0.212596 0.000000
vt 0.212596 0.040235
vt 0.716730 0.587066
vt 0.716730 0.546832
vt 0.717551 0.546832
vt 0.717551 0.587066
vt 0.136022 0.047689
vt 0.136792 0.047276
vt 0.138469 0.050404
vt 0.137699 0.050817
vt 0.299879 0.047285
vt 0.300649 0.047698
vt 0.298972 0.050826
vt 0.298202 0.050413
vt 0.104632 0.097822
vt 0.104632 0.057588
vt 0.107964 0.057588
vt 0.107964 0.097822
vt 0.073243 0.970430
vt 0.073243 0.930195
vt 0.074063 0.930195
vt 0.074063 0.970430
vt 0.156948 0.040235
vt 0.156948 0.000000
vt 0.160280 0.000000
vt 0.160280 0.040235
vt 0.721962 0.587066
vt 0.721962 0.546832
vt 0.722782 0.546832
vt 0.722782 0.587066
vt 0.214496 0.040636
vt 0.215266 0.040223
vt 0.216943 0.043351
vt 0.216173 0.043764
vt 0.252794 0.043759
vt 0.253564 0.044172
vt 0.251887 0.047300
vt 0.251117 0.046887
vt 0.355749 0.097822
vt 0.355749 0.057588
vt 0.359081 0.057588
vt 0.359081 0.097822
vt 0.272044 0.970428
vt 0.272044 0.930195
vt 0.272864 0.930195
vt 0.272864 0.970428
vt 0.057548 0.097823
vt 0.057548 0.057588
vt 0.060879 0.057588
vt 0.060879 0.097823
vt 0.549319 0.798276
vt 0.549319 0.758042
vt 0.550139 0.758042
vt 0.550139 0.798276
vt 0.287738 0.047689
vt 0.288509 0.047276
vt 0.290185 0.050404
vt 0.289415 0.050817
vt 0.320805 0.047285
vt 0.321575 0.047698
vt 0.319898 0.050826
vt 0.319128 0.050413
vt 0.261580 0.097822
vt 0.261580 0.057588
vt 0.264912 0.057588
vt 0.264912 0.097822
vt 0.240654 0.969990
vt 0.240654 0.929755
vt 0.241474 0.929755
vt 0.241474 0.969990
vt 0.261580 0.040235
vt 0.261580 0.000000
vt 0.264912 0.000000
vt 0.264912 0.040235
vt 0.559782 0.798277
vt 0.559782 0.758042
vt 0.560602 0.758042
vt 0.560602 0.798277
vt 0.162180 0.040636
vt 0.162950 0.040223
vt 0.164627 0.043351
vt 0.163857 0.043764
vt 0.148162 0.040233
vt 0.148932 0.040646
vt 0.147255 0.043774
vt 0.146485 0.043361
vt 0.109864 0.097822
vt 0.109864 0.057588
vt 0.113195 0.057588
vt 0.113195 0.097822
vt 0.256349 0.970430
vt 0.256349 0.930195
vt 0.257169 0.930195
vt 0.257169 0.970430
vt 0.125559 0.040235
vt 0.125559 0.000000
vt 0.128890 0.000000
vt 0.128890 0.040235
vt 0.465613 0.686438
vt 0.465613 0.646204
vt 0.466433 0.646204
vt 0.466433 0.686438
vt 0.068011 0.040636
vt 0.068781 0.040223
vt 0.070458 0.043351
vt 0.069688 0.043764
vt 0.122004 0.043760
vt 0.122774 0.044173
vt 0.121097 0.047300
vt 0.120327 0.046887
vt 0.272044 0.097822
vt 0.272044 0.057588
vt 0.275375 0.057588
vt 0.275375 0.097822
vt 0.266812 0.970428
vt 0.266812 0.930195
vt 0.267632 0.930195
vt 0.267632 0.970428
vt 0.099401 0.040235
vt 0.099401 0.000000
vt 0.102732 0.000000
vt 0.102732 0.040235
vt 0.565014 0.473778
vt 0.565014 0.433544
vt 0.565834 0.433544
vt 0.565834 0.473778
vt 0.177875 0.047689
vt 0.178645 0.047276
vt 0.180322 0.050404
vt 0.179551 0.050817
vt 0.326037 0.047285
vt 0.326807 0.047698
vt 0.325130 0.050826
vt 0.324360 0.050413
vt 0.931226 0.156870
vt 0.931226 0.098087
vt 0.934558 0.098065
vt 0.934558 0.156847
vt 0.958204 0.333203
vt 0.958944 0.391982
vt 0.958124 0.391992
vt 0.957384 0.333213
vt 0.939790 0.039284
vt 0.939790 0.098065
vt 0.936458 0.098043
vt 0.936458 0.039261
vt 0.952152 0.458454
vt 0.952892 0.399675
vt 0.953712 0.399685
vt 0.952973 0.458465
vt 0.332038 0.046877
vt 0.331268 0.047290
vt 0.329591 0.044162
vt 0.330361 0.043749
vt 0.053993 0.040233
vt 0.054763 0.040646
vt 0.053086 0.043774
vt 0.052316 0.043361
vt 0.167411 0.097822
vt 0.167411 0.057588
vt 0.170743 0.057588
vt 0.170743 0.097822
vt 0.319128 0.970430
vt 0.319128 0.930195
vt 0.319948 0.930195
vt 0.319948 0.970430
vt 0.235422 0.040235
vt 0.235422 0.000000
vt 0.238754 0.000000
vt 0.238754 0.040235
vt 0.481308 0.632743
vt 0.481308 0.592508
vt 0.482128 0.592508
vt 0.482128 0.632743
vt 0.088937 0.040636
vt 0.089707 0.040223
vt 0.091384 0.043351
vt 0.090614 0.043764
vt 0.137699 0.040233
vt 0.138469 0.040646
vt 0.136792 0.043774
vt 0.136022 0.043361
vt 0.219728 0.097822
vt 0.219728 0.057588
vt 0.223059 0.057588
vt 0.223059 0.097822
vt 0.298202 0.970428
vt 0.298202 0.930195
vt 0.299022 0.930195
vt 0.299022 0.970428
vt 0.198801 0.040235
vt 0.198801 0.000000
vt 0.202133 0.000000
vt 0.202133 0.040235
vt 0.507466 0.581357
vt 0.507466 0.541122
vt 0.508286 0.541122
vt 0.508286 0.581357
vt 0.141253 0.047689
vt 0.142024 0.047276
vt 0.143700 0.050404
vt 0.142930 0.050817
vt 0.289415 0.040233
vt 0.290185 0.040646
vt 0.288509 0.043774
vt 0.287738 0.043361
vt 0.292970 0.097822
vt 0.292970 0.057588
vt 0.296302 0.057588
vt 0.296302 0.097822
vt 0.230191 0.969990
vt 0.230191 0.929755
vt 0.231011 0.929755
vt 0.231011 0.969990
vt 0.047084 0.097823
vt 0.047084 0.057588
vt 0.050416 0.057588
vt 0.050416 0.097823
vt 0.444687 0.686438
vt 0.444687 0.646204
vt 0.445507 0.646204
vt 0.445507 0.686438
vt 0.371444 0.040636
vt 0.372214 0.040223
vt 0.373891 0.043351
vt 0.373121 0.043764
vt 0.174320 0.043759
vt 0.175090 0.044172
vt 0.173413 0.047300
vt 0.172643 0.046887
vt 0.130790 0.097822
vt 0.130790 0.057588
vt 0.134122 0.057588
vt 0.134122 0.097822
vt 0.026158 0.970321
vt 0.026158 0.930086
vt 0.026978 0.930086
vt 0.026978 0.970321
vt 0.245886 0.040235
vt 0.245886 0.000000
vt 0.249217 0.000000
vt 0.249217 0.040235
vt 0.549319 0.473801
vt 0.549319 0.433567
vt 0.550139 0.433567
vt 0.550139 0.473801
vt 0.104632 0.040636
vt 0.105402 0.040223
vt 0.107079 0.043351
vt 0.106309 0.043764
vt 0.059225 0.043759
vt 0.059995 0.044172
vt 0.058318 0.047300
vt 0.057548 0.046887
vt 0.099401 0.097822
vt 0.099401 0.057588
vt 0.102732 0.057588
vt 0.102732 0.097822
vt 0.083706 0.970430
vt 0.083706 0.930195
vt 0.084526 0.930195
vt 0.084526 0.970430
vt 0.282507 0.040235
vt 0.282507 0.000000
vt 0.285839 0.000000
vt 0.285839 0.040235
vt 0.449918 0.686438
vt 0.449918 0.646204
vt 0.450739 0.646204
vt 0.450739 0.686438
vt 0.162180 0.044163
vt 0.162950 0.043750
vt 0.164627 0.046878
vt 0.163857 0.047290
vt 0.048761 0.043760
vt 0.049532 0.044173
vt 0.047855 0.047300
vt 0.047084 0.046888
vt 0.141253 0.097822
vt 0.141253 0.057588
vt 0.144585 0.057588
vt 0.144585 0.097822
vt 0.162180 0.823765
vt 0.162180 0.783530
vt 0.163000 0.783530
vt 0.163000 0.823765
vt 0.104632 0.040235
vt 0.104632 0.000000
vt 0.107964 0.000000
vt 0.107964 0.040235
vt 0.591172 0.526649
vt 0.591172 0.486413
vt 0.591992 0.486413
vt 0.591992 0.526649
vt 0.099401 0.040636
vt 0.100171 0.040223
vt 0.101848 0.043351
vt 0.101077 0.043764
vt 0.132467 0.040233
vt 0.133237 0.040646
vt 0.131560 0.043774
vt 0.130790 0.043361
vt 0.925994 0.297006
vt 0.925994 0.238224
vt 0.929326 0.238202
vt 0.929326 0.296984
vt 0.937278 0.458463
vt 0.938017 0.517242
vt 0.937197 0.517252
vt 0.936458 0.458474
vt 0.945021 0.039284
vt 0.945021 0.098065
vt 0.941689 0.098043
vt 0.941689 0.039261
vt 0.941689 0.458454
vt 0.942429 0.399675
vt 0.943249 0.399685
vt 0.942510 0.458465
vt 0.222175 0.046878
vt 0.221404 0.047291
vt 0.219728 0.044162
vt 0.220498 0.043750
vt 0.111541 0.040233
vt 0.112311 0.040646
vt 0.110634 0.043774
vt 0.109864 0.043361
vt 0.146485 0.097822
vt 0.146485 0.057588
vt 0.149817 0.057588
vt 0.149817 0.097822
vt 0.251117 0.969990
vt 0.251117 0.929755
vt 0.251938 0.929755
vt 0.251938 0.969990
vt 0.141253 0.040235
vt 0.141253 0.000000
vt 0.144585 0.000000
vt 0.144585 0.040235
vt 0.570245 0.798277
vt 0.570245 0.758042
vt 0.571066 0.758042
vt 0.571066 0.798277
vt 0.183106 0.040636
vt 0.183876 0.040223
vt 0.185553 0.043351
vt 0.184783 0.043764
vt 0.127236 0.040233
vt 0.128006 0.040646
vt 0.126329 0.043774
vt 0.125559 0.043361
vt 0.162180 0.097822
vt 0.162180 0.057588
vt 0.165512 0.057588
vt 0.165512 0.097822
vt 0.313896 0.970428
vt 0.313896 0.930195
vt 0.314717 0.930195
vt 0.314717 0.970428
vt 0.240654 0.040235
vt 0.240654 0.000000
vt 0.243986 0.000000
vt 0.243986 0.040235
vt 0.601635 0.526633
vt 0.601635 0.486398
vt 0.602455 0.486398
vt 0.602455 0.526633
vt 0.130790 0.047689
vt 0.131560 0.047276
vt 0.133237 0.050404
vt 0.132467 0.050817
vt 0.263257 0.040233
vt 0.264027 0.040646
vt 0.262350 0.043774
vt 0.261580 0.043361
vt 0.277275 0.097822
vt 0.277275 0.057588
vt 0.280607 0.057588
vt 0.280607 0.097822
vt 0.345286 0.969990
vt 0.345286 0.929755
vt 0.346106 0.929755
vt 0.346106 0.969990
vt 0.062779 0.097823
vt 0.062779 0.057588
vt 0.066111 0.057588
vt 0.066111 0.097823
vt 0.627793 0.580596
vt 0.627793 0.540362
vt 0.628613 0.540362
vt 0.628613 0.580596
vt 0.282507 0.040636
vt 0.283277 0.040223
vt 0.284954 0.043351
vt 0.284184 0.043764
vt 0.085383 0.043759
vt 0.086153 0.044172
vt 0.084476 0.047300
vt 0.083706 0.046887
vt 0.172643 0.097822
vt 0.172643 0.057588
vt 0.175975 0.057588
vt 0.175975 0.097822
vt 0.282507 0.970430
vt 0.282507 0.930195
vt 0.283327 0.930195
vt 0.283327 0.970430
vt 0.272044 0.040235
vt 0.272044 0.000000
vt 0.275375 0.000000
vt 0.275375 0.040235
vt 0.517929 0.581340
vt 0.517929 0.541106
vt 0.518749 0.541106
vt 0.518749 0.581340
vt 0.360981 0.040636
vt 0.361751 0.040223
vt 0.363428 0.043351
vt 0.362658 0.043764
vt 0.237099 0.043759
vt 0.237869 0.044172
vt 0.236192 0.047300
vt 0.235422 0.046887
vt 0.177875 0.097822
vt 0.177875 0.057588
vt 0.181206 0.057588
vt 0.181206 0.097822
vt 0.350518 0.969990
vt 0.350518 0.929755
vt 0.351338 0.929755
vt 0.351338 0.969990
vt 0.277275 0.040235
vt 0.277275 0.000000
vt 0.280607 0.000000
vt 0.280607 0.040235
vt 0.711499 0.587066
vt 0.711499 0.546832
vt 0.712319 0.546832
vt 0.712319 0.587066
vt 0.240654 0.044163
vt 0.241424 0.043750
vt 0.243101 0.046878
vt 0.242331 0.047290
vt 0.111541 0.043760
vt 0.112311 0.044173
vt 0.110634 0.047300
vt 0.109864 0.046887
vt 0.198801 0.097822
vt 0.198801 0.057588
vt 0.202133 0.057588
vt 0.202133 0.097822
vt 0.277275 0.970430
vt 0.277275 0.930195
vt 0.278096 0.930195
vt 0.278096 0.970430
vt 0.130790 0.040235
vt 0.130790 0.000000
vt 0.134122 0.000000
vt 0.134122 0.040235
vt 0.559782 0.473787
vt 0.559782 0.433551
vt 0.560602 0.433551
vt 0.560602 0.473787
vt 0.177875 0.040636
vt 0.178645 0.040223
vt 0.180322 0.043351
vt 0.179552 0.043764
vt 0.142930 0.040233
vt 0.143700 0.040646
vt 0.142024 0.043774
vt 0.141253 0.043361
vt 0.936458 0.156870
vt 0.936458 0.098087
vt 0.939790 0.098065
vt 0.939790 0.156847
vt 0.947741 0.458463
vt 0.948481 0.517242
vt 0.947660 0.517252
vt 0.946921 0.458474
vt 0.950253 0.098087
vt 0.950253 0.156868
vt 0.946921 0.156846
vt 0.946921 0.098065
vt 0.957384 0.509559
vt 0.958124 0.450780
vt 0.958944 0.450790
vt 0.958204 0.509569
vt 0.274491 0.046878
vt 0.273721 0.047291
vt 0.272044 0.044162
vt 0.272814 0.043750
vt 0.122004 0.040233
vt 0.122774 0.040646
vt 0.121097 0.043774
vt 0.120327 0.043361
vt 0.214496 0.097822
vt 0.214496 0.057588
vt 0.217828 0.057588
vt 0.217828 0.097822
vt 0.005232 0.970321
vt 0.005232 0.930086
vt 0.006052 0.930086
vt 0.006052 0.970321
vt 0.167411 0.040235
vt 0.167411 0.000000
vt 0.170743 0.000000
vt 0.170743 0.040235
vt 0.565014 0.798277
vt 0.565014 0.758042
vt 0.565834 0.758042
vt 0.565834 0.798277
vt 0.240654 0.040636
vt 0.241424 0.040223
vt 0.243101 0.043351
vt 0.242331 0.043764
vt 0.137699 0.043759
vt 0.138469 0.044172
vt 0.136792 0.047300
vt 0.136022 0.046887
vt 0.136022 0.097822
vt 0.136022 0.057588
vt 0.139354 0.057588
vt 0.139354 0.097822
vt 0.329591 0.969990
vt 0.329591 0.929755
vt 0.330412 0.929755
vt 0.330412 0.969990
vt 0.146485 0.040235
vt 0.146485 0.000000
vt 0.149817 0.000000
vt 0.149817 0.040235
vt 0.606866 0.526625
vt 0.606866 0.486390
vt 0.607687 0.486390
vt 0.607687 0.526625
vt 0.167411 0.044163
vt 0.168182 0.043750
vt 0.169859 0.046878
vt 0.169088 0.047290
vt 0.205710 0.043759
vt 0.206480 0.044172
vt 0.204803 0.047300
vt 0.204033 0.046887
vt 0.287738 0.097822
vt 0.287738 0.057588
vt 0.291070 0.057588
vt 0.291070 0.097822
vt 0.088937 0.970430
vt 0.088937 0.930195
vt 0.089758 0.930195
vt 0.089758 0.970430
vt 0.350518 0.040235
vt 0.350518 0.000000
vt 0.353849 0.000000
vt 0.353849 0.040235
vt 0.533624 0.581317
vt 0.533624 0.541082
vt 0.534444 0.541082
vt 0.534444 0.581317
vt 0.277275 0.047689
vt 0.278045 0.047276
vt 0.279722 0.050404
vt 0.278952 0.050817
vt 0.258026 0.043760
vt 0.258796 0.044173
vt 0.257119 0.047300
vt 0.256349 0.046887
vt 0.251117 0.097822
vt 0.251117 0.057588
vt 0.254449 0.057588
vt 0.254449 0.097822
vt 0.748120 0.967969
vt 0.748120 0.927734
vt 0.748940 0.927734
vt 0.748940 0.967969
vt 0.183106 0.040235
vt 0.183106 0.000000
vt 0.186438 0.000000
vt 0.186438 0.040235
vt 0.612098 0.526617
vt 0.612098 0.486382
vt 0.612918 0.486382
vt 0.612918 0.526617
vt 0.183106 0.047689
vt 0.183876 0.047276
vt 0.185553 0.050404
vt 0.184783 0.050817
vt 0.101077 0.043759
vt 0.101848 0.044172
vt 0.100171 0.047300
vt 0.099401 0.046887
vt 0.240654 0.097822
vt 0.240654 0.057588
vt 0.243986 0.057588
vt 0.243986 0.097822
vt 0.104632 0.970430
vt 0.104632 0.930195
vt 0.105452 0.930195
vt 0.105452 0.970430
vt 0.177875 0.040235
vt 0.177875 0.000000
vt 0.181206 0.000000
vt 0.181206 0.040235
vt 0.528392 0.581324
vt 0.528392 0.541090
vt 0.529213 0.541090
vt 0.529213 0.581324
vt 0.062779 0.040636
vt 0.063549 0.040223
vt 0.065226 0.043351
vt 0.064456 0.043764
vt 0.247562 0.043760
vt 0.248333 0.044173
vt 0.246656 0.047300
vt 0.245886 0.046887
vt 0.083706 0.097822
vt 0.083706 0.057588
vt 0.087037 0.057588
vt 0.087037 0.097822
vt 0.099401 0.970430
vt 0.099401 0.930195
vt 0.100221 0.930195
vt 0.100221 0.970430
vt 0.136022 0.040235
vt 0.136022 0.000000
vt 0.139354 0.000000
vt 0.139354 0.040235
vt 0.554550 0.473795
vt 0.554550 0.433559
vt 0.555371 0.433559
vt 0.555371 0.473795
vt 0.209264 0.040636
vt 0.210034 0.040223
vt 0.211711 0.043351
vt 0.210941 0.043764
vt 0.132467 0.043759
vt 0.133237 0.044172
vt 0.131560 0.047300
vt 0.130790 0.046887
vt 0.925994 0.156870
vt 0.925994 0.098087
vt 0.929326 0.098065
vt 0.929326 0.156847
vt 0.932046 0.399675
vt 0.932786 0.458454
vt 0.931965 0.458464
vt 0.931226 0.399685
vt 0.955484 0.039284
vt 0.955484 0.098065
vt 0.952152 0.098043
vt 0.952152 0.039261
vt 0.931226 0.517242
vt 0.931965 0.458463
vt 0.932786 0.458474
vt 0.932046 0.517253
vt 0.368659 0.046877
vt 0.367889 0.047290
vt 0.366213 0.044162
vt 0.366983 0.043750
vt 0.310342 0.043759
vt 0.311112 0.044172
vt 0.309435 0.047300
vt 0.308665 0.046887
vt 0.209264 0.097822
vt 0.209264 0.057588
vt 0.212596 0.057588
vt 0.212596 0.097822
vt 0.020926 0.970321
vt 0.020926 0.930086
vt 0.021747 0.930086
vt 0.021747 0.970321
vt 0.172643 0.040235
vt 0.172643 0.000000
vt 0.175975 0.000000
vt 0.175975 0.040235
vt 0.596403 0.526640
vt 0.596403 0.486406
vt 0.597224 0.486406
vt 0.597224 0.526640
vt 0.083706 0.040636
vt 0.084476 0.040223
vt 0.086153 0.043351
vt 0.085383 0.043764
vt 0.294647 0.043759
vt 0.295417 0.044172
vt 0.293740 0.047300
vt 0.292970 0.046887
vt 0.204033 0.097822
vt 0.204033 0.057588
vt 0.207364 0.057588
vt 0.207364 0.097822
vt 0.308665 0.970430
vt 0.308665 0.930195
vt 0.309485 0.930195
vt 0.309485 0.970430
vt 0.256349 0.040235
vt 0.256349 0.000000
vt 0.259680 0.000000
vt 0.259680 0.040235
vt 0.151717 0.823765
vt 0.151717 0.783530
vt 0.152537 0.783530
vt 0.152537 0.823765
vt 0.146485 0.044163
vt 0.147255 0.043750
vt 0.148932 0.046878
vt 0.148162 0.047290
vt 0.142930 0.043759
vt 0.143700 0.044172
vt 0.142024 0.047300
vt 0.141253 0.046887
vt 0.366213 0.097822
vt 0.366213 0.057588
vt 0.369544 0.057588
vt 0.369544 0.097822
vt 0.753351 0.967969
vt 0.753351 0.927734
vt 0.754172 0.927734
vt 0.754172 0.967969
vt 0.360981 0.040235
vt 0.360981 0.000000
vt 0.364313 0.000000
vt 0.364313 0.040235
vt 0.585940 0.632379
vt 0.585940 0.592145
vt 0.586760 0.592145
vt 0.586760 0.632379
vt 0.214496 0.047689
vt 0.215266 0.047276
vt 0.216943 0.050404
vt 0.216173 0.050817
vt 0.095846 0.043760
vt 0.096616 0.044173
vt 0.094939 0.047300
vt 0.094169 0.046888
vt 0.088937 0.097822
vt 0.088937 0.057588
vt 0.092269 0.057588
vt 0.092269 0.097822
vt 0.303433 0.970430
vt 0.303433 0.930195
vt 0.304254 0.930195
vt 0.304254 0.970430
vt 0.109864 0.040235
vt 0.109864 0.000000
vt 0.113195 0.000000
vt 0.113195 0.040235
vt 0.554550 0.798277
vt 0.554550 0.758042
vt 0.555371 0.758042
vt 0.555371 0.798277
vt 0.156948 0.047689
vt 0.157718 0.047276
vt 0.159395 0.050404
vt 0.158625 0.050817
vt 0.352195 0.043759
vt 0.352965 0.044172
vt 0.351288 0.047300
vt 0.350518 0.046887
vt 0.120327 0.097822
vt 0.120327 0.057588
vt 0.123659 0.057588
vt 0.123659 0.097822
vt 0.292970 0.970430
vt 0.292970 0.930195
vt 0.293790 0.930195
vt 0.293790 0.970430
vt 0.120327 0.040235
vt 0.120327 0.000000
vt 0.123659 0.000000
vt 0.123659 0.040235
vt 0.460381 0.686438
vt 0.460381 0.646204
vt 0.461202 0.646204
vt 0.461202 0.686438
vt 0.156948 0.040636
vt 0.157718 0.040223
vt 0.159395 0.043351
vt 0.158625 0.043764
vt 0.200478 0.043759
vt 0.201248 0.044172
vt 0.199571 0.047300
vt 0.198801 0.046887
vt 0.256349 0.097822
vt 0.256349 0.057588
vt 0.259681 0.057588
vt 0.259681 0.097822
vt 0.031390 0.970321
vt 0.031390 0.930086
vt 0.032210 0.930086
vt 0.032210 0.970321
vt 0.251117 0.040235
vt 0.251117 0.000000
vt 0.254449 0.000000
vt 0.254449 0.040235
vt 0.156948 0.823765
vt 0.156948 0.783530
vt 0.157769 0.783530
vt 0.157769 0.823765
vt 0.272044 0.040636
vt 0.272814 0.040223
vt 0.274491 0.043351
vt 0.273721 0.043764
vt 0.357426 0.043759
vt 0.358196 0.044172
vt 0.356519 0.047300
vt 0.355749 0.046887
vt 0.931226 0.297005
vt 0.931226 0.238224
vt 0.934558 0.238202
vt 0.934558 0.296982
vt 0.958204 0.215627
vt 0.958944 0.274406
vt 0.958124 0.274416
vt 0.957384 0.215637
vt 0.950253 0.039284
vt 0.950253 0.098065
vt 0.946921 0.098043
vt 0.946921 0.039261
vt 0.957384 0.215617
vt 0.958124 0.156838
vt 0.958944 0.156848
vt 0.958204 0.215628
vt 0.049531 0.043351
vt 0.048761 0.043764
vt 0.047084 0.040636
vt 0.047855 0.040223
vt 0.315573 0.043759
vt 0.316343 0.044172
vt 0.314667 0.047300
vt 0.313896 0.046887
vt 0.156948 0.097822
vt 0.156948 0.057588
vt 0.160280 0.057588
vt 0.160280 0.097822
vt 0.219728 0.969988
vt 0.219728 0.929755
vt 0.220548 0.929755
vt 0.220548 0.969988
vt 0.204033 0.040235
vt 0.204033 0.000000
vt 0.207364 0.000000
vt 0.207364 0.040235
vt 0.523161 0.581332
vt 0.523161 0.541098
vt 0.523981 0.541098
vt 0.523981 0.581332
vt 0.162180 0.047689
vt 0.162950 0.047276
vt 0.164627 0.050404
vt 0.163857 0.050817
vt 0.053993 0.043760
vt 0.054763 0.044173
vt 0.053086 0.047300
vt 0.052316 0.046888
vt 0.125559 0.097822
vt 0.125559 0.057588
vt 0.128890 0.057588
vt 0.128890 0.097822
vt 0.355749 0.969990
vt 0.355749 0.929755
vt 0.356570 0.929755
vt 0.356570 0.969990
vt 0.162180 0.040235
vt 0.162180 0.000000
vt 0.165512 0.000000
vt 0.165512 0.040235
vt 0.706267 0.587066
vt 0.706267 0.546832
vt 0.707087 0.546832
vt 0.707087 0.587066
vt 0.219728 0.040636
vt 0.220498 0.040223
vt 0.222175 0.043351
vt 0.221404 0.043764
vt 0.294647 0.047285
vt 0.295417 0.047698
vt 0.293740 0.050826
vt 0.292970 0.050413
vt 0.282507 0.097822
vt 0.282507 0.057588
vt 0.285839 0.057588
vt 0.285839 0.097822
vt 0.758583 0.967967
vt 0.758583 0.927734
vt 0.759403 0.927734
vt 0.759403 0.967967
vt 0.355749 0.040235
vt 0.355749 0.000000
vt 0.359081 0.000000
vt 0.359081 0.040235
vt 0.580708 0.632388
vt 0.580708 0.592153
vt 0.581529 0.592153
vt 0.581529 0.632388
vt 0.209264 0.047689
vt 0.210034 0.047276
vt 0.211711 0.050404
vt 0.210941 0.050817
vt 0.284184 0.043759
vt 0.284954 0.044172
vt 0.283277 0.047300
vt 0.282507 0.046887
vt 0.094169 0.097822
vt 0.094169 0.057588
vt 0.097501 0.057588
vt 0.097501 0.097822
vt 0.000000 0.970321
vt 0.000000 0.930086
vt 0.000820 0.930086
vt 0.000820 0.970321
vt 0.214496 0.040235
vt 0.214496 0.000000
vt 0.217828 0.000000
vt 0.217828 0.040235
vt 0.575477 0.798277
vt 0.575477 0.758042
vt 0.576297 0.758042
vt 0.576297 0.798277
vt 0.277275 0.040636
vt 0.278045 0.040223
vt 0.279722 0.043351
vt 0.278952 0.043764
vt 0.169088 0.040233
vt 0.169859 0.040646
vt 0.168182 0.043774
vt 0.167411 0.043361
vt 0.235422 0.097822
vt 0.235422 0.057588
vt 0.238754 0.057588
vt 0.238754 0.097822
vt 0.094169 0.970430
vt 0.094169 0.930195
vt 0.094989 0.930195
vt 0.094989 0.970430
vt 0.219728 0.040235
vt 0.219728 0.000000
vt 0.223059 0.000000
vt 0.223059 0.040235
vt 0.737657 0.479390
vt 0.737657 0.439155
vt 0.738477 0.439155
vt 0.738477 0.479390
vt 0.146485 0.047689
vt 0.147255 0.047276
vt 0.148932 0.050404
vt 0.148162 0.050817
vt 0.289415 0.043759
vt 0.290185 0.044172
vt 0.288509 0.047300
vt 0.287738 0.046887
vt 0.245886 0.097822
vt 0.245886 0.057588
vt 0.249217 0.057588
vt 0.249217 0.097822
vt 0.287738 0.970430
vt 0.287738 0.930195
vt 0.288559 0.930195
vt 0.288559 0.970430
vt 0.287738 0.040235
vt 0.287738 0.000000
vt 0.291070 0.000000
vt 0.291070 0.040235
vt 0.455150 0.686438
vt 0.455150 0.646204
vt 0.455970 0.646204
vt 0.455970 0.686438
vt 0.204033 0.040636
vt 0.204803 0.040223
vt 0.206480 0.043351
vt 0.205710 0.043764
vt 0.331268 0.047285
vt 0.332038 0.047698
vt 0.330361 0.050826
vt 0.329591 0.050413
vt 0.078449 0.562825
vt 0.078449 0.507848
vt 0.081059 0.507848
vt 0.081059 0.562825
vt 0.078449 0.505237
vt 0.078449 0.451565
vt 0.081059 0.451565
vt 0.081059 0.505237
vt 0.041920 0.507848
vt 0.041920 0.505237
vt 0.116283 0.505237
vt 0.116283 0.507848
vt 0.116283 0.562825
vt 0.118893 0.507848
vt 0.118893 0.562825
vt 0.116283 0.451565
vt 0.118893 0.451565
vt 0.118893 0.505237
vt 0.154117 0.505237
vt 0.154117 0.507848
vt 0.154117 0.562825
vt 0.156727 0.507848
vt 0.156727 0.562825
vt 0.154117 0.451565
vt 0.156727 0.451565
vt 0.156727 0.505237
vt 0.191951 0.505237
vt 0.191951 0.507848
vt 0.191951 0.562825
vt 0.194562 0.507848
vt 0.194562 0.562825
vt 0.191951 0.451565
vt 0.194562 0.451565
vt 0.194562 0.505237
vt 0.229785 0.505237
vt 0.229785 0.507848
vt 0.229785 0.562825
vt 0.232396 0.507848
vt 0.232396 0.562825
vt 0.229785 0.451565
vt 0.232396 0.451565
vt 0.232396 0.505237
vt 0.267620 0.505237
vt 0.267620 0.507848
vt 0.267620 0.562825
vt 0.270230 0.507848
vt 0.270230 0.562825
vt 0.267620 0.451565
vt 0.270230 0.451565
vt 0.270230 0.505237
vt 0.305454 0.505237
vt 0.305454 0.507848
vt 0.305454 0.562825
vt 0.308064 0.507848
vt 0.308064 0.562825
vt 0.305454 0.451565
vt 0.308064 0.451565
vt 0.308064 0.505237
vt 0.343288 0.505237
vt 0.343288 0.507848
vt 0.343288 0.562825
vt 0.345898 0.507848
vt 0.345898 0.562825
vt 0.343288 0.451565
vt 0.345898 0.451565
vt 0.345898 0.505237
vt 0.381122 0.505237
vt 0.381122 0.507848
vt 0.381122 0.562825
vt 0.383732 0.507848
vt 0.383732 0.562825
vt 0.381122 0.451565
vt 0.383732 0.451565
vt 0.383732 0.505237
vt 0.420261 0.505237
vt 0.420261 0.507848
vt 0.078449 0.448955
vt 0.078449 0.395283
vt 0.081059 0.395283
vt 0.081059 0.448955
vt 0.041920 0.451565
vt 0.041920 0.448955
vt 0.116283 0.448955
vt 0.116283 0.395283
vt 0.118893 0.395283
vt 0.118893 0.448955
vt 0.154117 0.448955
vt 0.154117 0.395283
vt 0.156727 0.395283
vt 0.156727 0.448955
vt 0.191951 0.448955
vt 0.191951 0.395283
vt 0.194562 0.395283
vt 0.194562 0.448955
vt 0.229785 0.448955
vt 0.229785 0.395283
vt 0.232396 0.395283
vt 0.232396 0.448955
vt 0.267620 0.448955
vt 0.267620 0.395283
vt 0.270230 0.395283
vt 0.270230 0.448955
vt 0.305454 0.448955
vt 0.305454 0.395283
vt 0.308064 0.395283
vt 0.308064 0.448955
vt 0.343288 0.448955
vt 0.343288 0.395283
vt 0.345898 0.395283
vt 0.345898 0.448955
vt 0.381122 0.448955
vt 0.381122 0.395283
vt 0.383732 0.395283
vt 0.383732 0.448955
vt 0.420261 0.448955
vt 0.420261 0.451565
vt 0.078449 0.392672
vt 0.078449 0.339000
vt 0.081059 0.339000
vt 0.081059 0.392672
vt 0.041920 0.395283
vt 0.041920 0.392672
vt 0.116283 0.392672
vt 0.116283 0.339000
vt 0.118893 0.339000
vt 0.118893 0.392672
vt 0.154117 0.392672
vt 0.154117 0.339000
vt 0.156727 0.339000
vt 0.156727 0.392672
vt 0.191951 0.392672
vt 0.191951 0.339000
vt 0.194562 0.339000
vt 0.194562 0.392672
vt 0.229785 0.392672
vt 0.229785 0.339000
vt 0.232396 0.339000
vt 0.232396 0.392672
vt 0.267620 0.392672
vt 0.267620 0.339000
vt 0.270230 0.339000
vt 0.270230 0.392672
vt 0.305454 0.392672
vt 0.305454 0.339000
vt 0.308064 0.339000
vt 0.308064 0.392672
vt 0.343288 0.392672
vt 0.343288 0.339000
vt 0.345898 0.339000
vt 0.345898 0.392672
vt 0.381122 0.392672
vt 0.381122 0.339000
vt 0.383732 0.339000
vt 0.383732 0.392672
vt 0.420261 0.392672
vt 0.420261 0.395283
vt 0.078449 0.336390
vt 0.078449 0.282718
vt 0.081059 0.282718
vt 0.081059 0.336390
vt 0.041920 0.339000
vt 0.041920 0.336390
vt 0.116283 0.336390
vt 0.116283 0.282718
vt 0.118893 0.282718
vt 0.118893 0.336390
vt 0.154117 0.336390
vt 0.154117 0.282718
vt 0.156727 0.282718
vt 0.156727 0.336390
vt 0.191951 0.336390
vt 0.191951 0.282718
vt 0.194562 0.282718
vt 0.194562 0.336390
vt 0.229785 0.336390
vt 0.229785 0.282718
vt 0.232396 0.282718
vt 0.232396 0.336390
vt 0.267620 0.336390
vt 0.267620 0.282718
vt 0.270230 0.282718
vt 0.270230 0.336390
vt 0.305454 0.336390
vt 0.305454 0.282718
vt 0.308064 0.282718
vt 0.308064 0.336390
vt 0.343288 0.336390
vt 0.343288 0.282718
vt 0.345898 0.282718
vt 0.345898 0.336390
vt 0.381122 0.336390
vt 0.381122 0.282718
vt 0.383732 0.282718
vt 0.383732 0.336390
vt 0.420261 0.336390
vt 0.420261 0.339000
vt 0.078449 0.280107
vt 0.078449 0.226435
vt 0.081059 0.226435
vt 0.081059 0.280107
vt 0.041920 0.282718
vt 0.041920 0.280107
vt 0.116283 0.280107
vt 0.116283 0.226435
vt 0.118893 0.226435
vt 0.118893 0.280107
vt 0.154117 0.280107
vt 0.154117 0.226435
vt 0.156727 0.226435
vt 0.156727 0.280107
vt 0.191951 0.280107
vt 0.191951 0.226435
vt 0.194562 0.226435
vt 0.194562 0.280107
vt 0.229785 0.280107
vt 0.229785 0.226435
vt 0.232396 0.226435
vt 0.232396 0.280107
vt 0.267620 0.280107
vt 0.267620 0.226435
vt 0.270230 0.226435
vt 0.270230 0.280107
vt 0.305454 0.280107
vt 0.305454 0.226435
vt 0.308064 0.226435
vt 0.308064 0.280107
vt 0.343288 0.280107
vt 0.343288 0.226435
vt 0.345898 0.226435
vt 0.345898 0.280107
vt 0.381122 0.280107
vt 0.381122 0.226435
vt 0.383732 0.226435
vt 0.383732 0.280107
vt 0.420261 0.280107
vt 0.420261 0.282718
vt 0.078449 0.223825
vt 0.078449 0.170153
vt 0.081059 0.170153
vt 0.081059 0.223825
vt 0.041920 0.226435
vt 0.041920 0.223825
vt 0.116283 0.223825
vt 0.116283 0.170153
vt 0.118893 0.170153
vt 0.118893 0.223825
vt 0.154117 0.223825
vt 0.154117 0.170153
vt 0.156727 0.170153
vt 0.156727 0.223825
vt 0.191951 0.223825
vt 0.191951 0.170153
vt 0.194562 0.170153
vt 0.194562 0.223825
vt 0.229785 0.223825
vt 0.229785 0.170153
vt 0.232396 0.170153
vt 0.232396 0.223825
vt 0.267620 0.223825
vt 0.267620 0.170153
vt 0.270230 0.170153
vt 0.270230 0.223825
vt 0.305454 0.223825
vt 0.305454 0.170153
vt 0.308064 0.170153
vt 0.308064 0.223825
vt 0.343288 0.223825
vt 0.343288 0.170153
vt 0.345898 0.170153
vt 0.345898 0.223825
vt 0.381122 0.223825
vt 0.381122 0.170153
vt 0.383732 0.170153
vt 0.383732 0.223825
vt 0.420261 0.223825
vt 0.420261 0.226435
vt 0.078449 0.167542
vt 0.078449 0.113870
vt 0.081059 0.113870
vt 0.081059 0.167542
vt 0.041920 0.170153
vt 0.041920 0.167542
vt 0.116283 0.167542
vt 0.116283 0.113870
vt 0.118893 0.113870
vt 0.118893 0.167542
vt 0.154117 0.167542
vt 0.154117 0.113870
vt 0.156727 0.113870
vt 0.156727 0.167542
vt 0.191951 0.167542
vt 0.191951 0.113870
vt 0.194562 0.113870
vt 0.194562 0.167542
vt 0.229785 0.167542
vt 0.229785 0.113870
vt 0.232396 0.113870
vt 0.232396 0.167542
vt 0.267620 0.167542
vt 0.267620 0.113870
vt 0.270230 0.113870
vt 0.270230 0.167542
vt 0.305454 0.167542
vt 0.305454 0.113870
vt 0.308064 0.113870
vt 0.308064 0.167542
vt 0.343288 0.167542
vt 0.343288 0.113870
vt 0.345898 0.113870
vt 0.345898 0.167542
vt 0.381122 0.167542
vt 0.381122 0.113870
vt 0.383732 0.113870
vt 0.383732 0.167542
vt 0.420261 0.167542
vt 0.420261 0.170153
vt 0.078449 0.111260
vt 0.078449 0.057588
vt 0.081059 0.057588
vt 0.081059 0.111260
vt 0.041920 0.113870
vt 0.041920 0.111260
vt 0.116283 0.111260
vt 0.116283 0.057588
vt 0.118893 0.057588
vt 0.118893 0.111260
vt 0.154117 0.111260
vt 0.154117 0.057588
vt 0.156727 0.057588
vt 0.156727 0.111260
vt 0.191951 0.111260
vt 0.191951 0.057588
vt 0.194562 0.057588
vt 0.194562 0.111260
vt 0.229785 0.111260
vt 0.229785 0.057588
vt 0.232396 0.057588
vt 0.232396 0.111260
vt 0.267620 0.111260
vt 0.267620 0.057588
vt 0.270230 0.057588
vt 0.270230 0.111260
vt 0.305454 0.111260
vt 0.305454 0.057588
vt 0.308064 0.057588
vt 0.308064 0.111260
vt 0.343288 0.111260
vt 0.343288 0.057588
vt 0.345898 0.057588
vt 0.345898 0.111260
vt 0.381122 0.111260
vt 0.381122 0.057588
vt 0.383732 0.057588
vt 0.383732 0.111260
vt 0.420261 0.111260
vt 0.420261 0.113870
vt 0.078449 0.054977
vt 0.078449 0.000000
vt 0.081059 0.000000
vt 0.081059 0.054977
vt 0.041920 0.057588
vt 0.041920 0.054977
vt 0.116283 0.054977
vt 0.116283 0.000000
vt 0.118893 0.000000
vt 0.118893 0.054977
vt 0.154117 0.054977
vt 0.154117 0.000000
vt 0.156727 0.000000
vt 0.156727 0.054977
vt 0.191951 0.054977
vt 0.191951 0.000000
vt 0.194562 0.000000
vt 0.194562 0.054977
vt 0.229785 0.054977
vt 0.229785 0.000000
vt 0.232396 0.000000
vt 0.232396 0.054977
vt 0.267620 0.054977
vt 0.267620 0.000000
vt 0.270230 0.000000
vt 0.270230 0.054977
vt 0.305454 0.054977
vt 0.305454 0.000000
vt 0.308064 0.000000
vt 0.308064 0.054977
vt 0.343288 0.054977
vt 0.343288 0.000000
vt 0.345898 0.000000
vt 0.345898 0.054977
vt 0.381122 0.054977
vt 0.381122 0.000000
vt 0.383732 0.000000
vt 0.383732 0.054977
vt 0.420261 0.054977
vt 0.420261 0.057588
vt 0.078449 0.566181
vt 0.041920 0.566181
vt 0.041920 0.562825
vt 0.116283 0.566181
vt 0.081059 0.566181
vt 0.154117 0.566181
vt 0.118893 0.566181
vt 0.191951 0.566181
vt 0.156727 0.566181
vt 0.229785 0.566181
vt 0.194562 0.566181
vt 0.267620 0.566181
vt 0.232396 0.566181
vt 0.305454 0.566181
vt 0.270230 0.566181
vt 0.343288 0.566181
vt 0.308064 0.566181
vt 0.381122 0.566181
vt 0.345898 0.566181
vt 0.420261 0.562825
vt 0.420261 0.566181
vt 0.383732 0.566181
vt 0.081059 0.620827
vt 0.078449 0.620827
vt 0.118893 0.620827
vt 0.116283 0.620827
vt 0.156727 0.620827
vt 0.154117 0.620827
vt 0.194562 0.620827
vt 0.191951 0.620827
vt 0.232396 0.620827
vt 0.229785 0.620827
vt 0.270230 0.620827
vt 0.267620 0.620827
vt 0.308064 0.620827
vt 0.305454 0.620827
vt 0.345898 0.620827
vt 0.343288 0.620827
vt 0.383732 0.620827
vt 0.381122 0.620827
vt 0.038226 0.562825
vt 0.038226 0.507848
vt 0.038226 0.505237
vt 0.038226 0.451565
vt 0.038226 0.448955
vt 0.038226 0.395283
vt 0.038226 0.392672
vt 0.038226 0.339000
vt 0.038226 0.336390
vt 0.038226 0.282718
vt 0.038226 0.280107
vt 0.038226 0.226435
vt 0.038226 0.223825
vt 0.038226 0.170153
vt 0.038226 0.167542
vt 0.038226 0.113870
vt 0.038226 0.111260
vt 0.038226 0.057588
vt 0.038226 0.054977
vt 0.038226 0.000000
vt 0.041920 0.000000
vt 0.038226 0.566181
vt 0.041920 0.620827
vt 0.038226 0.620827
vt 0.000000 0.507848
vt 0.000000 0.505237
vt 0.000000 0.451565
vt 0.000000 0.448955
vt 0.000000 0.395283
vt 0.000000 0.392672
vt 0.000000 0.339000
vt 0.000000 0.336390
vt 0.000000 0.282718
vt 0.000000 0.280107
vt 0.000000 0.226435
vt 0.000000 0.223825
vt 0.000000 0.170153
vt 0.000000 0.167542
vt 0.000000 0.113870
vt 0.000000 0.111260
vt 0.000000 0.057588
vt 0.000000 0.054977
vt 0.000000 0.566181
vt 0.000000 0.562825
vt 0.105972 0.507848
vt 0.105972 0.562824
vt 0.104632 0.562824
vt 0.104632 0.507848
vt 0.100741 0.507848
vt 0.100741 0.562825
vt 0.099401 0.562825
vt 0.099401 0.507848
vt 0.252457 0.170153
vt 0.252457 0.223825
vt 0.251117 0.223825
vt 0.251117 0.170153
vt 0.184447 0.170153
vt 0.184447 0.223825
vt 0.183106 0.223825
vt 0.183106 0.170153
vt 0.257689 0.226435
vt 0.257689 0.262964
vt 0.256349 0.262964
vt 0.256349 0.226435
vt 0.240654 0.262963
vt 0.240654 0.226435
vt 0.241994 0.226435
vt 0.241994 0.262963
vt 0.674877 0.417123
vt 0.674877 0.381900
vt 0.676218 0.381900
vt 0.676218 0.417123
vt 0.048425 0.395283
vt 0.048425 0.430506
vt 0.047084 0.430506
vt 0.047084 0.395283
vt 0.090278 0.507848
vt 0.090278 0.562825
vt 0.088937 0.562825
vt 0.088937 0.507848
vt 0.095509 0.507848
vt 0.095509 0.562825
vt 0.094169 0.562825
vt 0.094169 0.507848
vt 0.200141 0.170153
vt 0.200141 0.223825
vt 0.198801 0.223825
vt 0.198801 0.170153
vt 0.179215 0.170153
vt 0.179215 0.223825
vt 0.177875 0.223825
vt 0.177875 0.170153
vt 0.057548 0.317941
vt 0.057548 0.282718
vt 0.058888 0.282718
vt 0.058888 0.317941
vt 0.252457 0.282718
vt 0.252457 0.317941
vt 0.251117 0.317941
vt 0.251117 0.282718
vt 0.111204 0.507848
vt 0.111204 0.562824
vt 0.109864 0.562824
vt 0.109864 0.507848
vt 0.943030 0.458464
vt 0.943030 0.513441
vt 0.941689 0.513441
vt 0.941689 0.458464
vt 0.142594 0.566181
vt 0.142594 0.619854
vt 0.141253 0.619854
vt 0.141253 0.566181
vt 0.132130 0.566181
vt 0.132130 0.619854
vt 0.130790 0.619854
vt 0.130790 0.566181
vt 0.219728 0.374223
vt 0.219728 0.339000
vt 0.221068 0.339000
vt 0.221068 0.374223
vt 0.200141 0.339000
vt 0.200141 0.374224
vt 0.198801 0.374224
vt 0.198801 0.339000
vt 0.121667 0.507848
vt 0.121667 0.562825
vt 0.120327 0.562825
vt 0.120327 0.507848
vt 0.953493 0.458464
vt 0.953493 0.513441
vt 0.952152 0.513441
vt 0.952152 0.458464
vt 0.215836 0.170153
vt 0.215836 0.223825
vt 0.214496 0.223825
vt 0.214496 0.170153
vt 0.168752 0.170153
vt 0.168752 0.223825
vt 0.167411 0.223825
vt 0.167411 0.170153
vt 0.721962 0.365087
vt 0.721962 0.329864
vt 0.723302 0.329864
vt 0.723302 0.365087
vt 0.064120 0.339000
vt 0.064120 0.374224
vt 0.062779 0.374224
vt 0.062779 0.339000
vt 0.085046 0.507848
vt 0.085046 0.562825
vt 0.083706 0.562825
vt 0.083706 0.507848
vt 0.948261 0.517251
vt 0.948261 0.572230
vt 0.946921 0.572230
vt 0.946921 0.517251
vt 0.163520 0.170153
vt 0.163520 0.223825
vt 0.162180 0.223825
vt 0.162180 0.170153
vt 0.173983 0.170153
vt 0.173983 0.223825
vt 0.172643 0.223825
vt 0.172643 0.170153
vt 0.277275 0.317941
vt 0.277275 0.282718
vt 0.278615 0.282718
vt 0.278615 0.317941
vt 0.273384 0.282718
vt 0.273384 0.317941
vt 0.272044 0.317941
vt 0.272044 0.282718
vt 0.048425 0.507848
vt 0.048425 0.562824
vt 0.047084 0.562824
vt 0.047084 0.507848
vt 0.953493 0.513441
vt 0.953493 0.568419
vt 0.952152 0.568419
vt 0.952152 0.513441
vt 0.126899 0.566181
vt 0.126899 0.619854
vt 0.125559 0.619854
vt 0.125559 0.566181
vt 0.137362 0.566181
vt 0.137362 0.619854
vt 0.136022 0.619854
vt 0.136022 0.566181
vt 0.282507 0.374223
vt 0.282507 0.339000
vt 0.283847 0.339000
vt 0.283847 0.374223
vt 0.409406 0.339382
vt 0.409406 0.374606
vt 0.408065 0.374606
vt 0.408065 0.339382
vt 0.064120 0.507848
vt 0.064120 0.562825
vt 0.062779 0.562825
vt 0.062779 0.507848
vt 0.958724 0.564547
vt 0.958724 0.619525
vt 0.957384 0.619525
vt 0.957384 0.564547
vt 0.210605 0.170153
vt 0.210605 0.223825
vt 0.209264 0.223825
vt 0.209264 0.170153
vt 0.205373 0.170153
vt 0.205373 0.223825
vt 0.204033 0.223825
vt 0.204033 0.170153
vt 0.837057 0.303966
vt 0.837057 0.268743
vt 0.838397 0.268743
vt 0.838397 0.303966
vt 0.843629 0.268743
vt 0.843629 0.303967
vt 0.842289 0.303967
vt 0.842289 0.268743
vt 0.069351 0.507848
vt 0.069351 0.562825
vt 0.068011 0.562825
vt 0.068011 0.507848
vt 0.958724 0.509569
vt 0.958724 0.564547
vt 0.957384 0.564547
vt 0.957384 0.509569
vt 0.241994 0.170153
vt 0.241994 0.223824
vt 0.240654 0.223824
vt 0.240654 0.170153
vt 0.247226 0.170153
vt 0.247226 0.223825
vt 0.245886 0.223825
vt 0.245886 0.170153
vt 0.062779 0.430506
vt 0.062779 0.395283
vt 0.064120 0.395283
vt 0.064120 0.430506
vt 0.210605 0.395283
vt 0.210605 0.430506
vt 0.209264 0.430506
vt 0.209264 0.395283
vt 0.058888 0.507848
vt 0.058888 0.562825
vt 0.057548 0.562825
vt 0.057548 0.507848
vt 0.126899 0.507848
vt 0.126899 0.562825
vt 0.125559 0.562825
vt 0.125559 0.507848
vt 0.158288 0.170153
vt 0.158288 0.223825
vt 0.156948 0.223825
vt 0.156948 0.170153
vt 0.121667 0.566181
vt 0.121667 0.619854
vt 0.120327 0.619854
vt 0.120327 0.566181
vt 0.313896 0.262963
vt 0.313896 0.226435
vt 0.315237 0.226435
vt 0.315237 0.262963
vt 0.121667 0.047288
vt 0.121667 0.049899
vt 0.120327 0.049899
vt 0.120327 0.047288
vt 0.372784 0.226435
vt 0.372784 0.262964
vt 0.371444 0.262964
vt 0.371444 0.226435
vt 0.221068 0.113870
vt 0.221068 0.167542
vt 0.219728 0.167542
vt 0.219728 0.113870
vt 0.241994 0.113870
vt 0.241994 0.167541
vt 0.240654 0.167541
vt 0.240654 0.113870
vt 0.179215 0.226435
vt 0.179215 0.262964
vt 0.177875 0.262964
vt 0.177875 0.226435
vt 0.219728 0.262963
vt 0.219728 0.226435
vt 0.221068 0.226435
vt 0.221068 0.262963
vt 0.413297 0.374605
vt 0.413297 0.339382
vt 0.414637 0.339382
vt 0.414637 0.374605
vt 0.215836 0.395283
vt 0.215836 0.430506
vt 0.214496 0.430506
vt 0.214496 0.395283
vt 0.236763 0.113870
vt 0.236763 0.167542
vt 0.235422 0.167542
vt 0.235422 0.113870
vt 0.173983 0.113870
vt 0.173983 0.167541
vt 0.172643 0.167541
vt 0.172643 0.113870
vt 0.235422 0.317940
vt 0.235422 0.282718
vt 0.236763 0.282718
vt 0.236763 0.317940
vt 0.524501 0.271490
vt 0.524501 0.306714
vt 0.523161 0.306714
vt 0.523161 0.271490
vt 0.142594 0.113870
vt 0.142594 0.167542
vt 0.141253 0.167542
vt 0.141253 0.113870
vt 0.179215 0.113870
vt 0.179215 0.167541
vt 0.177875 0.167541
vt 0.177875 0.113870
vt 0.146485 0.374223
vt 0.146485 0.339000
vt 0.147825 0.339000
vt 0.147825 0.374223
vt 0.273384 0.339000
vt 0.273384 0.374223
vt 0.272044 0.374223
vt 0.272044 0.339000
vt 0.158288 0.113870
vt 0.158288 0.167542
vt 0.156948 0.167542
vt 0.156948 0.113870
vt 0.247226 0.113870
vt 0.247226 0.167541
vt 0.245886 0.167541
vt 0.245886 0.113870
vt 0.125559 0.374223
vt 0.125559 0.339000
vt 0.126899 0.339000
vt 0.126899 0.374223
vt 0.132130 0.339000
vt 0.132130 0.374224
vt 0.130790 0.374224
vt 0.130790 0.339000
vt 0.252457 0.113870
vt 0.252457 0.167542
vt 0.251117 0.167542
vt 0.251117 0.113870
vt 0.210605 0.113870
vt 0.210605 0.167540
vt 0.209264 0.167540
vt 0.209264 0.113870
vt 0.261580 0.317941
vt 0.261580 0.282718
vt 0.262921 0.282718
vt 0.262921 0.317941
vt 0.351858 0.282718
vt 0.351858 0.317941
vt 0.350518 0.317941
vt 0.350518 0.282718
vt 0.184447 0.113870
vt 0.184447 0.167541
vt 0.183106 0.167541
vt 0.183106 0.113870
vt 0.215836 0.113870
vt 0.215836 0.167540
vt 0.214496 0.167540
vt 0.214496 0.113870
vt 0.277275 0.374223
vt 0.277275 0.339000
vt 0.278615 0.339000
vt 0.278615 0.374223
vt 0.357090 0.339000
vt 0.357090 0.374223
vt 0.355749 0.374223
vt 0.355749 0.339000
vt 0.132130 0.113870
vt 0.132130 0.167541
vt 0.130790 0.167541
vt 0.130790 0.113870
vt 0.205373 0.113870
vt 0.205373 0.167541
vt 0.204033 0.167541
vt 0.204033 0.113870
vt 0.240654 0.317941
vt 0.240654 0.282718
vt 0.241994 0.282718
vt 0.241994 0.317941
vt 0.519269 0.271498
vt 0.519269 0.306722
vt 0.517929 0.306722
vt 0.517929 0.271498
vt 0.137362 0.113870
vt 0.137362 0.167541
vt 0.136022 0.167541
vt 0.136022 0.113870
vt 0.200141 0.113870
vt 0.200141 0.167541
vt 0.198801 0.167541
vt 0.198801 0.113870
vt 0.068011 0.430506
vt 0.068011 0.395283
vt 0.069351 0.395283
vt 0.069351 0.430506
vt 0.121667 0.395283
vt 0.121667 0.430506
vt 0.120327 0.430506
vt 0.120327 0.395283
vt 0.147825 0.113870
vt 0.147825 0.167542
vt 0.146485 0.167542
vt 0.146485 0.113870
vt 0.126899 0.113870
vt 0.126899 0.167541
vt 0.125559 0.167541
vt 0.125559 0.113870
vt 0.319128 0.262963
vt 0.319128 0.226435
vt 0.320468 0.226435
vt 0.320468 0.262963
vt 0.053656 0.047288
vt 0.053656 0.049899
vt 0.052316 0.049899
vt 0.052316 0.047288
vt 0.367553 0.226435
vt 0.367553 0.262964
vt 0.366213 0.262964
vt 0.366213 0.226435
vt 0.283847 0.113870
vt 0.283847 0.167542
vt 0.282507 0.167542
vt 0.282507 0.113870
vt 0.064120 0.170153
vt 0.064120 0.223825
vt 0.062779 0.223825
vt 0.062779 0.170153
vt 0.205373 0.226435
vt 0.205373 0.262964
vt 0.204033 0.262964
vt 0.204033 0.226435
vt 0.146485 0.262963
vt 0.146485 0.226435
vt 0.147825 0.226435
vt 0.147825 0.262963
vt 0.669646 0.417123
vt 0.669646 0.381900
vt 0.670986 0.381900
vt 0.670986 0.417123
vt 0.205373 0.395283
vt 0.205373 0.430506
vt 0.204033 0.430506
vt 0.204033 0.395283
vt 0.278615 0.113870
vt 0.278615 0.167542
vt 0.277275 0.167542
vt 0.277275 0.113870
vt 0.053656 0.566181
vt 0.053656 0.619854
vt 0.052316 0.619854
vt 0.052316 0.566181
vt 0.701035 0.310110
vt 0.701035 0.274887
vt 0.702376 0.274887
vt 0.702376 0.310110
vt 0.257689 0.282718
vt 0.257689 0.317941
vt 0.256349 0.317941
vt 0.256349 0.282718
vt 0.273384 0.113870
vt 0.273384 0.167542
vt 0.272044 0.167542
vt 0.272044 0.113870
vt 0.262921 0.113870
vt 0.262921 0.167542
vt 0.261580 0.167542
vt 0.261580 0.113870
vt 0.156948 0.374223
vt 0.156948 0.339000
vt 0.158288 0.339000
vt 0.158288 0.374223
vt 0.262921 0.339000
vt 0.262921 0.374223
vt 0.261580 0.374223
vt 0.261580 0.339000
vt 0.372784 0.113870
vt 0.372784 0.167541
vt 0.371444 0.167541
vt 0.371444 0.113870
vt 0.330931 0.507848
vt 0.330931 0.561521
vt 0.329591 0.561521
vt 0.329591 0.507848
vt 0.136022 0.374223
vt 0.136022 0.339000
vt 0.137362 0.339000
vt 0.137362 0.374223
vt 0.069351 0.339000
vt 0.069351 0.374224
vt 0.068011 0.374224
vt 0.068011 0.339000
vt 0.085046 0.170153
vt 0.085046 0.223824
vt 0.083706 0.223824
vt 0.083706 0.170153
vt 0.257689 0.113870
vt 0.257689 0.167542
vt 0.256349 0.167542
vt 0.256349 0.113870
vt 0.360981 0.317941
vt 0.360981 0.282718
vt 0.362321 0.282718
vt 0.362321 0.317941
vt 0.372784 0.282718
vt 0.372784 0.317941
vt 0.371444 0.317941
vt 0.371444 0.282718
vt 0.310005 0.113870
vt 0.310005 0.167542
vt 0.308665 0.167542
vt 0.308665 0.113870
vt 0.011803 0.508229
vt 0.011803 0.561902
vt 0.010463 0.561902
vt 0.010463 0.508229
vt 0.371444 0.374223
vt 0.371444 0.339000
vt 0.372784 0.339000
vt 0.372784 0.374223
vt 0.398942 0.339382
vt 0.398942 0.374605
vt 0.397602 0.374605
vt 0.397602 0.339382
vt 0.294310 0.113870
vt 0.294310 0.167542
vt 0.292970 0.167542
vt 0.292970 0.113870
vt 0.367553 0.507848
vt 0.367553 0.561520
vt 0.366213 0.561520
vt 0.366213 0.507848
vt 0.088937 0.317940
vt 0.088937 0.282718
vt 0.090278 0.282718
vt 0.090278 0.317940
vt 0.247226 0.282718
vt 0.247226 0.317941
vt 0.245886 0.317941
vt 0.245886 0.282718
vt 0.289079 0.113870
vt 0.289079 0.167542
vt 0.287738 0.167542
vt 0.287738 0.113870
vt 0.053656 0.170153
vt 0.053656 0.223825
vt 0.052316 0.223825
vt 0.052316 0.170153
vt 0.057548 0.430506
vt 0.057548 0.395283
vt 0.058888 0.395283
vt 0.058888 0.430506
vt 0.184447 0.395283
vt 0.184447 0.430506
vt 0.183106 0.430506
vt 0.183106 0.395283
vt 0.299542 0.113870
vt 0.299542 0.167542
vt 0.298202 0.167542
vt 0.298202 0.113870
vt 0.058888 0.170153
vt 0.058888 0.223825
vt 0.057548 0.223825
vt 0.057548 0.170153
vt 0.324360 0.262963
vt 0.324360 0.226435
vt 0.325700 0.226435
vt 0.325700 0.262963
vt 0.105972 0.049898
vt 0.105972 0.052509
vt 0.104632 0.052509
vt 0.104632 0.049898
vt 0.362321 0.226435
vt 0.362321 0.262964
vt 0.360981 0.262964
vt 0.360981 0.226435
vt 0.283847 0.170153
vt 0.283847 0.223824
vt 0.282507 0.223824
vt 0.282507 0.170153
vt 0.168752 0.566181
vt 0.168752 0.619854
vt 0.167411 0.619854
vt 0.167411 0.566181
vt 0.200141 0.226435
vt 0.200141 0.262964
vt 0.198801 0.262964
vt 0.198801 0.226435
vt 0.141253 0.262963
vt 0.141253 0.226435
vt 0.142594 0.226435
vt 0.142594 0.262963
vt 0.052316 0.430505
vt 0.052316 0.395283
vt 0.053656 0.395283
vt 0.053656 0.430505
vt 0.105972 0.395283
vt 0.105972 0.430506
vt 0.104632 0.430506
vt 0.104632 0.395283
vt 0.330931 0.170153
vt 0.330931 0.223824
vt 0.329591 0.223824
vt 0.329591 0.170153
vt 0.310005 0.170153
vt 0.310005 0.223825
vt 0.308665 0.223825
vt 0.308665 0.170153
vt 0.047084 0.317941
vt 0.047084 0.282718
vt 0.048425 0.282718
vt 0.048425 0.317941
vt 0.179215 0.282718
vt 0.179215 0.317941
vt 0.177875 0.317941
vt 0.177875 0.282718
vt 0.294310 0.170153
vt 0.294310 0.223824
vt 0.292970 0.223824
vt 0.292970 0.170153
vt 0.173983 0.566181
vt 0.173983 0.619854
vt 0.172643 0.619854
vt 0.172643 0.566181
vt 0.251117 0.374223
vt 0.251117 0.339000
vt 0.252457 0.339000
vt 0.252457 0.374223
vt 0.163520 0.339000
vt 0.163520 0.374223
vt 0.162180 0.374223
vt 0.162180 0.339000
vt 0.289079 0.170153
vt 0.289079 0.223824
vt 0.287738 0.223824
vt 0.287738 0.170153
vt 0.184446 0.566181
vt 0.184446 0.619854
vt 0.183106 0.619854
vt 0.183106 0.566181
vt 0.099401 0.374223
vt 0.099401 0.339000
vt 0.100741 0.339000
vt 0.100741 0.374223
vt 0.712839 0.329864
vt 0.712839 0.365088
vt 0.711499 0.365088
vt 0.711499 0.329864
vt 0.299542 0.170153
vt 0.299542 0.223825
vt 0.298202 0.223825
vt 0.298202 0.170153
vt 0.257689 0.170153
vt 0.257689 0.223825
vt 0.256349 0.223825
vt 0.256349 0.170153
vt 0.282507 0.317940
vt 0.282507 0.282718
vt 0.283847 0.282718
vt 0.283847 0.317940
vt 0.325700 0.282718
vt 0.325700 0.317941
vt 0.324360 0.317941
vt 0.324360 0.282718
vt 0.273384 0.170153
vt 0.273384 0.223824
vt 0.272044 0.223824
vt 0.272044 0.170153
vt 0.179215 0.566181
vt 0.179215 0.619854
vt 0.177875 0.619854
vt 0.177875 0.566181
vt 0.308665 0.374223
vt 0.308665 0.339000
vt 0.310005 0.339000
vt 0.310005 0.374223
vt 0.299542 0.339000
vt 0.299542 0.374223
vt 0.298202 0.374223
vt 0.298202 0.339000
vt 0.325700 0.170153
vt 0.325700 0.223824
vt 0.324360 0.223824
vt 0.324360 0.170153
vt 0.163520 0.566181
vt 0.163520 0.619854
vt 0.162180 0.619854
vt 0.162180 0.566181
vt 0.219728 0.317940
vt 0.219728 0.282718
vt 0.221068 0.282718
vt 0.221068 0.317940
vt 0.514038 0.271506
vt 0.514038 0.306729
vt 0.512698 0.306729
vt 0.512698 0.271506
vt 0.278615 0.170153
vt 0.278615 0.223824
vt 0.277275 0.223824
vt 0.277275 0.170153
vt 0.315237 0.170153
vt 0.315237 0.223825
vt 0.313896 0.223825
vt 0.313896 0.170153
vt 0.240654 0.430506
vt 0.240654 0.395283
vt 0.241994 0.395283
vt 0.241994 0.430506
vt 0.686681 0.381900
vt 0.686681 0.417123
vt 0.685341 0.417123
vt 0.685341 0.381900
vt 0.320468 0.170153
vt 0.320468 0.223824
vt 0.319128 0.223824
vt 0.319128 0.170153
vt 0.158288 0.566181
vt 0.158288 0.619854
vt 0.156948 0.619854
vt 0.156948 0.566181
vt 0.329591 0.262963
vt 0.329591 0.226435
vt 0.330932 0.226435
vt 0.330932 0.262963
vt 0.173983 0.049899
vt 0.173983 0.052509
vt 0.172643 0.052509
vt 0.172643 0.049899
vt 0.351858 0.226435
vt 0.351858 0.262963
vt 0.350518 0.262963
vt 0.350518 0.226435
vt 0.132130 0.170153
vt 0.132130 0.223824
vt 0.130790 0.223824
vt 0.130790 0.170153
vt 0.069351 0.566181
vt 0.069351 0.619854
vt 0.068011 0.619854
vt 0.068011 0.566181
vt 0.184446 0.226435
vt 0.184446 0.262964
vt 0.183106 0.262964
vt 0.183106 0.226435
vt 0.235422 0.262963
vt 0.235422 0.226435
vt 0.236763 0.226435
vt 0.236763 0.262963
vt 0.167411 0.430505
vt 0.167411 0.395283
vt 0.168752 0.395283
vt 0.168752 0.430505
vt 0.247226 0.395283
vt 0.247226 0.430506
vt 0.245886 0.430506
vt 0.245886 0.395283
vt 0.126899 0.170153
vt 0.126899 0.223824
vt 0.125559 0.223824
vt 0.125559 0.170153
vt 0.147825 0.170153
vt 0.147825 0.223825
vt 0.146485 0.223825
vt 0.146485 0.170153
vt 0.052316 0.317941
vt 0.052316 0.282718
vt 0.053656 0.282718
vt 0.053656 0.317941
vt 0.111204 0.282718
vt 0.111204 0.317941
vt 0.109864 0.317941
vt 0.109864 0.282718
vt 0.111204 0.170153
vt 0.111204 0.223824
vt 0.109864 0.223824
vt 0.109864 0.170153
vt 0.085046 0.566181
vt 0.085046 0.619854
vt 0.083706 0.619854
vt 0.083706 0.566181
vt 0.141253 0.374223
vt 0.141253 0.339000
vt 0.142594 0.339000
vt 0.142594 0.374223
vt 0.257689 0.339000
vt 0.257689 0.374223
vt 0.256349 0.374223
vt 0.256349 0.339000
vt 0.142594 0.170153
vt 0.142594 0.223824
vt 0.141253 0.223824
vt 0.141253 0.170153
vt 0.111204 0.566181
vt 0.111204 0.619854
vt 0.109864 0.619854
vt 0.109864 0.566181
vt 0.120327 0.374223
vt 0.120327 0.339000
vt 0.121667 0.339000
vt 0.121667 0.374223
vt 0.111204 0.339000
vt 0.111204 0.374224
vt 0.109864 0.374224
vt 0.109864 0.339000
vt 0.137362 0.170153
vt 0.137362 0.223824
vt 0.136022 0.223824
vt 0.136022 0.170153
vt 0.105972 0.566181
vt 0.105972 0.619854
vt 0.104632 0.619854
vt 0.104632 0.566181
vt 0.355749 0.317941
vt 0.355749 0.282718
vt 0.357090 0.282718
vt 0.357090 0.317941
vt 0.665754 0.326922
vt 0.665754 0.362146
vt 0.664414 0.362146
vt 0.664414 0.326922
vt 0.095509 0.170153
vt 0.095509 0.223824
vt 0.094169 0.223824
vt 0.094169 0.170153
vt 0.090278 0.566181
vt 0.090278 0.619853
vt 0.088937 0.619853
vt 0.088937 0.566181
vt 0.392371 0.374605
vt 0.392371 0.339382
vt 0.393711 0.339382
vt 0.393711 0.374605
vt 0.404174 0.339382
vt 0.404174 0.374605
vt 0.402834 0.374605
vt 0.402834 0.339382
vt 0.090278 0.170153
vt 0.090278 0.223825
vt 0.088937 0.223825
vt 0.088937 0.170153
vt 0.100741 0.566181
vt 0.100741 0.619853
vt 0.099401 0.619853
vt 0.099401 0.566181
vt 0.507466 0.306737
vt 0.507466 0.271514
vt 0.508806 0.271514
vt 0.508806 0.306737
vt 0.158288 0.282718
vt 0.158288 0.317941
vt 0.156948 0.317941
vt 0.156948 0.282718
vt 0.105972 0.170153
vt 0.105972 0.223824
vt 0.104632 0.223824
vt 0.104632 0.170153
vt 0.064120 0.566181
vt 0.064120 0.619854
vt 0.062779 0.619854
vt 0.062779 0.566181
vt 0.256349 0.430505
vt 0.256349 0.395283
vt 0.257689 0.395283
vt 0.257689 0.430505
vt 0.697144 0.381900
vt 0.697144 0.417123
vt 0.695804 0.417123
vt 0.695804 0.381900
vt 0.100741 0.170153
vt 0.100741 0.223824
vt 0.099401 0.223824
vt 0.099401 0.170153
vt 0.095509 0.566181
vt 0.095509 0.619853
vt 0.094169 0.619853
vt 0.094169 0.566181
vt 0.298202 0.262963
vt 0.298202 0.226435
vt 0.299542 0.226435
vt 0.299542 0.262963
vt 0.273384 0.047288
vt 0.273384 0.049899
vt 0.272044 0.049899
vt 0.272044 0.047288
vt 0.357090 0.226435
vt 0.357090 0.262964
vt 0.355749 0.262964
vt 0.355749 0.226435
vt 0.053656 0.226435
vt 0.053656 0.280107
vt 0.052316 0.280107
vt 0.052316 0.226435
vt 0.200141 0.566181
vt 0.200141 0.619854
vt 0.198801 0.619854
vt 0.198801 0.566181
vt 0.173983 0.226435
vt 0.173983 0.262965
vt 0.172643 0.262965
vt 0.172643 0.226435
vt 0.245886 0.262963
vt 0.245886 0.226435
vt 0.247226 0.226435
vt 0.247226 0.262963
vt 0.162180 0.430505
vt 0.162180 0.395283
vt 0.163520 0.395283
vt 0.163520 0.430505
vt 0.085046 0.395283
vt 0.085046 0.430506
vt 0.083706 0.430506
vt 0.083706 0.395283
vt 0.357090 0.170153
vt 0.357090 0.223824
vt 0.355749 0.223824
vt 0.355749 0.170153
vt 0.252457 0.566181
vt 0.252457 0.619854
vt 0.251117 0.619854
vt 0.251117 0.566181
vt 0.062779 0.317941
vt 0.062779 0.282718
vt 0.064120 0.282718
vt 0.064120 0.317941
vt 0.168752 0.282718
vt 0.168752 0.317941
vt 0.167411 0.317941
vt 0.167411 0.282718
vt 0.058888 0.226435
vt 0.058888 0.280107
vt 0.057548 0.280107
vt 0.057548 0.226435
vt 0.241994 0.566181
vt 0.241994 0.619853
vt 0.240654 0.619853
vt 0.240654 0.566181
vt 0.167411 0.374223
vt 0.167411 0.339000
vt 0.168752 0.339000
vt 0.168752 0.374223
vt 0.184446 0.339000
vt 0.184446 0.374224
vt 0.183106 0.374224
vt 0.183106 0.339000
vt 0.372784 0.170153
vt 0.372784 0.223824
vt 0.371444 0.223824
vt 0.371444 0.170153
vt 0.247226 0.566181
vt 0.247226 0.619853
vt 0.245886 0.619853
vt 0.245886 0.566181
vt 0.727193 0.365087
vt 0.727193 0.329864
vt 0.728534 0.329864
vt 0.728534 0.365087
vt 0.105972 0.339000
vt 0.105972 0.374224
vt 0.104632 0.374224
vt 0.104632 0.339000
vt 0.069351 0.226435
vt 0.069351 0.280107
vt 0.068011 0.280107
vt 0.068011 0.226435
vt 0.221068 0.566181
vt 0.221068 0.619854
vt 0.219728 0.619854
vt 0.219728 0.566181
vt 0.334823 0.317940
vt 0.334823 0.282718
vt 0.336163 0.282718
vt 0.336163 0.317940
vt 0.707607 0.329864
vt 0.707607 0.365088
vt 0.706267 0.365088
vt 0.706267 0.329864
vt 0.351858 0.170153
vt 0.351858 0.223824
vt 0.350518 0.223824
vt 0.350518 0.170153
vt 0.236763 0.566181
vt 0.236763 0.619854
vt 0.235422 0.619854
vt 0.235422 0.566181
vt 0.319128 0.374223
vt 0.319128 0.339000
vt 0.320468 0.339000
vt 0.320468 0.374223
vt 0.294310 0.339000
vt 0.294310 0.374224
vt 0.292970 0.374224
vt 0.292970 0.339000
vt 0.367553 0.170153
vt 0.367553 0.223824
vt 0.366213 0.223824
vt 0.366213 0.170153
vt 0.215836 0.566181
vt 0.215836 0.619853
vt 0.214496 0.619853
vt 0.214496 0.566181
vt 0.204033 0.317941
vt 0.204033 0.282718
vt 0.205373 0.282718
vt 0.205373 0.317941
vt 0.163520 0.282718
vt 0.163520 0.317941
vt 0.162180 0.317941
vt 0.162180 0.282718
vt 0.048425 0.226435
vt 0.048425 0.280107
vt 0.047084 0.280107
vt 0.047084 0.226435
vt 0.205373 0.566181
vt 0.205373 0.619853
vt 0.204033 0.619853
vt 0.204033 0.566181
vt 0.235422 0.430506
vt 0.235422 0.395283
vt 0.236763 0.395283
vt 0.236763 0.430506
vt 0.090278 0.395283
vt 0.090278 0.430506
vt 0.088937 0.430506
vt 0.088937 0.395283
vt 0.362321 0.170153
vt 0.362321 0.223824
vt 0.360981 0.223824
vt 0.360981 0.170153
vt 0.210605 0.566181
vt 0.210605 0.619853
vt 0.209264 0.619853
vt 0.209264 0.566181
vt 0.308665 0.262963
vt 0.308665 0.226435
vt 0.310005 0.226435
vt 0.310005 0.262963
vt 0.090277 0.047288
vt 0.090277 0.049899
vt 0.088937 0.049899
vt 0.088937 0.047288
vt 0.336163 0.226435
vt 0.336163 0.262963
vt 0.334823 0.262963
vt 0.334823 0.226435
vt 0.351858 0.113870
vt 0.351858 0.167542
vt 0.350518 0.167542
vt 0.350518 0.113870
vt 0.362321 0.507848
vt 0.362321 0.561520
vt 0.360981 0.561520
vt 0.360981 0.507848
vt 0.210605 0.226435
vt 0.210605 0.262963
vt 0.209264 0.262963
vt 0.209264 0.226435
vt 0.167411 0.262963
vt 0.167411 0.226435
vt 0.168752 0.226435
vt 0.168752 0.262963
vt 0.177875 0.430505
vt 0.177875 0.395283
vt 0.179215 0.395283
vt 0.179215 0.430505
vt 0.221068 0.395283
vt 0.221068 0.430506
vt 0.219728 0.430506
vt 0.219728 0.395283
vt 0.330931 0.113870
vt 0.330931 0.167542
vt 0.329591 0.167542
vt 0.329591 0.113870
vt 0.017035 0.508229
vt 0.017035 0.561902
vt 0.015695 0.561902
vt 0.015695 0.508229
vt 0.099401 0.317941
vt 0.099401 0.282718
vt 0.100741 0.282718
vt 0.100741 0.317941
vt 0.173983 0.282718
vt 0.173983 0.317941
vt 0.172643 0.317941
vt 0.172643 0.282718
vt 0.336163 0.113870
vt 0.336163 0.167542
vt 0.334823 0.167542
vt 0.334823 0.113870
vt 0.336163 0.507848
vt 0.336163 0.561520
vt 0.334823 0.561520
vt 0.334823 0.507848
vt 0.245886 0.374223
vt 0.245886 0.339000
vt 0.247226 0.339000
vt 0.247226 0.374223
vt 0.241994 0.339000
vt 0.241994 0.374224
vt 0.240654 0.374224
vt 0.240654 0.339000
vt 0.325700 0.113870
vt 0.325700 0.167542
vt 0.324360 0.167542
vt 0.324360 0.113870
vt 0.357090 0.507848
vt 0.357090 0.561520
vt 0.355749 0.561520
vt 0.355749 0.507848
vt 0.094169 0.374223
vt 0.094169 0.339000
vt 0.095509 0.339000
vt 0.095509 0.374223
vt 0.058888 0.339000
vt 0.058888 0.374224
vt 0.057548 0.374224
vt 0.057548 0.339000
vt 0.362321 0.113870
vt 0.362321 0.167542
vt 0.360981 0.167542
vt 0.360981 0.113870
vt 0.022267 0.508229
vt 0.022267 0.561902
vt 0.020926 0.561902
vt 0.020926 0.508229
vt 0.313896 0.317941
vt 0.313896 0.282718
vt 0.315237 0.282718
vt 0.315237 0.317941
vt 0.294310 0.282718
vt 0.294310 0.317941
vt 0.292970 0.317941
vt 0.292970 0.282718
vt 0.367553 0.113870
vt 0.367553 0.167542
vt 0.366213 0.167542
vt 0.366213 0.113870
vt 0.027498 0.508229
vt 0.027498 0.561902
vt 0.026158 0.561902
vt 0.026158 0.508229
vt 0.324360 0.374223
vt 0.324360 0.339000
vt 0.325700 0.339000
vt 0.325700 0.374223
vt 0.315237 0.339000
vt 0.315237 0.374224
vt 0.313896 0.374224
vt 0.313896 0.339000
vt 0.357090 0.113870
vt 0.357090 0.167542
vt 0.355749 0.167542
vt 0.355749 0.113870
vt 0.351858 0.507848
vt 0.351858 0.561520
vt 0.350518 0.561520
vt 0.350518 0.507848
vt 0.083706 0.317941
vt 0.083706 0.282718
vt 0.085046 0.282718
vt 0.085046 0.317941
vt 0.147825 0.282718
vt 0.147825 0.317941
vt 0.146485 0.317941
vt 0.146485 0.282718
vt 0.320468 0.113870
vt 0.320468 0.167542
vt 0.319128 0.167542
vt 0.319128 0.113870
vt 0.325700 0.507848
vt 0.325700 0.561520
vt 0.324360 0.561520
vt 0.324360 0.507848
vt 0.125559 0.430506
vt 0.125559 0.395283
vt 0.126899 0.395283
vt 0.126899 0.430506
vt 0.200141 0.395283
vt 0.200141 0.430506
vt 0.198801 0.430506
vt 0.198801 0.395283
vt 0.048425 0.170153
vt 0.048425 0.223824
vt 0.047084 0.223824
vt 0.047084 0.170153
vt 0.048425 0.566181
vt 0.048425 0.619854
vt 0.047084 0.619854
vt 0.047084 0.566181
vt 0.287738 0.262963
vt 0.287738 0.226435
vt 0.289079 0.226435
vt 0.289079 0.262963
vt 0.367553 0.049899
vt 0.367553 0.052509
vt 0.366213 0.052509
vt 0.366213 0.049899
vt 0.273384 0.226435
vt 0.273384 0.262964
vt 0.272044 0.262964
vt 0.272044 0.226435
vt 0.090278 0.113870
vt 0.090278 0.167542
vt 0.088937 0.167542
vt 0.088937 0.113870
vt 0.723302 0.437258
vt 0.723302 0.490931
vt 0.721962 0.490931
vt 0.721962 0.437258
vt 0.252457 0.226435
vt 0.252457 0.262964
vt 0.251117 0.262964
vt 0.251117 0.226435
vt 0.261580 0.262963
vt 0.261580 0.226435
vt 0.262921 0.226435
vt 0.262921 0.262963
vt 0.156948 0.430505
vt 0.156948 0.395283
vt 0.158288 0.395283
vt 0.158288 0.430505
vt 0.132130 0.395283
vt 0.132130 0.430506
vt 0.130790 0.430506
vt 0.130790 0.395283
vt 0.085046 0.113870
vt 0.085046 0.167542
vt 0.083706 0.167542
vt 0.083706 0.113870
vt 0.718070 0.437258
vt 0.718070 0.490931
vt 0.716730 0.490931
vt 0.716730 0.437258
vt 0.125559 0.317941
vt 0.125559 0.282718
vt 0.126899 0.282718
vt 0.126899 0.317941
vt 0.121667 0.282718
vt 0.121667 0.317941
vt 0.120327 0.317941
vt 0.120327 0.282718
vt 0.111204 0.113870
vt 0.111204 0.167542
vt 0.109864 0.167542
vt 0.109864 0.113870
vt 0.712839 0.437258
vt 0.712839 0.490931
vt 0.711499 0.490931
vt 0.711499 0.437258
vt 0.214496 0.374223
vt 0.214496 0.339000
vt 0.215836 0.339000
vt 0.215836 0.374223
vt 0.205373 0.339000
vt 0.205373 0.374223
vt 0.204033 0.374223
vt 0.204033 0.339000
vt 0.121667 0.113870
vt 0.121667 0.167542
vt 0.120327 0.167542
vt 0.120327 0.113870
vt 0.315237 0.507848
vt 0.315237 0.561520
vt 0.313896 0.561520
vt 0.313896 0.507848
vt 0.047084 0.374223
vt 0.047084 0.339000
vt 0.048425 0.339000
vt 0.048425 0.374223
vt 0.053656 0.339000
vt 0.053656 0.374224
vt 0.052316 0.374224
vt 0.052316 0.339000
vt 0.064120 0.113870
vt 0.064120 0.167542
vt 0.062779 0.167542
vt 0.062779 0.113870
vt 0.576817 0.271474
vt 0.576817 0.325147
vt 0.575477 0.325147
vt 0.575477 0.271474
vt 0.308665 0.317941
vt 0.308665 0.282718
vt 0.310005 0.282718
vt 0.310005 0.317941
vt 0.299542 0.282718
vt 0.299542 0.317941
vt 0.298202 0.317941
vt 0.298202 0.282718
vt 0.105972 0.113870
vt 0.105972 0.167542
vt 0.104632 0.167542
vt 0.104632 0.113870
vt 0.728534 0.437258
vt 0.728534 0.490931
vt 0.727193 0.490931
vt 0.727193 0.437258
vt 0.350518 0.374223
vt 0.350518 0.339000
vt 0.351858 0.339000
vt 0.351858 0.374223
vt 0.330931 0.339000
vt 0.330931 0.374224
vt 0.329591 0.374224
vt 0.329591 0.339000
vt 0.069351 0.113870
vt 0.069351 0.167542
vt 0.068011 0.167542
vt 0.068011 0.113870
vt 0.320468 0.507848
vt 0.320468 0.561520
vt 0.319128 0.561520
vt 0.319128 0.507848
vt 0.130790 0.317941
vt 0.130790 0.282718
vt 0.132130 0.282718
vt 0.132130 0.317941
vt 0.105972 0.282718
vt 0.105972 0.317941
vt 0.104632 0.317941
vt 0.104632 0.282718
vt 0.053656 0.113870
vt 0.053656 0.167542
vt 0.052316 0.167542
vt 0.052316 0.113870
vt 0.095509 0.113870
vt 0.095509 0.167542
vt 0.094169 0.167542
vt 0.094169 0.113870
vt 0.109864 0.430506
vt 0.109864 0.395283
vt 0.111204 0.395283
vt 0.111204 0.430506
vt 0.137362 0.395283
vt 0.137362 0.430506
vt 0.136022 0.430506
vt 0.136022 0.395283
vt 0.100741 0.113870
vt 0.100741 0.167542
vt 0.099401 0.167542
vt 0.099401 0.113870
vt 0.707607 0.437258
vt 0.707607 0.490931
vt 0.706267 0.490931
vt 0.706267 0.437258
vt 0.282507 0.262963
vt 0.282507 0.226435
vt 0.283847 0.226435
vt 0.283847 0.262963
vt 0.064119 0.049899
vt 0.064119 0.052509
vt 0.062779 0.052509
vt 0.062779 0.049899
vt 0.827934 0.268743
vt 0.827934 0.305272
vt 0.826594 0.305272
vt 0.826594 0.268743
vt 0.241994 0.507848
vt 0.241994 0.562824
vt 0.240654 0.562824
vt 0.240654 0.507848
vt 0.125559 0.049899
vt 0.125559 0.047288
vt 0.126899 0.047288
vt 0.126899 0.049899
vt 0.142594 0.507848
vt 0.142594 0.562824
vt 0.141253 0.562824
vt 0.141253 0.507848
vt 0.137362 0.226435
vt 0.137362 0.262963
vt 0.136022 0.262963
vt 0.136022 0.226435
vt 0.156948 0.262963
vt 0.156948 0.226435
vt 0.158288 0.226435
vt 0.158288 0.262963
vt 0.141253 0.430506
vt 0.141253 0.395283
vt 0.142594 0.395283
vt 0.142594 0.430506
vt 0.100741 0.395283
vt 0.100741 0.430506
vt 0.099401 0.430506
vt 0.099401 0.395283
vt 0.147825 0.507848
vt 0.147825 0.562824
vt 0.146485 0.562824
vt 0.146485 0.507848
vt 0.094169 0.049899
vt 0.094169 0.047288
vt 0.095509 0.047288
vt 0.095509 0.049899
vt 0.236763 0.507848
vt 0.236763 0.562824
vt 0.235422 0.562824
vt 0.235422 0.507848
vt 0.094169 0.317941
vt 0.094169 0.282718
vt 0.095509 0.282718
vt 0.095509 0.317941
vt 0.069351 0.282718
vt 0.069351 0.317941
vt 0.068011 0.317941
vt 0.068011 0.282718
vt 0.158288 0.507848
vt 0.158288 0.562824
vt 0.156948 0.562824
vt 0.156948 0.507848
vt 0.366213 0.049899
vt 0.366213 0.047288
vt 0.367553 0.047288
vt 0.367553 0.049899
vt 0.163520 0.507848
vt 0.163520 0.562824
vt 0.162180 0.562824
vt 0.162180 0.507848
vt 0.177875 0.374223
vt 0.177875 0.339000
vt 0.179215 0.339000
vt 0.179215 0.374223
vt 0.236763 0.339000
vt 0.236763 0.374223
vt 0.235422 0.374223
vt 0.235422 0.339000
vt 0.257689 0.507848
vt 0.257689 0.562823
vt 0.256349 0.562823
vt 0.256349 0.507848
vt 0.083706 0.049898
vt 0.083706 0.047288
vt 0.085046 0.047288
vt 0.085046 0.049898
vt 0.168752 0.507848
vt 0.168752 0.562824
vt 0.167411 0.562824
vt 0.167411 0.507848
vt 0.083706 0.374223
vt 0.083706 0.339000
vt 0.085046 0.339000
vt 0.085046 0.374223
vt 0.733765 0.329864
vt 0.733765 0.365088
vt 0.732425 0.365088
vt 0.732425 0.329864
vt 0.137362 0.507848
vt 0.137362 0.562823
vt 0.136022 0.562823
vt 0.136022 0.507848
vt 0.172643 0.049899
vt 0.172643 0.047288
vt 0.173983 0.047288
vt 0.173983 0.049899
vt 0.173983 0.507848
vt 0.173983 0.562824
vt 0.172643 0.562824
vt 0.172643 0.507848
vt 0.319128 0.317941
vt 0.319128 0.282718
vt 0.320468 0.282718
vt 0.320468 0.317941
vt 0.330931 0.282718
vt 0.330931 0.317941
vt 0.329591 0.317941
vt 0.329591 0.282718
vt 0.179215 0.507848
vt 0.179215 0.562824
vt 0.177875 0.562824
vt 0.177875 0.507848
vt 0.245886 0.049899
vt 0.245886 0.047288
vt 0.247226 0.047288
vt 0.247226 0.049899
vt 0.184447 0.507848
vt 0.184447 0.562824
vt 0.183106 0.562824
vt 0.183106 0.507848
vt 0.334823 0.374223
vt 0.334823 0.339000
vt 0.336163 0.339000
vt 0.336163 0.374223
vt 0.289079 0.339000
vt 0.289079 0.374223
vt 0.287738 0.374223
vt 0.287738 0.339000
vt 0.132130 0.507848
vt 0.132130 0.562824
vt 0.130790 0.562824
vt 0.130790 0.507848
vt 0.062779 0.049899
vt 0.062779 0.047288
vt 0.064120 0.047288
vt 0.064120 0.049899
vt 0.200141 0.507848
vt 0.200141 0.562824
vt 0.198801 0.562824
vt 0.198801 0.507848
vt 0.209264 0.317941
vt 0.209264 0.282718
vt 0.210605 0.282718
vt 0.210605 0.317941
vt 0.184446 0.282718
vt 0.184446 0.317941
vt 0.183106 0.317941
vt 0.183106 0.282718
vt 0.252457 0.507848
vt 0.252457 0.562823
vt 0.251117 0.562823
vt 0.251117 0.507848
vt 0.251117 0.052509
vt 0.251117 0.049899
vt 0.252457 0.049899
vt 0.252457 0.052509
vt 0.205373 0.507848
vt 0.205373 0.562824
vt 0.204033 0.562824
vt 0.204033 0.507848
vt 0.146485 0.430506
vt 0.146485 0.395283
vt 0.147825 0.395283
vt 0.147825 0.430506
vt 0.252457 0.395283
vt 0.252457 0.430506
vt 0.251117 0.430506
vt 0.251117 0.395283
vt 0.210605 0.507848
vt 0.210605 0.562824
vt 0.209264 0.562824
vt 0.209264 0.507848
vt 0.282507 0.049899
vt 0.282507 0.047288
vt 0.283847 0.047288
vt 0.283847 0.049899
vt 0.215836 0.507848
vt 0.215836 0.562824
vt 0.214496 0.562824
vt 0.214496 0.507848
vt 0.831826 0.305271
vt 0.831826 0.268743
vt 0.833166 0.268743
vt 0.833166 0.305271
vt 0.048425 0.047288
vt 0.048425 0.049899
vt 0.047084 0.049899
vt 0.047084 0.047288
vt 0.294310 0.226435
vt 0.294310 0.262965
vt 0.292970 0.262965
vt 0.292970 0.226435
vt 0.215836 0.226435
vt 0.215836 0.262963
vt 0.214496 0.262963
vt 0.214496 0.226435
vt 0.162180 0.262963
vt 0.162180 0.226435
vt 0.163520 0.226435
vt 0.163520 0.262963
vt 0.095509 0.395283
vt 0.095509 0.430506
vt 0.094169 0.430506
vt 0.094169 0.395283
vt 0.172643 0.430505
vt 0.172643 0.395283
vt 0.173983 0.395283
vt 0.173983 0.430505
vt 0.137362 0.282718
vt 0.137362 0.317941
vt 0.136022 0.317941
vt 0.136022 0.282718
vt 0.141253 0.317941
vt 0.141253 0.282718
vt 0.142594 0.282718
vt 0.142594 0.317941
vt 0.210605 0.339000
vt 0.210605 0.374223
vt 0.209264 0.374223
vt 0.209264 0.339000
vt 0.172643 0.374223
vt 0.172643 0.339000
vt 0.173983 0.339000
vt 0.173983 0.374223
vt 0.090278 0.339000
vt 0.090278 0.374223
vt 0.088937 0.374223
vt 0.088937 0.339000
vt 0.716730 0.365087
vt 0.716730 0.329864
vt 0.718070 0.329864
vt 0.718070 0.365087
vt 0.289079 0.282718
vt 0.289079 0.317941
vt 0.287738 0.317941
vt 0.287738 0.282718
vt 0.366213 0.317941
vt 0.366213 0.282718
vt 0.367553 0.282718
vt 0.367553 0.317941
vt 0.367553 0.339000
vt 0.367553 0.374224
vt 0.366213 0.374224
vt 0.366213 0.339000
vt 0.360981 0.374223
vt 0.360981 0.339000
vt 0.362321 0.339000
vt 0.362321 0.374223
vt 0.215836 0.282718
vt 0.215836 0.317941
vt 0.214496 0.317941
vt 0.214496 0.282718
vt 0.198801 0.317941
vt 0.198801 0.282718
vt 0.200141 0.282718
vt 0.200141 0.317941
vt 0.691912 0.381900
vt 0.691912 0.417123
vt 0.690572 0.417123
vt 0.690572 0.381900
vt 0.680109 0.417123
vt 0.680109 0.381900
vt 0.681449 0.381900
vt 0.681449 0.417123
vt 0.069351 0.047288
vt 0.069351 0.050644
vt 0.068011 0.050644
vt 0.068011 0.047288
vt 0.822703 0.268743
vt 0.822703 0.305270
vt 0.821362 0.305270
vt 0.821362 0.268743
vt 0.277275 0.262963
vt 0.277275 0.226435
vt 0.278615 0.226435
vt 0.278615 0.262963
vt 0.676218 0.164932
vt 0.676218 0.219575
vt 0.674877 0.219575
vt 0.674877 0.164932
vt 0.058888 0.047288
vt 0.058888 0.049899
vt 0.057548 0.049899
vt 0.057548 0.047288
vt 0.691912 0.164932
vt 0.691912 0.219576
vt 0.690572 0.219576
vt 0.690572 0.164932
vt 0.681449 0.164932
vt 0.681449 0.219576
vt 0.680109 0.219576
vt 0.680109 0.164932
vt 0.283847 0.049899
vt 0.283847 0.052509
vt 0.282507 0.052509
vt 0.282507 0.049899
vt 0.466953 0.323881
vt 0.466953 0.378526
vt 0.465613 0.378526
vt 0.465613 0.323881
vt 0.686681 0.164932
vt 0.686681 0.219576
vt 0.685341 0.219576
vt 0.685341 0.164932
vt 0.336163 0.047288
vt 0.336163 0.049899
vt 0.334823 0.049899
vt 0.334823 0.047288
vt 0.482648 0.323857
vt 0.482648 0.378503
vt 0.481308 0.378503
vt 0.481308 0.323857
vt 0.262921 0.507848
vt 0.262921 0.562492
vt 0.261580 0.562492
vt 0.261580 0.507848
vt 0.200141 0.047288
vt 0.200141 0.049899
vt 0.198801 0.049899
vt 0.198801 0.047288
vt 0.289079 0.507848
vt 0.289079 0.562492
vt 0.287738 0.562492
vt 0.287738 0.507848
vt 0.278615 0.507848
vt 0.278615 0.562492
vt 0.277275 0.562492
vt 0.277275 0.507848
vt 0.105972 0.047288
vt 0.105972 0.049898
vt 0.104632 0.049898
vt 0.104632 0.047288
vt 0.529733 0.325696
vt 0.529733 0.380342
vt 0.528392 0.380342
vt 0.528392 0.325696
vt 0.283847 0.507848
vt 0.283847 0.562492
vt 0.282507 0.562492
vt 0.282507 0.507848
vt 0.257689 0.047288
vt 0.257689 0.049899
vt 0.256349 0.049899
vt 0.256349 0.047288
vt 0.310005 0.507848
vt 0.310005 0.562492
vt 0.308665 0.562492
vt 0.308665 0.507848
vt 0.294310 0.507848
vt 0.294310 0.562491
vt 0.292970 0.562491
vt 0.292970 0.507848
vt 0.372784 0.047288
vt 0.372784 0.049899
vt 0.371444 0.049899
vt 0.371444 0.047288
vt 0.299542 0.507848
vt 0.299542 0.562493
vt 0.298202 0.562493
vt 0.298202 0.507848
vt 0.670986 0.164932
vt 0.670986 0.219576
vt 0.669646 0.219576
vt 0.669646 0.164932
vt 0.058888 0.049899
vt 0.058888 0.052509
vt 0.057548 0.052509
vt 0.057548 0.049899
vt 0.697144 0.164932
vt 0.697144 0.219575
vt 0.695804 0.219575
vt 0.695804 0.164932
vt 0.273384 0.507848
vt 0.273384 0.562492
vt 0.272044 0.562492
vt 0.272044 0.507848
vt 0.236763 0.047288
vt 0.236763 0.049899
vt 0.235422 0.049899
vt 0.235422 0.047288
vt 0.534964 0.325689
vt 0.534964 0.380334
vt 0.533624 0.380334
vt 0.533624 0.325689
vt 0.053656 0.507848
vt 0.053656 0.562824
vt 0.052316 0.562824
vt 0.052316 0.507848
vt 0.540196 0.325681
vt 0.540196 0.380658
vt 0.538856 0.380658
vt 0.538856 0.325681
vt 0.221068 0.170153
vt 0.221068 0.223824
vt 0.219728 0.223824
vt 0.219728 0.170153
vt 0.236763 0.170153
vt 0.236763 0.223825
vt 0.235422 0.223825
vt 0.235422 0.170153
vt 0.168752 0.113870
vt 0.168752 0.167542
vt 0.167411 0.167542
vt 0.167411 0.113870
vt 0.163520 0.113870
vt 0.163520 0.167541
vt 0.162180 0.167541
vt 0.162180 0.113870
vt 0.315237 0.113870
vt 0.315237 0.167542
vt 0.313896 0.167542
vt 0.313896 0.113870
vt 0.006572 0.508229
vt 0.006572 0.561902
vt 0.005232 0.561902
vt 0.005232 0.508229
vt 0.262921 0.170153
vt 0.262921 0.223824
vt 0.261580 0.223824
vt 0.261580 0.170153
vt 0.147825 0.566181
vt 0.147825 0.619854
vt 0.146485 0.619854
vt 0.146485 0.566181
vt 0.121667 0.170153
vt 0.121667 0.223824
vt 0.120327 0.223824
vt 0.120327 0.170153
vt 0.058888 0.566181
vt 0.058888 0.619854
vt 0.057548 0.619854
vt 0.057548 0.566181
vt 0.336163 0.170153
vt 0.336163 0.223824
vt 0.334823 0.223824
vt 0.334823 0.170153
vt 0.064120 0.226435
vt 0.064120 0.280107
vt 0.062779 0.280107
vt 0.062779 0.226435
vt 0.069351 0.170153
vt 0.069351 0.223825
vt 0.068011 0.223825
vt 0.068011 0.170153
vt 0.372784 0.507848
vt 0.372784 0.561520
vt 0.371444 0.561520
vt 0.371444 0.507848
vt 0.058888 0.113870
vt 0.058888 0.167542
vt 0.057548 0.167542
vt 0.057548 0.113870
vt 0.571585 0.271482
vt 0.571585 0.325155
vt 0.570245 0.325155
vt 0.570245 0.271482
vt 0.247226 0.507848
vt 0.247226 0.562823
vt 0.245886 0.562823
vt 0.245886 0.507848
vt 0.204033 0.050982
vt 0.204033 0.047288
vt 0.205373 0.047288
vt 0.205373 0.050982
vt 0.221068 0.507848
vt 0.221068 0.562824
vt 0.219728 0.562824
vt 0.219728 0.507848
vt 0.362321 0.047288
vt 0.362321 0.050982
vt 0.360981 0.050982
vt 0.360981 0.047288
vt 0.477417 0.323865
vt 0.477417 0.378509
vt 0.476076 0.378509
vt 0.476076 0.323865
vt 0.472185 0.323873
vt 0.472185 0.378517
vt 0.470845 0.378517
vt 0.470845 0.323873
vt 0.132130 0.226435
vt 0.132130 0.264661
vt 0.130790 0.264661
vt 0.130790 0.226435
vt 0.111204 0.047288
vt 0.111204 0.049899
vt 0.109864 0.049899
vt 0.109864 0.047288
vt 0.125559 0.264660
vt 0.125559 0.226435
vt 0.126899 0.226435
vt 0.126899 0.264660
vt 0.895945 0.215070
vt 0.895945 0.253296
vt 0.894605 0.253296
vt 0.894605 0.215070
vt 0.372784 0.049899
vt 0.372784 0.052509
vt 0.371444 0.052509
vt 0.371444 0.049899
vt 0.120327 0.264660
vt 0.120327 0.226435
vt 0.121667 0.226435
vt 0.121667 0.264660
vt 0.906408 0.215070
vt 0.906408 0.253296
vt 0.905068 0.253296
vt 0.905068 0.215070
vt 0.085046 0.049898
vt 0.085046 0.052509
vt 0.083706 0.052509
vt 0.083706 0.049898
vt 0.099401 0.264660
vt 0.099401 0.226435
vt 0.100741 0.226435
vt 0.100741 0.264660
vt 0.901177 0.215070
vt 0.901177 0.253296
vt 0.899836 0.253296
vt 0.899836 0.215070
vt 0.221068 0.049899
vt 0.221068 0.052509
vt 0.219728 0.052509
vt 0.219728 0.049899
vt 0.109864 0.264660
vt 0.109864 0.226435
vt 0.111204 0.226435
vt 0.111204 0.264660
vt 0.095509 0.226435
vt 0.095509 0.264660
vt 0.094169 0.264660
vt 0.094169 0.226435
vt 0.221068 0.047288
vt 0.221068 0.049899
vt 0.219728 0.049899
vt 0.219728 0.047288
vt 0.104632 0.264660
vt 0.104632 0.226435
vt 0.105972 0.226435
vt 0.105972 0.264660
vt 0.634365 0.219578
vt 0.634365 0.257803
vt 0.633024 0.257803
vt 0.633024 0.219578
vt 0.252457 0.047288
vt 0.252457 0.049899
vt 0.251117 0.049899
vt 0.251117 0.047288
vt 0.083706 0.264660
vt 0.083706 0.226435
vt 0.085046 0.226435
vt 0.085046 0.264660
vt 0.644828 0.219578
vt 0.644828 0.257803
vt 0.643488 0.257803
vt 0.643488 0.219578
vt 0.200141 0.049899
vt 0.200141 0.052509
vt 0.198801 0.052509
vt 0.198801 0.049899
vt 0.653951 0.257802
vt 0.653951 0.219578
vt 0.655291 0.219578
vt 0.655291 0.257802
vt 0.650060 0.219578
vt 0.650060 0.257803
vt 0.648719 0.257803
vt 0.648719 0.219578
vt 0.336163 0.049899
vt 0.336163 0.052509
vt 0.334823 0.052509
vt 0.334823 0.049899
vt 0.889373 0.253296
vt 0.889373 0.215070
vt 0.890713 0.215070
vt 0.890713 0.253296
vt 0.639596 0.219578
vt 0.639596 0.257803
vt 0.638256 0.257803
vt 0.638256 0.219578
vt 0.236763 0.049899
vt 0.236763 0.052509
vt 0.235422 0.052509
vt 0.235422 0.049899
vt 0.088937 0.264660
vt 0.088937 0.226435
vt 0.090278 0.226435
vt 0.090278 0.264660
vt 0.911640 0.215070
vt 0.911640 0.253296
vt 0.910300 0.253296
vt 0.910300 0.215070
vt 0.100741 0.047288
vt 0.100741 0.050644
vt 0.099401 0.050644
vt 0.099401 0.047288
vt 0.659182 0.257802
vt 0.659182 0.219578
vt 0.660523 0.219578
vt 0.660523 0.257802
vn 0.000000 -1.000000 0.000000
vn 0.000000 -1.000000 0.000000
vn 0.000000 -1.000000 0.000000
vn 0.000000 -1.000000 0.000000
vn 0.000000 -0.001503 -0.999999
vn 0.000000 -0.001503 -0.999999
vn 0.000000 -0.001503 -0.999999
vn 0.000000 -0.001503 -0.999999
vn -0.999999 -0.001503 0.000000
vn -0.999999 -0.001503 0.000000
vn -0.999999 -0.001503 0.000000
vn -0.999999 -0.001503 0.000000
vn 0.000000 -0.001503 0.999999
vn 0.000000 -0.001503 0.999999
vn 0.000000 -0.001503 0.999999
vn 0.000000 -0.001503 0.999999
vn 0.999999 -0.001503 0.000000
vn 0.999999 -0.001503 0.000000
vn 0.999999 -0.001503 0.000000
vn 0.999999 -0.001503 0.000000
vn 0.000000 -1.000000 0.000000
vn 0.000000 -1.000000 0.000000
vn 0.000000 -1.000000 0.000000
vn 0.000000 -1.000000 0.000000
vn 0.000000 -1.000000 0.000000
vn 0.000000 -1.000000 0.000000
vn 0.000000 -1.000000 0.000000
vn 0.000000 -1.000000 0.000000
vn 0.000000 -1.000000 0.000000
vn 0.000000 -1.000000 0.000000
vn 0.000000 -1.000000 0.000000
vn 0.000000 -1.000000 0.000000
vn 0.000000 -1.000000 0.000000
vn 0.000000 -1.000000 0.000000
vn 0.000000 -1.000000 0.000000
vn 0.000000 -1.000000 0.000000
vn 0.999999 -0.001503 0.000000
vn 0.999999 -0.001503 0.000000
vn 0.999999 -0.001503 0.000000
vn 0.999999 -0.001503 0.000000
vn 0.000000 -0.001503 -0.999999
vn 0.000000 -0.001503 -0.999999
vn 0.000000 -0.001503 -0.999999
vn 0.000000 -0.001503 -0.999999
vn -0.999999 -0.001503 0.000000
vn -0.999999 -0.001503 0.000000
vn -0.999999 -0.001503 0.000000
vn -0.999999 -0.001503 0.000000
vn 0.000000 -0.001503 0.999999
vn 0.000000 -0.001503 0.999999
vn 0.000000 -0.001503 0.999999
vn 0.000000 -0.001503 0.999999
vn 0.000000 -1.000000 0.000000
vn 0.000000 -1.000000 0.000000
vn 0.000000 -1.000000 0.000000
vn 0.000000 -1.000000 0.000000
vn 0.000000 -1.000000 0.000000
vn 0.000000 -1.000000 0.000000
vn 0.000000 -1.000000 0.000000
vn 0.000000 -1.000000 0.000000
vn 0.000000 -1.000000 0.000000
vn 0.000000 -1.000000 0.000000
vn 0.000000 -1.000000 0.000000
vn 0.000000 -1.000000 0.000000
vn 0.000000 -1.000000 0.000000
vn 0.000000 -1.000000 0.000000
vn 0.000000 -1.000000 0.000000
vn 0.000000 -1.000000 0.000000
vn 0.999999 -0.001503 0.000000
vn 0.999999 -0.001503 0.000000
vn 0.999999 -0.001503 0.000000
vn 0.999999 -0.001503 0.000000
vn 0.000000 -0.001503 -0.999999
vn 0.000000 -0.001503 -0.999999
vn 0.000000 -0.001503 -0.999999
vn 0.000000 -0.001503 -0.999999
vn -0.999999 -0.001503 0.000000
vn -0.999999 -0.001503 0.000000
vn -0.999999 -0.001503 0.000000
vn -0.999999 -0.001503 0.000000
vn 0.000000 -0.001503 0.999999
vn 0.000000 -0.001503 0.999999
vn 0.000000 -0.001503 0.999999
vn 0.000000 -0.001503 0.999999
vn 0.000000 -1.000000 0.000000
vn 0.000000 -1.000000 0.000000
vn 0.000000 -1.000000 0.000000
vn 0.000000 -1.000000 0.000000
vn 0.000000 -1.000000 0.000000
vn 0.000000 -1.000000 0.000000
vn 0.000000 -1.000000 0.000000
vn 0.000000 -1.000000 0.000000
vn 0.000000 -1.000000 0.000000
vn 0.000000 -1.000000 0.000000
vn 0.000000 -1.000000 0.000000
vn 0.000000 -1.000000 0.000000
vn 0.000000 -1.000000 0.000000
vn 0.000000 -1.000000 0.000000
vn 0.000000 -1.000000 0.000000
vn 0.000000 -1.000000 0.000000
vn 0.000000 -1.000000 0.000000
vn 0.000000 -1.000000 0.000000
vn 0.000000 -1.000000 0.000000
vn 0.000000 -1.000000 0.000000
vn 0.000000 -1.000000 0.000000
vn 0.000000 -1.000000 0.000000
vn 0.000000 -1.000000 0.000000
vn 0.000000 -1.000000 0.000000
vn 0.000000 -1.000000 0.000000
vn 0.000000 -1.000000 0.000000
vn 0.000000 -1.000000 0.000000
vn 0.000000 -1.000000 0.000000
vn 0.000000 -1.000000 0.000000
vn 0.000000 -1.000000 0.000000
vn 0.000000 -1.000000 0.000000
vn 0.000000 -1.000000 0.000000
vn 0.000000 -1.000000 0.000000
vn 0.000000 -1.000000 0.000000
vn 0.000000 -1.000000 0.000000
vn 0.000000 -1.000000 0.000000
vn 0.000000 -1.000000 0.000000
vn 0.000000 -1.000000 0.000000
vn 0.000000 -1.000000 0.000000
vn 0.000000 -1.000000 0.000000
vn 0.000000 -1.000000 0.000000
vn 0.000000 -1.000000 0.000000
vn 0.000000 -1.000000 0.000000
vn 0.000000 -1.000000 0.000000
vn 0.000000 -1.000000 0.000000
vn 0.000000 -1.000000 0.000000
vn 0.000000 -1.000000 0.000000
vn 0.000000 -1.000000 0.000000
vn 0.000000 -1.000000 0.000000
vn 0.000000 -1.000000 0.000000
vn 0.000000 -1.000000 0.000000
vn 0.000000 -1.000000 0.000000
vn 0.000000 -1.000000 0.000000
vn 0.000000 -1.000000 0.000000
vn 0.000000 -1.000000 0.000000
vn 0.000000 -1.000000 0.000000
vn 0.000000 -1.000000 0.000000
vn 0.000000 -1.000000 0.000000
vn 0.000000 -1.000000 0.000000
vn 0.000000 -1.000000 0.000000
vn 0.000000 -1.000000 0.000000
vn 0.000000 -1.000000 0.000000
vn 0.000000 -1.000000 0.000000
vn 0.000000 -1.000000 0.000000
vn 0.000000 -1.000000 0.000000
vn 0.000000 -1.000000 0.000000
vn 0.000000 -1.000000 0.000000
vn 0.000000 -1.000000 0.000000
vn 0.000000 -1.000000 0.000000
vn 0.000000 -1.000000 0.000000
vn 0.000000 -1.000000 0.000000
vn 0.000000 -1.000000 0.000000
vn 0.000000 -1.000000 0.000000
vn 0.000000 -1.000000 0.000000
vn 0.000000 -1.000000 0.000000
vn 0.000000 -1.000000 0.000000
vn 0.000000 -1.000000 0.000000
vn 0.000000 -1.000000 0.000000
vn 0.000000 -1.000000 0.000000
vn 0.000000 -1.000000 0.000000
vn 0.000000 -1.000000 0.000000
vn 0.000000 -1.000000 0.000000
vn 0.000000 -1.000000 0.000000
vn 0.000000 -1.000000 0.000000
vn 0.000000 -1.000000 0.000000
vn 0.000000 -1.000000 0.000000
vn 0.000000 -1.000000 0.000000
vn 0.000000 -1.000000 0.000000
vn 0.000000 -1.000000 0.000000
vn 0.000000 -1.000000 0.000000
vn 0.000000 -1.000000 0.000000
vn 0.000000 -1.000000 0.000000
vn 0.000000 -1.000000 0.000000
vn 0.000000 -1.000000 0.000000
vn 0.000000 -1.000000 0.000000
vn 0.000000 -1.000000 0.000000
vn 0.000000 -1.000000 0.000000
vn 0.000000 -1.000000 0.000000
vn 0.000000 -1.000000 0.000000
vn 0.000000 -1.000000 0.000000
vn 0.000000 -1.000000 0.000000
vn 0.000000 -1.000000 0.000000
vn 0.000000 -1.000000 0.000000
vn 0.000000 -1.000000 0.000000
vn 0.000000 -1.000000 0.000000
vn 0.000000 -1.000000 0.000000
vn 0.000000 -1.000000 0.000000
vn 0.000000 -1.000000 0.000000
vn 0.000000 -1.000000 0.000000
vn 0.000000 -1.000000 0.000000
vn 0.000000 -1.000000 0.000000
vn 0.000000 -1.000000 0.000000
vn 0.000000 -1.000000 0.000000
vn 0.000000 -1.000000 0.000000
vn 0.000000 -1.000000 0.000000
vn 0.000000 -1.000000 0.000000
vn 0.000000 -1.000000 0.000000
vn 0.000000 -1.000000 0.000000
vn 0.000000 -1.000000 0.000000
vn 0.000000 -1.000000 0.000000
vn 0.000000 -1.000000 0.000000
vn 0.000000 -1.000000 0.000000
vn 0.000000 -1.000000 0.000000
vn 0.000000 -1.000000 0.000000
vn 0.000000 -1.000000 0.000000
vn 0.000000 -1.000000 0.000000
vn 0.000000 -1.000000 0.000000
vn 0.000000 -1.000000 0.000000
vn 0.000000 -0.001503 -0.999999
vn 0.000000 -0.001503 -0.999999
vn 0.000000 -0.001503 -0.999999
vn 0.000000 -0.001503 -0.999999
vn -0.999999 -0.001504 0.000000
vn -0.999999 -0.001504 0.000000
vn -0.999999 -0.001504 0.000000
vn -0.999999 -0.001504 0.000000
vn 0.000000 -0.001503 0.999999
vn 0.000000 -0.001503 0.999999
vn 0.000000 -0.001503 0.999999
vn 0.000000 -0.001503 0.999999
vn 0.999999 -0.001503 0.000000
vn 0.999999 -0.001503 0.000000
vn 0.999999 -0.001503 0.000000
vn 0.999999 -0.001503 0.000000
vn 0.000000 -1.000000 0.000000
vn 0.000000 -1.000000 0.000000
vn 0.000000 -1.000000 0.000000
vn 0.000000 -1.000000 0.000000
vn 0.000000 -1.000000 0.000000
vn 0.000000 -1.000000 0.000000
vn 0.000000 -1.000000 0.000000
vn 0.000000 -1.000000 0.000000
vn 0.000000 -1.000000 0.000000
vn 0.000000 -1.000000 0.000000
vn 0.000000 -1.000000 0.000000
vn 0.000000 -1.000000 0.000000
vn 0.000000 -1.000000 0.000000
vn 0.000000 -1.000000 0.000000
vn 0.000000 -1.000000 0.000000
vn 0.000000 -1.000000 0.000000
vn 0.000000 -0.001503 -0.999999
vn 0.000000 -0.001503 -0.999999
vn 0.000000 -0.001503 -0.999999
vn 0.000000 -0.001503 -0.999999
vn -0.999999 -0.001503 0.000000
vn -0.999999 -0.001503 0.000000
vn -0.999999 -0.001503 0.000000
vn -0.999999 -0.001503 0.000000
vn 0.000000 -0.001503 0.999999
vn 0.000000 -0.001503 0.999999
vn 0.000000 -0.001503 0.999999
vn 0.000000 -0.001503 0.999999
vn 0.999999 -0.001503 0.000000
vn 0.999999 -0.001503 0.000000
vn 0.999999 -0.001503 0.000000
vn 0.999999 -0.001503 0.000000
vn 0.000000 -1.000000 0.000000
vn 0.000000 -1.000000 0.000000
vn 0.000000 -1.000000 0.000000
vn 0.000000 -1.000000 0.000000
vn 0.000000 -1.000000 0.000000
vn 0.000000 -1.000000 0.000000
vn 0.000000 -1.000000 0.000000
vn 0.000000 -1.000000 0.000000
vn 0.000000 -1.000000 0.000000
vn 0.000000 -1.000000 0.000000
vn 0.000000 -1.000000 0.000000
vn 0.000000 -1.000000 0.000000
vn 0.000000 -1.000000 0.000000
vn 0.000000 -1.000000 0.000000
vn 0.000000 -1.000000 0.000000
vn 0.000000 -1.000000 0.000000
vn 0.000000 -0.001503 -0.999999
vn 0.000000 -0.001503 -0.999999
vn 0.000000 -0.001503 -0.999999
vn 0.000000 -0.001503 -0.999999
vn -0.999999 -0.001503 0.000000
vn -0.999999 -0.001503 0.000000
vn -0.999999 -0.001503 0.000000
vn -0.999999 -0.001503 0.000000
vn 0.000000 -0.001503 0.999999
vn 0.000000 -0.001503 0.999999
vn 0.000000 -0.001503 0.999999
vn 0.000000 -0.001503 0.999999
vn 0.999999 -0.001503 0.000000
vn 0.999999 -0.001503 0.000000
vn 0.999999 -0.001503 0.000000
vn 0.999999 -0.001503 0.000000
vn 0.000000 -1.000000 0.000000
vn 0.000000 -1.000000 0.000000
vn 0.000000 -1.000000 0.000000
vn 0.000000 -1.000000 0.000000
vn 0.000000 -1.000000 0.000000
vn 0.000000 -1.000000 0.000000
vn 0.000000 -1.000000 0.000000
vn 0.000000 -1.000000 0.000000
vn 0.000000 -1.000000 0.000000
vn 0.000000 -1.000000 0.000000
vn 0.000000 -1.000000 0.000000
vn 0.000000 -1.000000 0.000000
vn 0.000000 -1.000000 0.000000
vn 0.000000 -1.000000 0.000000
vn 0.000000 -1.000000 0.000000
vn 0.000000 -1.000000 0.000000
vn 0.000000 -1.000000 0.000000
vn 0.000000 -1.000000 0.000000
vn 0.000000 -1.000000 0.000000
vn 0.000000 -1.000000 0.000000
vn 0.000000 -1.000000 0.000000
vn 0.000000 -1.000000 0.000000
vn 0.000000 -1.000000 0.000000
vn 0.000000 -1.000000 0.000000
vn 0.000000 -1.000000 0.000000
vn 0.000000 -1.000000 0.000000
vn 0.000000 -1.000000 0.000000
vn 0.000000 -1.000000 0.000000
vn 0.000000 -1.000000 0.000000
vn 0.000000 -1.000000 0.000000
vn 0.000000 -1.000000 0.000000
vn 0.000000 -1.000000 0.000000
vn 0.000000 -1.000000 0.000000
vn 0.000000 -1.000000 0.000000
vn 0.000000 -1.000000 0.000000
vn 0.000000 -1.000000 0.000000
vn 0.000000 -1.000000 0.000000
vn 0.000000 -1.000000 0.000000
vn 0.000000 -1.000000 0.000000
vn 0.000000 -1.000000 0.000000
vn 0.000000 -1.000000 0.000000
vn 0.000000 -1.000000 0.000000
vn 0.000000 -1.000000 0.000000
vn 0.000000 -1.000000 0.000000
vn 0.000000 -1.000000 0.000000
vn 0.000000 -1.000000 0.000000
vn 0.000000 -1.000000 0.000000
vn 0.000000 -1.000000 0.000000
vn 0.000000 -1.000000 0.000000
vn 0.000000 -1.000000 0.000000
vn 0.000000 -1.000000 0.000000
vn 0.000000 -1.000000 0.000000
vn 0.000000 -1.000000 0.000000
vn 0.000000 -1.000000 0.000000
vn 0.000000 -1.000000 0.000000
vn 0.000000 -1.000000 0.000000
vn 0.000000 -1.000000 0.000000
vn 0.000000 -1.000000 0.000000
vn 0.000000 -1.000000 0.000000
vn 0.000000 -1.000000 0.000000
vn 0.000000 -1.000000 0.000000
vn 0.000000 -1.000000 0.000000
vn 0.000000 -1.000000 0.000000
vn 0.000000 -1.000000 0.000000
vn 0.000000 -1.000000 0.000000
vn 0.000000 -1.000000 0.000000
vn 0.000000 -1.000000 0.000000
vn 0.000000 -1.000000 0.000000
vn 0.000000 -1.000000 0.000000
vn 0.000000 -1.000000 0.000000
vn 0.000000 -1.000000 0.000000
vn 0.000000 -1.000000 0.000000
vn 0.000000 -1.000000 0.000000
vn 0.000000 -1.000000 0.000000
vn 0.000000 -1.000000 0.000000
vn 0.000000 -1.000000 0.000000
vn 0.000000 -1.000000 0.000000
vn 0.000000 -1.000000 0.000000
vn 0.000000 -1.000000 0.000000
vn 0.000000 -1.000000 0.000000
vn 0.000000 -1.000000 0.000000
vn 0.000000 -1.000000 0.000000
vn 0.000000 -1.000000 0.000000
vn 0.000000 -1.000000 0.000000
vn 0.000000 -1.000000 0.000000
vn 0.000000 -1.000000 0.000000
vn 0.000000 -1.000000 0.000000
vn 0.000000 -1.000000 0.000000
vn 0.000000 -1.000000 0.000000
vn 0.000000 -1.000000 0.000000
vn 0.000000 -1.000000 0.000000
vn 0.000000 -1.000000 0.000000
vn 0.000000 -1.000000 0.000000
vn 0.000000 -1.000000 0.000000
vn 0.000000 -1.000000 0.000000
vn 0.000000 -1.000000 0.000000
vn 0.000000 -1.000000 0.000000
vn 0.000000 -1.000000 0.000000
vn 0.000000 -1.000000 0.000000
vn 0.000000 -1.000000 0.000000
vn 0.000000 -1.000000 0.000000
vn 0.000000 -1.000000 0.000000
vn 0.000000 -1.000000 0.000000
vn 0.000000 -1.000000 0.000000
vn 0.000000 -1.000000 0.000000
vn 0.000000 -1.000000 0.000000
vn 0.000000 -1.000000 0.000000
vn 0.000000 -1.000000 0.000000
vn 0.000000 -1.000000 0.000000
vn 0.000000 -1.000000 0.000000
vn 0.000000 -1.000000 0.000000
vn 0.000000 -1.000000 0.000000
vn 0.000000 -1.000000 0.000000
vn 0.000000 -1.000000 0.000000
vn 0.000000 -1.000000 0.000000
vn 0.000000 -1.000000 0.000000
vn 0.000000 -1.000000 0.000000
vn 0.000000 -1.000000 0.000000
vn 0.000000 -1.000000 0.000000
vn 0.000000 -1.000000 0.000000
vn 0.000000 -1.000000 0.000000
vn 0.000000 -1.000000 0.000000
vn 0.000000 -1.000000 0.000000
vn 0.000000 -1.000000 0.000000
vn 0.000000 -1.000000 0.000000
vn 0.000000 -1.000000 0.000000
vn 0.000000 -1.000000 0.000000
vn 0.000000 -1.000000 0.000000
vn 0.000000 -0.001504 -0.999999
vn 0.000000 -0.001504 -0.999999
vn 0.000000 -0.001504 -0.999999
vn 0.000000 -0.001504 -0.999999
vn -0.999999 -0.001503 0.000000
vn -0.999999 -0.001503 0.000000
vn -0.999999 -0.001503 0.000000
vn -0.999999 -0.001503 0.000000
vn 0.000000 -0.001504 0.999999
vn 0.000000 -0.001504 0.999999
vn 0.000000 -0.001504 0.999999
vn 0.000000 -0.001504 0.999999
vn 0.999999 -0.001503 0.000000
vn 0.999999 -0.001503 0.000000
vn 0.999999 -0.001503 0.000000
vn 0.999999 -0.001503 0.000000
vn 0.000000 -1.000000 0.000000
vn 0.000000 -1.000000 0.000000
vn 0.000000 -1.000000 0.000000
vn 0.000000 -1.000000 0.000000
vn 0.000000 -1.000000 0.000000
vn 0.000000 -1.000000 0.000000
vn 0.000000 -1.000000 0.000000
vn 0.000000 -1.000000 0.000000
vn 0.000000 -1.000000 0.000000
vn 0.000000 -1.000000 0.000000
vn 0.000000 -1.000000 0.000000
vn 0.000000 -1.000000 0.000000
vn 0.000000 -1.000000 0.000000
vn 0.000000 -1.000000 0.000000
vn 0.000000 -1.000000 0.000000
vn 0.000000 -1.000000 0.000000
vn 0.000000 -0.001504 -0.999999
vn 0.000000 -0.001504 -0.999999
vn 0.000000 -0.001504 -0.999999
vn 0.000000 -0.001504 -0.999999
vn -0.999999 -0.001503 0.000000
vn -0.999999 -0.001503 0.000000
vn -0.999999 -0.001503 0.000000
vn -0.999999 -0.001503 0.000000
vn 0.000000 -0.001504 0.999999
vn 0.000000 -0.001504 0.999999
vn 0.000000 -0.001504 0.999999
vn 0.000000 -0.001504 0.999999
vn 0.999999 -0.001503 0.000000
vn 0.999999 -0.001503 0.000000
vn 0.999999 -0.001503 0.000000
vn 0.999999 -0.001503 0.000000
vn 0.000000 -1.000000 0.000000
vn 0.000000 -1.000000 0.000000
vn 0.000000 -1.000000 0.000000
vn 0.000000 -1.000000 0.000000
vn 0.000000 -1.000000 0.000000
vn 0.000000 -1.000000 0.000000
vn 0.000000 -1.000000 0.000000
vn 0.000000 -1.000000 0.000000
vn 0.000000 -1.000000 0.000000
vn 0.000000 -1.000000 0.000000
vn 0.000000 -1.000000 0.000000
vn 0.000000 -1.000000 0.000000
vn 0.000000 -1.000000 0.000000
vn 0.000000 -1.000000 0.000000
vn 0.000000 -1.000000 0.000000
vn 0.000000 -1.000000 0.000000
vn 0.000000 -0.001504 -0.999999
vn 0.000000 -0.001504 -0.999999
vn 0.000000 -0.001504 -0.999999
vn 0.000000 -0.001504 -0.999999
vn -0.999999 -0.001504 0.000000
vn -0.999999 -0.001504 0.000000
vn -0.999999 -0.001504 0.000000
vn -0.999999 -0.001504 0.000000
vn 0.000000 -0.001504 0.999999
vn 0.000000 -0.001504 0.999999
vn 0.000000 -0.001504 0.999999
vn 0.000000 -0.001504 0.999999
vn 0.999999 -0.001503 0.000000
vn 0.999999 -0.001503 0.000000
vn 0.999999 -0.001503 0.000000
vn 0.999999 -0.001503 0.000000
vn 0.000000 -1.000000 0.000000
vn 0.000000 -1.000000 0.000000
vn 0.000000 -1.000000 0.000000
vn 0.000000 -1.000000 0.000000
vn 0.000000 -1.000000 0.000000
vn 0.000000 -1.000000 0.000000
vn 0.000000 -1.000000 0.000000
vn 0.000000 -1.000000 0.000000
vn 0.000000 -1.000000 0.000000
vn 0.000000 -1.000000 0.000000
vn 0.000000 -1.000000 0.000000
vn 0.000000 -1.000000 0.000000
vn 0.000000 -1.000000 0.000000
vn 0.000000 -1.000000 0.000000
vn 0.000000 -1.000000 0.000000
vn 0.000000 -1.000000 0.000000
vn 0.000000 -1.000000 0.000000
vn 0.000000 -1.000000 0.000000
vn 0.000000 -1.000000 0.000000
vn 0.000000 -1.000000 0.000000
vn 0.000000 -1.000000 0.000000
vn 0.000000 -1.000000 0.000000
vn 0.000000 -1.000000 0.000000
vn 0.000000 -1.000000 0.000000
vn 0.000000 -1.000000 0.000000
vn 0.000000 -1.000000 0.000000
vn 0.000000 -1.000000 0.000000
vn 0.000000 -1.000000 0.000000
vn 0.000000 -1.000000 0.000000
vn 0.000000 -1.000000 0.000000
vn 0.000000 -1.000000 0.000000
vn 0.000000 -1.000000 0.000000
vn 0.000000 -1.000000 0.000000
vn 0.000000 -1.000000 0.000000
vn 0.000000 -1.000000 0.000000
vn 0.000000 -1.000000 0.000000
vn 0.000000 -1.000000 0.000000
vn 0.000000 -1.000000 0.000000
vn 0.000000 -1.000000 0.000000
vn 0.000000 -1.000000 0.000000
vn 0.000000 -1.000000 0.000000
vn 0.000000 -1.000000 0.000000
vn 0.000000 -1.000000 0.000000
vn 0.000000 -1.000000 0.000000
vn 0.000000 -1.000000 0.000000
vn 0.000000 -1.000000 0.000000
vn 0.000000 -1.000000 0.000000
vn 0.000000 -1.000000 0.000000
vn 0.000000 -1.000000 0.000000
vn 0.000000 -1.000000 0.000000
vn 0.000000 -1.000000 0.000000
vn 0.000000 -1.000000 0.000000
vn 0.000000 -1.000000 0.000000
vn 0.000000 -1.000000 0.000000
vn 0.000000 -1.000000 0.000000
vn 0.000000 -1.000000 0.000000
vn 0.000000 -1.000000 0.000000
vn 0.000000 -1.000000 0.000000
vn 0.000000 -1.000000 0.000000
vn 0.000000 -1.000000 0.000000
vn 0.000000 -1.000000 0.000000
vn 0.000000 -1.000000 0.000000
vn 0.000000 -1.000000 0.000000
vn 0.000000 -1.000000 0.000000
vn 0.000000 -1.000000 0.000000
vn 0.000000 -1.000000 0.000000
vn 0.000000 -1.000000 0.000000
vn 0.000000 -1.000000 0.000000
vn 0.000000 -1.000000 0.000000
vn 0.000000 -1.000000 0.000000
vn 0.000000 -1.000000 0.000000
vn 0.000000 -1.000000 0.000000
vn 0.000000 -1.000000 0.000000
vn 0.000000 -1.000000 0.000000
vn 0.000000 -1.000000 0.000000
vn 0.000000 -1.000000 0.000000
vn 0.000000 -1.000000 0.000000
vn 0.000000 -1.000000 0.000000
vn 0.000000 -1.000000 0.000000
vn 0.000000 -1.000000 0.000000
vn 0.000000 -1.000000 0.000000
vn 0.000000 -1.000000 0.000000
vn 0.000000 -1.000000 0.000000
vn 0.000000 -1.000000 0.000000
vn 0.000000 -1.000000 0.000000
vn 0.000000 -1.000000 0.000000
vn 0.000000 -1.000000 0.000000
vn 0.000000 -1.000000 0.000000
vn 0.000000 -1.000000 0.000000
vn 0.000000 -1.000000 0.000000
vn 0.000000 -1.000000 0.000000
vn 0.000000 -1.000000 0.000000
vn 0.000000 -1.000000 0.000000
vn 0.000000 -1.000000 0.000000
vn 0.000000 -1.000000 0.000000
vn 0.000000 -1.000000 0.000000
vn 0.000000 -1.000000 0.000000
vn 0.000000 -1.000000 0.000000
vn 0.000000 -1.000000 0.000000
vn 0.000000 -1.000000 0.000000
vn 0.000000 -1.000000 0.000000
vn 0.000000 -1.000000 0.000000
vn 0.000000 -1.000000 0.000000
vn 0.000000 -1.000000 0.000000
vn 0.000000 -1.000000 0.000000
vn 0.000000 -1.000000 0.000000
vn 0.000000 -1.000000 0.000000
vn 0.000000 -1.000000 0.000000
vn 0.000000 -1.000000 0.000000
vn 0.000000 -1.000000 0.000000
vn 0.000000 -1.000000 0.000000
vn 0.000000 -1.000000 0.000000
vn 0.000000 -1.000000 0.000000
vn 0.000000 -1.000000 0.000000
vn 0.000000 -1.000000 0.000000
vn 0.000000 -1.000000 0.000000
vn 0.000000 -1.000000 0.000000
vn 0.000000 -1.000000 0.000000
vn 0.000000 -1.000000 0.000000
vn 0.000000 -1.000000 0.000000
vn 0.000000 -1.000000 0.000000
vn 0.000000 -1.000000 0.000000
vn 0.000000 -1.000000 0.000000
vn 0.000000 -1.000000 0.000000
vn 0.000000 -1.000000 0.000000
vn 0.000000 -1.000000 0.000000
vn 0.000000 -1.000000 0.000000
vn 0.000000 -1.000000 0.000000
vn 0.000000 1.000000 0.000000
vn 0.000000 1.000000 0.000000
vn 0.000000 1.000000 0.000000
vn 0.000000 1.000000 0.000000
vn 0.000000 0.000000 1.000000
vn 0.000000 0.000000 1.000000
vn 0.000000 0.000000 1.000000
vn 0.000000 0.000000 1.000000
vn 1.000000 0.000000 0.000000
vn 1.000000 0.000000 0.000000
vn 1.000000 0.000000 0.000000
vn 1.000000 0.000000 0.000000
vn 0.000000 0.000000 -1.000000
vn 0.000000 0.000000 -1.000000
vn 0.000000 0.000000 -1.000000
vn 0.000000 0.000000 -1.000000
vn -1.000000 0.000000 0.000000
vn -1.000000 0.000000 0.000000
vn -1.000000 0.000000 0.000000
vn -1.000000 0.000000 0.000000
vn 0.000000 1.000000 0.000000
vn 0.000000 1.000000 0.000000
vn 0.000000 1.000000 0.000000
vn 0.000000 1.000000 0.000000
vn 0.000000 1.000000 0.000000
vn 0.000000 1.000000 0.000000
vn 0.000000 1.000000 0.000000
vn 0.000000 1.000000 0.000000
vn 0.000000 1.000000 0.000000
vn 0.000000 1.000000 0.000000
vn 0.000000 1.000000 0.000000
vn 0.000000 1.000000 0.000000
vn 0.000000 1.000000 0.000000
vn 0.000000 1.000000 0.000000
vn 0.000000 1.000000 0.000000
vn 0.000000 1.000000 0.000000
vn -1.000000 0.000000 0.000000
vn -1.000000 0.000000 0.000000
vn -1.000000 0.000000 0.000000
vn -1.000000 0.000000 0.000000
vn 0.000000 0.000000 1.000000
vn 0.000000 0.000000 1.000000
vn 0.000000 0.000000 1.000000
vn 0.000000 0.000000 1.000000
vn 1.000000 0.000000 0.000000
vn 1.000000 0.000000 0.000000
vn 1.000000 0.000000 0.000000
vn 1.000000 0.000000 0.000000
vn 0.000000 0.000000 -1.000000
vn 0.000000 0.000000 -1.000000
vn 0.000000 0.000000 -1.000000
vn 0.000000 0.000000 -1.000000
vn 0.000000 1.000000 0.000000
vn 0.000000 1.000000 0.000000
vn 0.000000 1.000000 0.000000
vn 0.000000 1.000000 0.000000
vn 0.000000 1.000000 0.000000
vn 0.000000 1.000000 0.000000
vn 0.000000 1.000000 0.000000
vn 0.000000 1.000000 0.000000
vn 0.000000 1.000000 0.000000
vn 0.000000 1.000000 0.000000
vn 0.000000 1.000000 0.000000
vn 0.000000 1.000000 0.000000
vn 0.000000 1.000000 0.000000
vn 0.000000 1.000000 0.000000
vn 0.000000 1.000000 0.000000
vn 0.000000 1.000000 0.000000
vn -1.000000 0.000000 0.000000
vn -1.000000 0.000000 0.000000
vn -1.000000 0.000000 0.000000
vn -1.000000 0.000000 0.000000
vn 0.000000 0.000000 1.000000
vn 0.000000 0.000000 1.000000
vn 0.000000 0.000000 1.000000
vn 0.000000 0.000000 1.000000
vn 1.000000 0.000000 0.000000
vn 1.000000 0.000000 0.000000
vn 1.000000 0.000000 0.000000
vn 1.000000 0.000000 0.000000
vn 0.000000 0.000000 -1.000000
vn 0.000000 0.000000 -1.000000
vn 0.000000 0.000000 -1.000000
vn 0.000000 0.000000 -1.000000
vn 0.000000 1.000000 0.000000
vn 0.000000 1.000000 0.000000
vn 0.000000 1.000000 0.000000
vn 0.000000 1.000000 0.000000
vn 0.000000 1.000000 0.000000
vn 0.000000 1.000000 0.000000
vn 0.000000 1.000000 0.000000
vn 0.000000 1.000000 0.000000
vn 0.000000 1.000000 0.000000
vn 0.000000 1.000000 0.000000
vn 0.000000 1.000000 0.000000
vn 0.000000 1.000000 0.000000
vn 0.000000 1.000000 0.000000
vn 0.000000 1.000000 0.000000
vn 0.000000 1.000000 0.000000
vn 0.000000 1.000000 0.000000
vn 0.000000 1.000000 0.000000
vn 0.000000 1.000000 0.000000
vn 0.000000 1.000000 0.000000
vn 0.000000 1.000000 0.000000
vn 0.000000 1.000000 0.000000
vn 0.000000 1.000000 0.000000
vn 0.000000 1.000000 0.000000
vn 0.000000 1.000000 0.000000
vn 0.000000 1.000000 0.000000
vn 0.000000 1.000000 0.000000
vn 0.000000 1.000000 0.000000
vn 0.000000 1.000000 0.000000
vn 0.000000 1.000000 0.000000
vn 0.000000 1.000000 0.000000
vn 0.000000 1.000000 0.000000
vn 0.000000 1.000000 0.000000
vn 0.000000 1.000000 0.000000
vn 0.000000 1.000000 0.000000
vn 0.000000 1.000000 0.000000
vn 0.000000 1.000000 0.000000
vn 0.000000 1.000000 0.000000
vn 0.000000 1.000000 0.000000
vn 0.000000 1.000000 0.000000
vn 0.000000 1.000000 0.000000
vn 0.000000 1.000000 0.000000
vn 0.000000 1.000000 0.000000
vn 0.000000 1.000000 0.000000
vn 0.000000 1.000000 0.000000
vn 0.000000 1.000000 0.000000
vn 0.000000 1.000000 0.000000
vn 0.000000 1.000000 0.000000
vn 0.000000 1.000000 0.000000
vn 0.000000 1.000000 0.000000
vn 0.000000 1.000000 0.000000
vn 0.000000 1.000000 0.000000
vn 0.000000 1.000000 0.000000
vn 0.000000 1.000000 0.000000
vn 0.000000 1.000000 0.000000
vn 0.000000 1.000000 0.000000
vn 0.000000 1.000000 0.000000
vn 0.000000 1.000000 0.000000
vn 0.000000 1.000000 0.000000
vn 0.000000 1.000000 0.000000
vn 0.000000 1.000000 0.000000
vn 0.000000 1.000000 0.000000
vn 0.000000 1.000000 0.000000
vn 0.000000 1.000000 0.000000
vn 0.000000 1.000000 0.000000
vn 0.000000 1.000000 0.000000
vn 0.000000 1.000000 0.000000
vn 0.000000 1.000000 0.000000
vn 0.000000 1.000000 0.000000
vn 0.000000 1.000000 0.000000
vn 0.000000 1.000000 0.000000
vn 0.000000 1.000000 0.000000
vn 0.000000 1.000000 0.000000
vn 0.000000 1.000000 0.000000
vn 0.000000 1.000000 0.000000
vn 0.000000 1.000000 0.000000
vn 0.000000 1.000000 0.000000
vn 0.000000 1.000000 0.000000
vn 0.000000 1.000000 0.000000
vn 0.000000 1.000000 0.000000
vn 0.000000 1.000000 0.000000
vn 0.000000 1.000000 0.000000
vn 0.000000 1.000000 0.000000
vn 0.000000 1.000000 0.000000
vn 0.000000 1.000000 0.000000
vn 0.000000 1.000000 0.000000
vn 0.000000 1.000000 0.000000
vn 0.000000 1.000000 0.000000
vn 0.000000 1.000000 0.000000
vn 0.000000 1.000000 0.000000
vn 0.000000 1.000000 0.000000
vn 0.000000 1.000000 0.000000
vn 0.000000 1.000000 0.000000
vn 0.000000 1.000000 0.000000
vn 0.000000 1.000000 0.000000
vn 0.000000 1.000000 0.000000
vn 0.000000 1.000000 0.000000
vn 0.000000 1.000000 0.000000
vn 0.000000 1.000000 0.000000
vn 0.000000 1.000000 0.000000
vn 0.000000 1.000000 0.000000
vn 0.000000 1.000000 0.000000
vn 0.000000 1.000000 0.000000
vn 0.000000 1.000000 0.000000
vn 0.000000 1.000000 0.000000
vn 0.000000 1.000000 0.000000
vn 0.000000 1.000000 0.000000
vn 0.000000 1.000000 0.000000
vn 0.000000 1.000000 0.000000
vn 0.000000 1.000000 0.000000
vn 0.000000 1.000000 0.000000
vn 0.000000 1.000000 0.000000
vn 0.000000 1.000000 0.000000
vn 0.000000 1.000000 0.000000
vn 0.000000 1.000000 0.000000
vn 0.000000 1.000000 0.000000
vn 0.000000 1.000000 0.000000
vn 0.000000 1.000000 0.000000
vn 0.000000 1.000000 0.000000
vn 0.000000 1.000000 0.000000
vn 0.000000 1.000000 0.000000
vn 0.000000 1.000000 0.000000
vn 0.000000 1.000000 0.000000
vn 0.000000 1.000000 0.000000
vn 0.000000 1.000000 0.000000
vn 0.000000 1.000000 0.000000
vn 0.000000 1.000000 0.000000
vn 0.000000 1.000000 0.000000
vn 0.000000 1.000000 0.000000
vn 0.000000 0.000000 1.000000
vn 0.000000 0.000000 1.000000
vn 0.000000 0.000000 1.000000
vn 0.000000 0.000000 1.000000
vn 1.000000 0.000000 0.000000
vn 1.000000 0.000000 0.000000
vn 1.000000 0.000000 0.000000
vn 1.000000 0.000000 0.000000
vn 0.000000 0.000000 -1.000000
vn 0.000000 0.000000 -1.000000
vn 0.000000 0.000000 -1.000000
vn 0.000000 0.000000 -1.000000
vn -1.000000 0.000000 0.000000
vn -1.000000 0.000000 0.000000
vn -1.000000 0.000000 0.000000
vn -1.000000 0.000000 0.000000
vn 0.000000 1.000000 0.000000
vn 0.000000 1.000000 0.000000
vn 0.000000 1.000000 0.000000
vn 0.000000 1.000000 0.000000
vn 0.000000 1.000000 0.000000
vn 0.000000 1.000000 0.000000
vn 0.000000 1.000000 0.000000
vn 0.000000 1.000000 0.000000
vn 0.000000 1.000000 0.000000
vn 0.000000 1.000000 0.000000
vn 0.000000 1.000000 0.000000
vn 0.000000 1.000000 0.000000
vn 0.000000 1.000000 0.000000
vn 0.000000 1.000000 0.000000
vn 0.000000 1.000000 0.000000
vn 0.000000 1.000000 0.000000
vn 0.000000 0.000000 1.000000
vn 0.000000 0.000000 1.000000
vn 0.000000 0.000000 1.000000
vn 0.000000 0.000000 1.000000
vn 1.000000 0.000000 0.000000
vn 1.000000 0.000000 0.000000
vn 1.000000 0.000000 0.000000
vn 1.000000 0.000000 0.000000
vn 0.000000 0.000000 -1.000000
vn 0.000000 0.000000 -1.000000
vn 0.000000 0.000000 -1.000000
vn 0.000000 0.000000 -1.000000
vn -1.000000 0.000000 0.000000
vn -1.000000 0.000000 0.000000
vn -1.000000 0.000000 0.000000
vn -1.000000 0.000000 0.000000
vn 0.000000 1.000000 0.000000
vn 0.000000 1.000000 0.000000
vn 0.000000 1.000000 0.000000
vn 0.000000 1.000000 0.000000
vn 0.000000 1.000000 0.000000
vn 0.000000 1.000000 0.000000
vn 0.000000 1.000000 0.000000
vn 0.000000 1.000000 0.000000
vn 0.000000 1.000000 0.000000
vn 0.000000 1.000000 0.000000
vn 0.000000 1.000000 0.000000
vn 0.000000 1.000000 0.000000
vn 0.000000 1.000000 0.000000
vn 0.000000 1.000000 0.000000
vn 0.000000 1.000000 0.000000
vn 0.000000 1.000000 0.000000
vn 0.000000 0.000000 1.000000
vn 0.000000 0.000000 1.000000
vn 0.000000 0.000000 1.000000
vn 0.000000 0.000000 1.000000
vn 1.000000 0.000000 0.000000
vn 1.000000 0.000000 0.000000
vn 1.000000 0.000000 0.000000
vn 1.000000 0.000000 0.000000
vn 0.000000 0.000000 -1.000000
vn 0.000000 0.000000 -1.000000
vn 0.000000 0.000000 -1.000000
vn 0.000000 0.000000 -1.000000
vn -1.000000 0.000000 0.000000
vn -1.000000 0.000000 0.000000
vn -1.000000 0.000000 0.000000
vn -1.000000 0.000000 0.000000
vn 0.000000 1.000000 0.000000
vn 0.000000 1.000000 0.000000
vn 0.000000 1.000000 0.000000
vn 0.000000 1.000000 0.000000
vn 0.000000 1.000000 0.000000
vn 0.000000 1.000000 0.000000
vn 0.000000 1.000000 0.000000
vn 0.000000 1.000000 0.000000
vn 0.000000 1.000000 0.000000
vn 0.000000 1.000000 0.000000
vn 0.000000 1.000000 0.000000
vn 0.000000 1.000000 0.000000
vn 0.000000 1.000000 0.000000
vn 0.000000 1.000000 0.000000
vn 0.000000 1.000000 0.000000
vn 0.000000 1.000000 0.000000
vn 0.000000 1.000000 0.000000
vn 0.000000 1.000000 0.000000
vn 0.000000 1.000000 0.000000
vn 0.000000 1.000000 0.000000
vn 0.000000 1.000000 0.000000
vn 0.000000 1.000000 0.000000
vn 0.000000 1.000000 0.000000
vn 0.000000 1.000000 0.000000
vn 0.000000 1.000000 0.000000
vn 0.000000 1.000000 0.000000
vn 0.000000 1.000000 0.000000
vn 0.000000 1.000000 0.000000
vn 0.000000 1.000000 0.000000
vn 0.000000 1.000000 0.000000
vn 0.000000 1.000000 0.000000
vn 0.000000 1.000000 0.000000
vn 0.000000 1.000000 0.000000
vn 0.000000 1.000000 0.000000
vn 0.000000 1.000000 0.000000
vn 0.000000 1.000000 0.000000
vn 0.000000 1.000000 0.000000
vn 0.000000 1.000000 0.000000
vn 0.000000 1.000000 0.000000
vn 0.000000 1.000000 0.000000
vn 0.000000 1.000000 0.000000
vn 0.000000 1.000000 0.000000
vn 0.000000 1.000000 0.000000
vn 0.000000 1.000000 0.000000
vn 0.000000 1.000000 0.000000
vn 0.000000 1.000000 0.000000
vn 0.000000 1.000000 0.000000
vn 0.000000 1.000000 0.000000
vn 0.000000 1.000000 0.000000
vn 0.000000 1.000000 0.000000
vn 0.000000 1.000000 0.000000
vn 0.000000 1.000000 0.000000
vn 0.000000 1.000000 0.000000
vn 0.000000 1.000000 0.000000
vn 0.000000 1.000000 0.000000
vn 0.000000 1.000000 0.000000
vn 0.000000 1.000000 0.000000
vn 0.000000 1.000000 0.000000
vn 0.000000 1.000000 0.000000
vn 0.000000 1.000000 0.000000
vn 0.000000 1.000000 0.000000
vn 0.000000 1.000000 0.000000
vn 0.000000 1.000000 0.000000
vn 0.000000 1.000000 0.000000
vn 0.000000 1.000000 0.000000
vn 0.000000 1.000000 0.000000
vn 0.000000 1.000000 0.000000
vn 0.000000 1.000000 0.000000
vn 0.000000 1.000000 0.000000
vn 0.000000 1.000000 0.000000
vn 0.000000 1.000000 0.000000
vn 0.000000 1.000000 0.000000
vn 0.000000 1.000000 0.000000
vn 0.000000 1.000000 0.000000
vn 0.000000 1.000000 0.000000
vn 0.000000 1.000000 0.000000
vn 0.000000 1.000000 0.000000
vn 0.000000 1.000000 0.000000
vn 0.000000 1.000000 0.000000
vn 0.000000 1.000000 0.000000
vn 0.000000 1.000000 0.000000
vn 0.000000 1.000000 0.000000
vn 0.000000 1.000000 0.000000
vn 0.000000 1.000000 0.000000
vn 0.000000 1.000000 0.000000
vn 0.000000 1.000000 0.000000
vn 0.000000 1.000000 0.000000
vn 0.000000 1.000000 0.000000
vn 0.000000 1.000000 0.000000
vn 0.000000 1.000000 0.000000
vn 0.000000 1.000000 0.000000
vn 0.000000 1.000000 0.000000
vn 0.000000 1.000000 0.000000
vn 0.000000 1.000000 0.000000
vn 0.000000 1.000000 0.000000
vn 0.000000 1.000000 0.000000
vn 0.000000 1.000000 0.000000
vn 0.000000 1.000000 0.000000
vn 0.000000 1.000000 0.000000
vn 0.000000 1.000000 0.000000
vn 0.000000 1.000000 0.000000
vn 0.000000 1.000000 0.000000
vn 0.000000 1.000000 0.000000
vn 0.000000 1.000000 0.000000
vn 0.000000 1.000000 0.000000
vn 0.000000 1.000000 0.000000
vn 0.000000 1.000000 0.000000
vn 0.000000 1.000000 0.000000
vn 0.000000 1.000000 0.000000
vn 0.000000 1.000000 0.000000
vn 0.000000 1.000000 0.000000
vn 0.000000 1.000000 0.000000
vn 0.000000 1.000000 0.000000
vn 0.000000 1.000000 0.000000
vn 0.000000 1.000000 0.000000
vn 0.000000 1.000000 0.000000
vn 0.000000 1.000000 0.000000
vn 0.000000 1.000000 0.000000
vn 0.000000 1.000000 0.000000
vn 0.000000 1.000000 0.000000
vn 0.000000 1.000000 0.000000
vn 0.000000 1.000000 0.000000
vn 0.000000 1.000000 0.000000
vn 0.000000 1.000000 0.000000
vn 0.000000 1.000000 0.000000
vn 0.000000 1.000000 0.000000
vn 0.000000 1.000000 0.000000
vn 0.000000 1.000000 0.000000
vn 0.000000 0.000000 1.000000
vn 0.000000 0.000000 1.000000
vn 0.000000 0.000000 1.000000
vn 0.000000 0.000000 1.000000
vn 1.000000 0.000000 0.000000
vn 1.000000 0.000000 0.000000
vn 1.000000 0.000000 0.000000
vn 1.000000 0.000000 0.000000
vn 0.000000 0.000000 -1.000000
vn 0.000000 0.000000 -1.000000
vn 0.000000 0.000000 -1.000000
vn 0.000000 0.000000 -1.000000
vn -1.000000 0.000000 0.000000
vn -1.000000 0.000000 0.000000
vn -1.000000 0.000000 0.000000
vn -1.000000 0.000000 0.000000
vn 0.000000 1.000000 0.000000
vn 0.000000 1.000000 0.000000
vn 0.000000 1.000000 0.000000
vn 0.000000 1.000000 0.000000
vn 0.000000 1.000000 0.000000
vn 0.000000 1.000000 0.000000
vn 0.000000 1.000000 0.000000
vn 0.000000 1.000000 0.000000
vn 0.000000 1.000000 0.000000
vn 0.000000 1.000000 0.000000
vn 0.000000 1.000000 0.000000
vn 0.000000 1.000000 0.000000
vn 0.000000 1.000000 0.000000
vn 0.000000 1.000000 0.000000
vn 0.000000 1.000000 0.000000
vn 0.000000 1.000000 0.000000
vn 0.000000 0.000000 1.000000
vn 0.000000 0.000000 1.000000
vn 0.000000 0.000000 1.000000
vn 0.000000 0.000000 1.000000
vn 1.000000 0.000000 0.000000
vn 1.000000 0.000000 0.000000
vn 1.000000 0.000000 0.000000
vn 1.000000 0.000000 0.000000
vn 0.000000 0.000000 -1.000000
vn 0.000000 0.000000 -1.000000
vn 0.000000 0.000000 -1.000000
vn 0.000000 0.000000 -1.000000
vn -1.000000 0.000000 0.000000
vn -1.000000 0.000000 0.000000
vn -1.000000 0.000000 0.000000
vn -1.000000 0.000000 0.000000
vn 0.000000 1.000000 0.000000
vn 0.000000 1.000000 0.000000
vn 0.000000 1.000000 0.000000
vn 0.000000 1.000000 0.000000
vn 0.000000 1.000000 0.000000
vn 0.000000 1.000000 0.000000
vn 0.000000 1.000000 0.000000
vn 0.000000 1.000000 0.000000
vn 0.000000 1.000000 0.000000
vn 0.000000 1.000000 0.000000
vn 0.000000 1.000000 0.000000
vn 0.000000 1.000000 0.000000
vn 0.000000 1.000000 0.000000
vn 0.000000 1.000000 0.000000
vn 0.000000 1.000000 0.000000
vn 0.000000 1.000000 0.000000
vn 0.000000 0.000000 1.000000
vn 0.000000 0.000000 1.000000
vn 0.000000 0.000000 1.000000
vn 0.000000 0.000000 1.000000
vn 1.000000 0.000000 0.000000
vn 1.000000 0.000000 0.000000
vn 1.000000 0.000000 0.000000
vn 1.000000 0.000000 0.000000
vn 0.000000 0.000000 -1.000000
vn 0.000000 0.000000 -1.000000
vn 0.000000 0.000000 -1.000000
vn 0.000000 0.000000 -1.000000
vn -1.000000 0.000000 0.000000
vn -1.000000 0.000000 0.000000
vn -1.000000 0.000000 0.000000
vn -1.000000 0.000000 0.000000
vn 0.000000 1.000000 0.000000
vn 0.000000 1.000000 0.000000
vn 0.000000 1.000000 0.000000
vn 0.000000 1.000000 0.000000
vn 0.000000 1.000000 0.000000
vn 0.000000 1.000000 0.000000
vn 0.000000 1.000000 0.000000
vn 0.000000 1.000000 0.000000
vn 0.000000 1.000000 0.000000
vn 0.000000 1.000000 0.000000
vn 0.000000 1.000000 0.000000
vn 0.000000 1.000000 0.000000
vn 0.000000 1.000000 0.000000
vn 0.000000 1.000000 0.000000
vn 0.000000 1.000000 0.000000
vn 0.000000 1.000000 0.000000
vn 0.000000 1.000000 0.000000
vn 0.000000 1.000000 0.000000
vn 0.000000 1.000000 0.000000
vn 0.000000 1.000000 0.000000
vn 0.000000 1.000000 0.000000
vn 0.000000 1.000000 0.000000
vn 0.000000 1.000000 0.000000
vn 0.000000 1.000000 0.000000
vn 0.000000 1.000000 0.000000
vn 0.000000 1.000000 0.000000
vn 0.000000 1.000000 0.000000
vn 0.000000 1.000000 0.000000
vn 0.000000 1.000000 0.000000
vn 0.000000 1.000000 0.000000
vn 0.000000 1.000000 0.000000
vn 0.000000 1.000000 0.000000
vn 0.000000 1.000000 0.000000
vn 0.000000 1.000000 0.000000
vn 0.000000 1.000000 0.000000
vn 0.000000 1.000000 0.000000
vn 0.000000 1.000000 0.000000
vn 0.000000 1.000000 0.000000
vn 0.000000 1.000000 0.000000
vn 0.000000 1.000000 0.000000
vn 0.000000 1.000000 0.000000
vn 0.000000 1.000000 0.000000
vn 0.000000 1.000000 0.000000
vn 0.000000 1.000000 0.000000
vn 0.000000 1.000000 0.000000
vn 0.000000 1.000000 0.000000
vn 0.000000 1.000000 0.000000
vn 0.000000 1.000000 0.000000
vn 0.000000 1.000000 0.000000
vn 0.000000 1.000000 0.000000
vn 0.000000 1.000000 0.000000
vn 0.000000 1.000000 0.000000
vn 0.000000 1.000000 0.000000
vn 0.000000 1.000000 0.000000
vn 0.000000 1.000000 0.000000
vn 0.000000 1.000000 0.000000
vn 0.000000 1.000000 0.000000
vn 0.000000 1.000000 0.000000
vn 0.000000 1.000000 0.000000
vn 0.000000 1.000000 0.000000
vn 0.000000 1.000000 0.000000
vn 0.000000 1.000000 0.000000
vn 0.000000 1.000000 0.000000
vn 0.000000 1.000000 0.000000
vn 0.000000 1.000000 0.000000
vn 0.000000 1.000000 0.000000
vn 0.000000 1.000000 0.000000
vn 0.000000 1.000000 0.000000
vn 0.000000 1.000000 0.000000
vn 0.000000 1.000000 0.000000
vn 0.000000 1.000000 0.000000
vn 0.000000 1.000000 0.000000
vn 0.000000 1.000000 0.000000
vn 0.000000 1.000000 0.000000
vn 0.000000 1.000000 0.000000
vn 0.000000 1.000000 0.000000
vn 0.000000 1.000000 0.000000
vn 0.000000 1.000000 0.000000
vn 0.000000 1.000000 0.000000
vn 0.000000 1.000000 0.000000
vn 0.000000 1.000000 0.000000
vn 0.000000 1.000000 0.000000
vn 0.000000 1.000000 0.000000
vn 0.000000 1.000000 0.000000
vn 0.000000 1.000000 0.000000
vn 0.000000 1.000000 0.000000
vn 0.000000 1.000000 0.000000
vn 0.000000 1.000000 0.000000
vn 0.000000 1.000000 0.000000
vn 0.000000 1.000000 0.000000
vn 0.000000 1.000000 0.000000
vn 0.000000 1.000000 0.000000
vn 0.000000 1.000000 0.000000
vn 0.000000 1.000000 0.000000
vn 0.000000 1.000000 0.000000
vn 0.000000 1.000000 0.000000
vn 0.000000 1.000000 0.000000
vn 0.000000 1.000000 0.000000
vn 0.000000 1.000000 0.000000
vn 0.000000 1.000000 0.000000
vn 0.000000 1.000000 0.000000
vn 0.000000 1.000000 0.000000
vn 0.000000 1.000000 0.000000
vn 0.000000 1.000000 0.000000
vn 0.000000 1.000000 0.000000
vn 0.000000 1.000000 0.000000
vn 0.000000 1.000000 0.000000
vn 0.000000 1.000000 0.000000
vn 0.000000 1.000000 0.000000
vn 0.000000 1.000000 0.000000
vn 0.000000 1.000000 0.000000
vn 0.000000 1.000000 0.000000
vn 0.000000 1.000000 0.000000
vn 0.000000 1.000000 0.000000
vn 0.000000 1.000000 0.000000
vn 0.000000 1.000000 0.000000
vn 0.000000 1.000000 0.000000
vn 0.000000 1.000000 0.000000
vn 0.000000 1.000000 0.000000
vn 0.000000 1.000000 0.000000
vn 0.000000 1.000000 0.000000
vn 0.000000 1.000000 0.000000
vn 0.000000 1.000000 0.000000
vn 0.000000 1.000000 0.000000
vn 0.000000 1.000000 0.000000
vn 0.000000 1.000000 0.000000
vn 0.000000 1.000000 0.000000
vn 0.000000 1.000000 0.000000
vn 0.000000 -1.000000 0.000000
vn 0.000000 -1.000000 0.000000
vn 0.000000 -1.000000 0.000000
vn 0.000000 -1.000000 0.000000
vn 0.000000 -1.000000 -0.000000
vn 0.000000 -1.000000 -0.000000
vn 0.000000 -1.000000 -0.000000
vn 0.000000 -1.000000 -0.000000
vn 0.000000 0.000000 -1.000000
vn 0.000000 0.000000 -1.000000
vn 0.000000 0.000000 -1.000000
vn 0.000000 0.000000 -1.000000
vn 1.000000 0.000000 0.000000
vn 1.000000 0.000000 0.000000
vn 1.000000 0.000000 0.000000
vn 1.000000 0.000000 0.000000
vn 0.000000 0.000000 1.000000
vn 0.000000 0.000000 1.000000
vn 0.000000 0.000000 1.000000
vn 0.000000 0.000000 1.000000
vn -1.000000 0.000000 0.000000
vn -1.000000 0.000000 0.000000
vn -1.000000 0.000000 0.000000
vn -1.000000 0.000000 0.000000
vn 0.000000 0.000000 -1.000000
vn 0.000000 0.000000 -1.000000
vn 0.000000 0.000000 -1.000000
vn 0.000000 0.000000 -1.000000
vn 1.000000 0.000000 0.000000
vn 1.000000 0.000000 0.000000
vn 1.000000 0.000000 0.000000
vn 1.000000 0.000000 0.000000
vn 0.000000 0.000000 1.000000
vn 0.000000 0.000000 1.000000
vn 0.000000 0.000000 1.000000
vn 0.000000 0.000000 1.000000
vn -1.000000 0.000000 0.000000
vn -1.000000 0.000000 0.000000
vn -1.000000 0.000000 0.000000
vn -1.000000 0.000000 0.000000
vn 0.000000 0.000000 -1.000000
vn 0.000000 0.000000 -1.000000
vn 0.000000 0.000000 -1.000000
vn 0.000000 0.000000 -1.000000
vn 1.000000 0.000000 0.000000
vn 1.000000 0.000000 0.000000
vn 1.000000 0.000000 0.000000
vn 1.000000 0.000000 0.000000
vn 0.000000 0.000000 1.000000
vn 0.000000 0.000000 1.000000
vn 0.000000 0.000000 1.000000
vn 0.000000 0.000000 1.000000
vn -1.000000 0.000000 0.000000
vn -1.000000 0.000000 0.000000
vn -1.000000 0.000000 0.000000
vn -1.000000 0.000000 0.000000
vn 0.000000 -1.000000 -0.000004
vn 0.000000 -1.000000 -0.000005
vn 0.000000 -1.000000 -0.000005
vn 0.000000 -1.000000 -0.000004
vn 0.000000 -1.000000 -0.000004
vn 0.000000 -1.000000 -0.000004
vn 0.000000 -1.000000 -0.000005
vn 0.000000 -1.000000 -0.000005
vn 0.000000 0.000000 -1.000000
vn 0.000000 0.000000 -1.000000
vn 0.000000 0.000000 -1.000000
vn 0.000000 0.000000 -1.000000
vn 1.000000 0.000000 0.000000
vn 1.000000 0.000000 0.000000
vn 1.000000 0.000000 0.000000
vn 1.000000 0.000000 0.000000
vn 0.000000 0.000000 1.000000
vn 0.000000 0.000000 1.000000
vn 0.000000 0.000000 1.000000
vn 0.000000 0.000000 1.000000
vn -1.000000 0.000000 0.000000
vn -1.000000 0.000000 0.000000
vn -1.000000 0.000000 0.000000
vn -1.000000 0.000000 0.000000
vn 0.000000 0.000000 -1.000000
vn 0.000000 0.000000 -1.000000
vn 0.000000 0.000000 -1.000000
vn 0.000000 0.000000 -1.000000
vn 1.000000 0.000000 0.000000
vn 1.000000 0.000000 0.000000
vn 1.000000 0.000000 0.000000
vn 1.000000 0.000000 0.000000
vn 0.000000 0.000000 1.000000
vn 0.000000 0.000000 1.000000
vn 0.000000 0.000000 1.000000
vn 0.000000 0.000000 1.000000
vn -1.000000 0.000000 0.000000
vn -1.000000 0.000000 0.000000
vn -1.000000 0.000000 0.000000
vn -1.000000 0.000000 0.000000
vn 0.000000 0.000000 -1.000000
vn 0.000000 0.000000 -1.000000
vn 0.000000 0.000000 -1.000000
vn 0.000000 0.000000 -1.000000
vn 1.000000 0.000000 0.000000
vn 1.000000 0.000000 0.000000
vn 1.000000 0.000000 0.000000
vn 1.000000 0.000000 0.000000
vn 0.000000 0.000000 1.000000
vn 0.000000 0.000000 1.000000
vn 0.000000 0.000000 1.000000
vn 0.000000 0.000000 1.000000
vn -1.000000 0.000000 0.000000
vn -1.000000 0.000000 0.000000
vn -1.000000 0.000000 0.000000
vn -1.000000 0.000000 0.000000
vn 0.000000 -1.000000 0.000000
vn 0.000000 -1.000000 -0.000005
vn 0.000000 -1.000000 -0.000005
vn 0.000000 -1.000000 0.000000
vn 0.000000 -1.000000 0.000000
vn 0.000000 -1.000000 0.000000
vn 0.000000 -1.000000 -0.000005
vn 0.000000 -1.000000 -0.000005
vn 0.000000 0.000000 -1.000000
vn 0.000000 0.000000 -1.000000
vn 0.000000 0.000000 -1.000000
vn 0.000000 0.000000 -1.000000
vn 1.000000 0.000000 0.000000
vn 1.000000 0.000000 0.000000
vn 1.000000 0.000000 0.000000
vn 1.000000 0.000000 0.000000
vn 0.000000 0.000000 1.000000
vn 0.000000 0.000000 1.000000
vn 0.000000 0.000000 1.000000
vn 0.000000 0.000000 1.000000
vn -1.000000 0.000000 0.000000
vn -1.000000 0.000000 0.000000
vn -1.000000 0.000000 0.000000
vn -1.000000 0.000000 0.000000
vn -1.000000 0.000000 0.000000
vn -1.000000 0.000000 0.000000
vn -1.000000 0.000000 0.000000
vn -1.000000 0.000000 0.000000
vn 0.000000 0.000000 -1.000000
vn 0.000000 0.000000 -1.000000
vn 0.000000 0.000000 -1.000000
vn 0.000000 0.000000 -1.000000
vn 1.000000 0.000000 0.000000
vn 1.000000 0.000000 0.000000
vn 1.000000 0.000000 0.000000
vn 1.000000 0.000000 0.000000
vn 0.000000 0.000000 1.000000
vn 0.000000 0.000000 1.000000
vn 0.000000 0.000000 1.000000
vn 0.000000 0.000000 1.000000
vn -1.000000 0.000000 0.000000
vn -1.000000 0.000000 0.000000
vn -1.000000 0.000000 0.000000
vn -1.000000 0.000000 0.000000
vn 0.000000 0.000000 -1.000000
vn 0.000000 0.000000 -1.000000
vn 0.000000 0.000000 -1.000000
vn 0.000000 0.000000 -1.000000
vn 1.000000 0.000000 0.000000
vn 1.000000 0.000000 0.000000
vn 1.000000 0.000000 0.000000
vn 1.000000 0.000000 0.000000
vn 0.000000 0.000000 1.000000
vn 0.000000 0.000000 1.000000
vn 0.000000 0.000000 1.000000
vn 0.000000 0.000000 1.000000
vn -1.000000 0.000000 0.000000
vn -1.000000 0.000000 0.000000
vn -1.000000 0.000000 0.000000
vn -1.000000 0.000000 0.000000
vn 0.000000 0.000000 -1.000000
vn 0.000000 0.000000 -1.000000
vn 0.000000 0.000000 -1.000000
vn 0.000000 0.000000 -1.000000
vn 1.000000 0.000000 0.000000
vn 1.000000 0.000000 0.000000
vn 1.000000 0.000000 0.000000
vn 1.000000 0.000000 0.000000
vn 0.000000 0.000000 1.000000
vn 0.000000 0.000000 1.000000
vn 0.000000 0.000000 1.000000
vn 0.000000 0.000000 1.000000
vn -1.000000 0.000000 0.000000
vn -1.000000 0.000000 0.000000
vn -1.000000 0.000000 0.000000
vn -1.000000 0.000000 0.000000
vn 0.000000 0.000000 -1.000000
vn 0.000000 0.000000 -1.000000
vn 0.000000 0.000000 -1.000000
vn 0.000000 0.000000 -1.000000
vn 1.000000 0.000000 0.000000
vn 1.000000 0.000000 0.000000
vn 1.000000 0.000000 0.000000
vn 1.000000 0.000000 0.000000
vn 0.000000 0.000000 1.000000
vn 0.000000 0.000000 1.000000
vn 0.000000 0.000000 1.000000
vn 0.000000 0.000000 1.000000
vn -1.000000 0.000000 0.000000
vn -1.000000 0.000000 0.000000
vn -1.000000 0.000000 0.000000
vn -1.000000 0.000000 0.000000
vn 0.000000 0.000000 -1.000000
vn 0.000000 0.000000 -1.000000
vn 0.000000 0.000000 -1.000000
vn 0.000000 0.000000 -1.000000
vn 1.000000 0.000000 0.000000
vn 1.000000 0.000000 0.000000
vn 1.000000 0.000000 0.000000
vn 1.000000 0.000000 0.000000
vn 0.000000 0.000000 1.000000
vn 0.000000 0.000000 1.000000
vn 0.000000 0.000000 1.000000
vn 0.000000 0.000000 1.000000
vn -1.000000 0.000000 0.000000
vn -1.000000 0.000000 0.000000
vn -1.000000 0.000000 0.000000
vn -1.000000 0.000000 0.000000
vn 0.000000 0.000000 -1.000000
vn 0.000000 0.000000 -1.000000
vn 0.000000 0.000000 -1.000000
vn 0.000000 0.000000 -1.000000
vn 1.000000 0.000000 0.000000
vn 1.000000 0.000000 0.000000
vn 1.000000 0.000000 0.000000
vn 1.000000 0.000000 0.000000
vn 0.000000 0.000000 1.000000
vn 0.000000 0.000000 1.000000
vn 0.000000 0.000000 1.000000
vn 0.000000 0.000000 1.000000
vn -1.000000 0.000000 0.000000
vn -1.000000 0.000000 0.000000
vn -1.000000 0.000000 0.000000
vn -1.000000 0.000000 0.000000
vn 0.000000 0.000000 -1.000000
vn 0.000000 0.000000 -1.000000
vn 0.000000 0.000000 -1.000000
vn 0.000000 0.000000 -1.000000
vn 1.000000 0.000000 0.000000
vn 1.000000 0.000000 0.000000
vn 1.000000 0.000000 0.000000
vn 1.000000 0.000000 0.000000
vn 0.000000 0.000000 1.000000
vn 0.000000 0.000000 1.000000
vn 0.000000 0.000000 1.000000
vn 0.000000 0.000000 1.000000
vn -1.000000 0.000000 0.000000
vn -1.000000 0.000000 0.000000
vn -1.000000 0.000000 0.000000
vn -1.000000 0.000000 0.000000
vn 0.000000 0.000000 -1.000000
vn 0.000000 0.000000 -1.000000
vn 0.000000 0.000000 -1.000000
vn 0.000000 0.000000 -1.000000
vn 1.000000 0.000000 0.000000
vn 1.000000 0.000000 0.000000
vn 1.000000 0.000000 0.000000
vn 1.000000 0.000000 0.000000
vn 0.000000 0.000000 1.000000
vn 0.000000 0.000000 1.000000
vn 0.000000 0.000000 1.000000
vn 0.000000 0.000000 1.000000
vn -1.000000 0.000000 0.000000
vn -1.000000 0.000000 0.000000
vn -1.000000 0.000000 0.000000
vn -1.000000 0.000000 0.000000
vn 0.000000 0.000000 -1.000000
vn 0.000000 0.000000 -1.000000
vn 0.000000 0.000000 -1.000000
vn 0.000000 0.000000 -1.000000
vn 1.000000 0.000000 0.000000
vn 1.000000 0.000000 0.000000
vn 1.000000 0.000000 0.000000
vn 1.000000 0.000000 0.000000
vn 0.000000 0.000000 1.000000
vn 0.000000 0.000000 1.000000
vn 0.000000 0.000000 1.000000
vn 0.000000 0.000000 1.000000
vn -1.000000 0.000000 0.000000
vn -1.000000 0.000000 0.000000
vn -1.000000 0.000000 0.000000
vn -1.000000 0.000000 0.000000
vn 0.000000 0.000000 -1.000000
vn 0.000000 0.000000 -1.000000
vn 0.000000 0.000000 -1.000000
vn 0.000000 0.000000 -1.000000
vn 1.000000 0.000000 0.000000
vn 1.000000 0.000000 0.000000
vn 1.000000 0.000000 0.000000
vn 1.000000 0.000000 0.000000
vn 0.000000 0.000000 1.000000
vn 0.000000 0.000000 1.000000
vn 0.000000 0.000000 1.000000
vn 0.000000 0.000000 1.000000
vn -1.000000 0.000000 0.000000
vn -1.000000 0.000000 0.000000
vn -1.000000 0.000000 0.000000
vn -1.000000 0.000000 0.000000
vn 0.000000 0.000000 -1.000000
vn 0.000000 0.000000 -1.000000
vn 0.000000 0.000000 -1.000000
vn 0.000000 0.000000 -1.000000
vn 1.000000 0.000000 0.000000
vn 1.000000 0.000000 0.000000
vn 1.000000 0.000000 0.000000
vn 1.000000 0.000000 0.000000
vn 0.000000 0.000000 1.000000
vn 0.000000 0.000000 1.000000
vn 0.000000 0.000000 1.000000
vn 0.000000 0.000000 1.000000
vn -1.000000 0.000000 0.000000
vn -1.000000 0.000000 0.000000
vn -1.000000 0.000000 0.000000
vn -1.000000 0.000000 0.000000
vn 0.000000 0.000000 -1.000000
vn 0.000000 0.000000 -1.000000
vn 0.000000 0.000000 -1.000000
vn 0.000000 0.000000 -1.000000
vn 1.000000 0.000000 0.000000
vn 1.000000 0.000000 0.000000
vn 1.000000 0.000000 0.000000
vn 1.000000 0.000000 0.000000
vn 0.000000 0.000000 1.000000
vn 0.000000 0.000000 1.000000
vn 0.000000 0.000000 1.000000
vn 0.000000 0.000000 1.000000
vn -1.000000 0.000000 0.000000
vn -1.000000 0.000000 0.000000
vn -1.000000 0.000000 0.000000
vn -1.000000 0.000000 0.000000
vn 0.000000 0.000000 -1.000000
vn 0.000000 0.000000 -1.000000
vn 0.000000 0.000000 -1.000000
vn 0.000000 0.000000 -1.000000
vn 1.000000 0.000000 0.000000
vn 1.000000 0.000000 0.000000
vn 1.000000 0.000000 0.000000
vn 1.000000 0.000000 0.000000
vn 0.000000 0.000000 1.000000
vn 0.000000 0.000000 1.000000
vn 0.000000 0.000000 1.000000
vn 0.000000 0.000000 1.000000
vn -1.000000 0.000000 0.000000
vn -1.000000 0.000000 0.000000
vn -1.000000 0.000000 0.000000
vn -1.000000 0.000000 0.000000
vn 0.000000 0.000000 -1.000000
vn 0.000000 0.000000 -1.000000
vn 0.000000 0.000000 -1.000000
vn 0.000000 0.000000 -1.000000
vn 1.000000 0.000000 0.000000
vn 1.000000 0.000000 0.000000
vn 1.000000 0.000000 0.000000
vn 1.000000 0.000000 0.000000
vn 0.000000 0.000000 1.000000
vn 0.000000 0.000000 1.000000
vn 0.000000 0.000000 1.000000
vn 0.000000 0.000000 1.000000
vn -1.000000 0.000000 0.000000
vn -1.000000 0.000000 0.000000
vn -1.000000 0.000000 0.000000
vn -1.000000 0.000000 0.000000
vn 0.000000 0.000000 -1.000000
vn 0.000000 0.000000 -1.000000
vn 0.000000 0.000000 -1.000000
vn 0.000000 0.000000 -1.000000
vn 1.000000 0.000000 0.000000
vn 1.000000 0.000000 0.000000
vn 1.000000 0.000000 0.000000
vn 1.000000 0.000000 0.000000
vn 0.000000 0.000000 1.000000
vn 0.000000 0.000000 1.000000
vn 0.000000 0.000000 1.000000
vn 0.000000 0.000000 1.000000
vn -1.000000 0.000000 0.000000
vn -1.000000 0.000000 0.000000
vn -1.000000 0.000000 0.000000
vn -1.000000 0.000000 0.000000
vn 0.000000 0.000000 -1.000000
vn 0.000000 0.000000 -1.000000
vn 0.000000 0.000000 -1.000000
vn 0.000000 0.000000 -1.000000
vn 1.000000 0.000000 0.000000
vn 1.000000 0.000000 0.000000
vn 1.000000 0.000000 0.000000
vn 1.000000 0.000000 0.000000
vn 0.000000 0.000000 1.000000
vn 0.000000 0.000000 1.000000
vn 0.000000 0.000000 1.000000
vn 0.000000 0.000000 1.000000
vn -1.000000 0.000000 0.000000
vn -1.000000 0.000000 0.000000
vn -1.000000 0.000000 0.000000
vn -1.000000 0.000000 0.000000
vn 0.000000 0.000000 -1.000000
vn 0.000000 0.000000 -1.000000
vn 0.000000 0.000000 -1.000000
vn 0.000000 0.000000 -1.000000
vn 1.000000 0.000000 0.000000
vn 1.000000 0.000000 0.000000
vn 1.000000 0.000000 0.000000
vn 1.000000 0.000000 0.000000
vn 0.000000 0.000000 1.000000
vn 0.000000 0.000000 1.000000
vn 0.000000 0.000000 1.000000
vn 0.000000 0.000000 1.000000
vn -1.000000 0.000000 0.000000
vn -1.000000 0.000000 0.000000
vn -1.000000 0.000000 0.000000
vn -1.000000 0.000000 0.000000
vn 0.000000 0.000000 -1.000000
vn 0.000000 0.000000 -1.000000
vn 0.000000 0.000000 -1.000000
vn 0.000000 0.000000 -1.000000
vn 1.000000 0.000000 0.000000
vn 1.000000 0.000000 0.000000
vn 1.000000 0.000000 0.000000
vn 1.000000 0.000000 0.000000
vn 0.000000 0.000000 1.000000
vn 0.000000 0.000000 1.000000
vn 0.000000 0.000000 1.000000
vn 0.000000 0.000000 1.000000
vn -1.000000 0.000000 0.000000
vn -1.000000 0.000000 0.000000
vn -1.000000 0.000000 0.000000
vn -1.000000 0.000000 0.000000
vn 0.000000 0.000000 -1.000000
vn 0.000000 0.000000 -1.000000
vn 0.000000 0.000000 -1.000000
vn 0.000000 0.000000 -1.000000
vn 1.000000 0.000000 0.000000
vn 1.000000 0.000000 0.000000
vn 1.000000 0.000000 0.000000
vn 1.000000 0.000000 0.000000
vn 0.000000 0.000000 1.000000
vn 0.000000 0.000000 1.000000
vn 0.000000 0.000000 1.000000
vn 0.000000 0.000000 1.000000
vn -1.000000 0.000000 0.000000
vn -1.000000 0.000000 0.000000
vn -1.000000 0.000000 0.000000
vn -1.000000 0.000000 0.000000
vn 0.000000 0.000000 -1.000000
vn 0.000000 0.000000 -1.000000
vn 0.000000 0.000000 -1.000000
vn 0.000000 0.000000 -1.000000
vn 1.000000 0.000000 0.000000
vn 1.000000 0.000000 0.000000
vn 1.000000 0.000000 0.000000
vn 1.000000 0.000000 0.000000
vn 0.000000 0.000000 1.000000
vn 0.000000 0.000000 1.000000
vn 0.000000 0.000000 1.000000
vn 0.000000 0.000000 1.000000
vn -1.000000 0.000000 0.000000
vn -1.000000 0.000000 0.000000
vn -1.000000 0.000000 0.000000
vn -1.000000 0.000000 0.000000
vn 0.000000 0.000000 -1.000000
vn 0.000000 0.000000 -1.000000
vn 0.000000 0.000000 -1.000000
vn 0.000000 0.000000 -1.000000
vn 1.000000 0.000000 0.000000
vn 1.000000 0.000000 0.000000
vn 1.000000 0.000000 0.000000
vn 1.000000 0.000000 0.000000
vn 0.000000 0.000000 1.000000
vn 0.000000 0.000000 1.000000
vn 0.000000 0.000000 1.000000
vn 0.000000 0.000000 1.000000
vn -1.000000 0.000000 0.000000
vn -1.000000 0.000000 0.000000
vn -1.000000 0.000000 0.000000
vn -1.000000 0.000000 0.000000
vn 0.000000 0.000000 -1.000000
vn 0.000000 0.000000 -1.000000
vn 0.000000 0.000000 -1.000000
vn 0.000000 0.000000 -1.000000
vn 1.000000 0.000000 0.000000
vn 1.000000 0.000000 0.000000
vn 1.000000 0.000000 0.000000
vn 1.000000 0.000000 0.000000
vn 0.000000 0.000000 1.000000
vn 0.000000 0.000000 1.000000
vn 0.000000 0.000000 1.000000
vn 0.000000 0.000000 1.000000
vn -1.000000 0.000000 0.000000
vn -1.000000 0.000000 0.000000
vn -1.000000 0.000000 0.000000
vn -1.000000 0.000000 0.000000
vn 0.000000 0.000000 -1.000000
vn 0.000000 0.000000 -1.000000
vn 0.000000 0.000000 -1.000000
vn 0.000000 0.000000 -1.000000
vn 1.000000 0.000000 0.000000
vn 1.000000 0.000000 0.000000
vn 1.000000 0.000000 0.000000
vn 1.000000 0.000000 0.000000
vn 0.000000 0.000000 1.000000
vn 0.000000 0.000000 1.000000
vn 0.000000 0.000000 1.000000
vn 0.000000 0.000000 1.000000
vn -1.000000 0.000000 0.000000
vn -1.000000 0.000000 0.000000
vn -1.000000 0.000000 0.000000
vn -1.000000 0.000000 0.000000
vn 0.000000 0.000000 -1.000000
vn 0.000000 0.000000 -1.000000
vn 0.000000 0.000000 -1.000000
vn 0.000000 0.000000 -1.000000
vn 1.000000 0.000000 0.000000
vn 1.000000 0.000000 0.000000
vn 1.000000 0.000000 0.000000
vn 1.000000 0.000000 0.000000
vn 0.000000 0.000000 1.000000
vn 0.000000 0.000000 1.000000
vn 0.000000 0.000000 1.000000
vn 0.000000 0.000000 1.000000
vn -1.000000 0.000000 0.000000
vn -1.000000 0.000000 0.000000
vn -1.000000 0.000000 0.000000
vn -1.000000 0.000000 0.000000
vn 0.000000 0.000000 -1.000000
vn 0.000000 0.000000 -1.000000
vn 0.000000 0.000000 -1.000000
vn 0.000000 0.000000 -1.000000
vn 1.000000 0.000000 0.000000
vn 1.000000 0.000000 0.000000
vn 1.000000 0.000000 0.000000
vn 1.000000 0.000000 0.000000
vn 0.000000 0.000000 1.000000
vn 0.000000 0.000000 1.000000
vn 0.000000 0.000000 1.000000
vn 0.000000 0.000000 1.000000
vn -1.000000 0.000000 0.000000
vn -1.000000 0.000000 0.000000
vn -1.000000 0.000000 0.000000
vn -1.000000 0.000000 0.000000
vn 0.000000 0.000000 -1.000000
vn 0.000000 0.000000 -1.000000
vn 0.000000 0.000000 -1.000000
vn 0.000000 0.000000 -1.000000
vn 1.000000 0.000000 0.000000
vn 1.000000 0.000000 0.000000
vn 1.000000 0.000000 0.000000
vn 1.000000 0.000000 0.000000
vn 0.000000 0.000000 1.000000
vn 0.000000 0.000000 1.000000
vn 0.000000 0.000000 1.000000
vn 0.000000 0.000000 1.000000
vn -1.000000 0.000000 0.000000
vn -1.000000 0.000000 0.000000
vn -1.000000 0.000000 0.000000
vn -1.000000 0.000000 0.000000
vn 0.000000 0.000000 -1.000000
vn 0.000000 0.000000 -1.000000
vn 0.000000 0.000000 -1.000000
vn 0.000000 0.000000 -1.000000
vn 1.000000 0.000000 0.000000
vn 1.000000 0.000000 0.000000
vn 1.000000 0.000000 0.000000
vn 1.000000 0.000000 0.000000
vn 0.000000 0.000000 1.000000
vn 0.000000 0.000000 1.000000
vn 0.000000 0.000000 1.000000
vn 0.000000 0.000000 1.000000
vn -1.000000 0.000000 0.000000
vn -1.000000 0.000000 0.000000
vn -1.000000 0.000000 0.000000
vn -1.000000 0.000000 0.000000
vn 0.000000 0.000000 -1.000000
vn 0.000000 0.000000 -1.000000
vn 0.000000 0.000000 -1.000000
vn 0.000000 0.000000 -1.000000
vn 1.000000 0.000000 0.000000
vn 1.000000 0.000000 0.000000
vn 1.000000 0.000000 0.000000
vn 1.000000 0.000000 0.000000
vn 0.000000 0.000000 1.000000
vn 0.000000 0.000000 1.000000
vn 0.000000 0.000000 1.000000
vn 0.000000 0.000000 1.000000
vn -1.000000 0.000000 0.000000
vn -1.000000 0.000000 0.000000
vn -1.000000 0.000000 0.000000
vn -1.000000 0.000000 0.000000
vn 0.000000 0.000000 -1.000000
vn 0.000000 0.000000 -1.000000
vn 0.000000 0.000000 -1.000000
vn 0.000000 0.000000 -1.000000
vn 1.000000 0.000000 0.000000
vn 1.000000 0.000000 0.000000
vn 1.000000 0.000000 0.000000
vn 1.000000 0.000000 0.000000
vn 0.000000 0.000000 1.000000
vn 0.000000 0.000000 1.000000
vn 0.000000 0.000000 1.000000
vn 0.000000 0.000000 1.000000
vn -1.000000 0.000000 0.000000
vn -1.000000 0.000000 0.000000
vn -1.000000 0.000000 0.000000
vn -1.000000 0.000000 0.000000
vn 0.000000 0.000000 -1.000000
vn 0.000000 0.000000 -1.000000
vn 0.000000 0.000000 -1.000000
vn 0.000000 0.000000 -1.000000
vn 1.000000 0.000000 0.000000
vn 1.000000 0.000000 0.000000
vn 1.000000 0.000000 0.000000
vn 1.000000 0.000000 0.000000
vn 0.000000 0.000000 1.000000
vn 0.000000 0.000000 1.000000
vn 0.000000 0.000000 1.000000
vn 0.000000 0.000000 1.000000
vn 0.000000 -1.000000 0.000000
vn 0.000000 -1.000000 0.000000
vn 0.000000 -1.000000 0.000000
vn 0.000000 -1.000000 0.000000
vn 0.000000 -1.000000 -0.000000
vn 0.000000 -1.000000 -0.000000
vn 0.000000 -1.000000 -0.000000
vn 0.000000 -1.000000 -0.000000
vn -1.000000 0.000000 0.000000
vn -1.000000 0.000000 0.000000
vn -1.000000 0.000000 0.000000
vn -1.000000 0.000000 0.000000
vn 0.000000 0.000000 -1.000000
vn 0.000000 0.000000 -1.000000
vn 0.000000 0.000000 -1.000000
vn 0.000000 0.000000 -1.000000
vn 1.000000 0.000000 0.000000
vn 1.000000 0.000000 0.000000
vn 1.000000 0.000000 0.000000
vn 1.000000 0.000000 0.000000
vn 0.000000 0.000000 1.000000
vn 0.000000 0.000000 1.000000
vn 0.000000 0.000000 1.000000
vn 0.000000 0.000000 1.000000
vn -1.000000 0.000000 0.000000
vn -1.000000 0.000000 0.000000
vn -1.000000 0.000000 0.000000
vn -1.000000 0.000000 0.000000
vn 0.000000 0.000000 -1.000000
vn 0.000000 0.000000 -1.000000
vn 0.000000 0.000000 -1.000000
vn 0.000000 0.000000 -1.000000
vn 1.000000 0.000000 0.000000
vn 1.000000 0.000000 0.000000
vn 1.000000 0.000000 0.000000
vn 1.000000 0.000000 0.000000
vn 0.000000 0.000000 1.000000
vn 0.000000 0.000000 1.000000
vn 0.000000 0.000000 1.000000
vn 0.000000 0.000000 1.000000
vn -1.000000 0.000000 0.000000
vn -1.000000 0.000000 0.000000
vn -1.000000 0.000000 0.000000
vn -1.000000 0.000000 0.000000
vn 0.000000 0.000000 -1.000000
vn 0.000000 0.000000 -1.000000
vn 0.000000 0.000000 -1.000000
vn 0.000000 0.000000 -1.000000
vn 1.000000 0.000000 0.000000
vn 1.000000 0.000000 0.000000
vn 1.000000 0.000000 0.000000
vn 1.000000 0.000000 0.000000
vn 0.000000 0.000000 1.000000
vn 0.000000 0.000000 1.000000
vn 0.000000 0.000000 1.000000
vn 0.000000 0.000000 1.000000
vn 0.000000 -1.000000 -0.000004
vn 0.000000 -1.000000 -0.000004
vn 0.000000 -1.000000 -0.000004
vn 0.000000 -1.000000 -0.000004
vn 0.000000 -1.000000 -0.000005
vn 0.000000 -1.000000 -0.000005
vn 0.000000 -1.000000 -0.000005
vn 0.000000 -1.000000 -0.000005
vn -1.000000 0.000000 0.000000
vn -1.000000 0.000000 0.000000
vn -1.000000 0.000000 0.000000
vn -1.000000 0.000000 0.000000
vn 0.000000 0.000000 -1.000000
vn 0.000000 0.000000 -1.000000
vn 0.000000 0.000000 -1.000000
vn 0.000000 0.000000 -1.000000
vn 1.000000 0.000000 0.000000
vn 1.000000 0.000000 0.000000
vn 1.000000 0.000000 0.000000
vn 1.000000 0.000000 0.000000
vn 0.000000 0.000000 1.000000
vn 0.000000 0.000000 1.000000
vn 0.000000 0.000000 1.000000
vn 0.000000 0.000000 1.000000
vn -1.000000 0.000000 0.000000
vn -1.000000 0.000000 0.000000
vn -1.000000 0.000000 0.000000
vn -1.000000 0.000000 0.000000
vn 0.000000 0.000000 -1.000000
vn 0.000000 0.000000 -1.000000
vn 0.000000 0.000000 -1.000000
vn 0.000000 0.000000 -1.000000
vn 1.000000 0.000000 0.000000
vn 1.000000 0.000000 0.000000
vn 1.000000 0.000000 0.000000
vn 1.000000 0.000000 0.000000
vn 0.000000 0.000000 1.000000
vn 0.000000 0.000000 1.000000
vn 0.000000 0.000000 1.000000
vn 0.000000 0.000000 1.000000
vn -1.000000 0.000000 0.000000
vn -1.000000 0.000000 0.000000
vn -1.000000 0.000000 0.000000
vn -1.000000 0.000000 0.000000
vn 0.000000 0.000000 -1.000000
vn 0.000000 0.000000 -1.000000
vn 0.000000 0.000000 -1.000000
vn 0.000000 0.000000 -1.000000
vn 1.000000 0.000000 0.000000
vn 1.000000 0.000000 0.000000
vn 1.000000 0.000000 0.000000
vn 1.000000 0.000000 0.000000
vn 0.000000 0.000000 1.000000
vn 0.000000 0.000000 1.000000
vn 0.000000 0.000000 1.000000
vn 0.000000 0.000000 1.000000
vn 0.000000 -1.000000 0.000000
vn 0.000000 -1.000000 0.000000
vn 0.000000 -1.000000 0.000000
vn 0.000000 -1.000000 0.000000
vn 0.000000 -1.000000 -0.000005
vn 0.000000 -1.000000 -0.000005
vn 0.000000 -1.000000 -0.000005
vn 0.000000 -1.000000 -0.000005
vn -1.000000 0.000000 0.000000
vn -1.000000 0.000000 0.000000
vn -1.000000 0.000000 0.000000
vn -1.000000 0.000000 0.000000
vn 0.000000 0.000000 -1.000000
vn 0.000000 0.000000 -1.000000
vn 0.000000 0.000000 -1.000000
vn 0.000000 0.000000 -1.000000
vn 1.000000 0.000000 0.000000
vn 1.000000 0.000000 0.000000
vn 1.000000 0.000000 0.000000
vn 1.000000 0.000000 0.000000
vn 0.000000 0.000000 1.000000
vn 0.000000 0.000000 1.000000
vn 0.000000 0.000000 1.000000
vn 0.000000 0.000000 1.000000
vn -1.000000 0.000000 0.000000
vn -1.000000 0.000000 0.000000
vn -1.000000 0.000000 0.000000
vn -1.000000 0.000000 0.000000
vn 0.000000 0.000000 -1.000000
vn 0.000000 0.000000 -1.000000
vn 0.000000 0.000000 -1.000000
vn 0.000000 0.000000 -1.000000
vn 1.000000 0.000000 0.000000
vn 1.000000 0.000000 0.000000
vn 1.000000 0.000000 0.000000
vn 1.000000 0.000000 0.000000
vn 0.000000 0.000000 1.000000
vn 0.000000 0.000000 1.000000
vn 0.000000 0.000000 1.000000
vn 0.000000 0.000000 1.000000
vn -1.000000 0.000000 0.000000
vn -1.000000 0.000000 0.000000
vn -1.000000 0.000000 0.000000
vn -1.000000 0.000000 0.000000
vn 0.000000 0.000000 -1.000000
vn 0.000000 0.000000 -1.000000
vn 0.000000 0.000000 -1.000000
vn 0.000000 0.000000 -1.000000
vn 1.000000 0.000000 0.000000
vn 1.000000 0.000000 0.000000
vn 1.000000 0.000000 0.000000
vn 1.000000 0.000000 0.000000
vn 0.000000 0.000000 1.000000
vn 0.000000 0.000000 1.000000
vn 0.000000 0.000000 1.000000
vn 0.000000 0.000000 1.000000
vn -1.000000 0.000000 0.000000
vn -1.000000 0.000000 0.000000
vn -1.000000 0.000000 0.000000
vn -1.000000 0.000000 0.000000
vn 0.000000 0.000000 -1.000000
vn 0.000000 0.000000 -1.000000
vn 0.000000 0.000000 -1.000000
vn 0.000000 0.000000 -1.000000
vn 1.000000 0.000000 0.000000
vn 1.000000 0.000000 0.000000
vn 1.000000 0.000000 0.000000
vn 1.000000 0.000000 0.000000
vn 0.000000 0.000000 1.000000
vn 0.000000 0.000000 1.000000
vn 0.000000 0.000000 1.000000
vn 0.000000 0.000000 1.000000
vn -1.000000 0.000000 0.000000
vn -1.000000 0.000000 0.000000
vn -1.000000 0.000000 0.000000
vn -1.000000 0.000000 0.000000
vn 0.000000 0.000000 -1.000000
vn 0.000000 0.000000 -1.000000
vn 0.000000 0.000000 -1.000000
vn 0.000000 0.000000 -1.000000
vn 1.000000 0.000000 0.000000
vn 1.000000 0.000000 0.000000
vn 1.000000 0.000000 0.000000
vn 1.000000 0.000000 0.000000
vn 0.000000 0.000000 1.000000
vn 0.000000 0.000000 1.000000
vn 0.000000 0.000000 1.000000
vn 0.000000 0.000000 1.000000
vn -1.000000 0.000000 0.000000
vn -1.000000 0.000000 0.000000
vn -1.000000 0.000000 0.000000
vn -1.000000 0.000000 0.000000
vn 0.000000 0.000000 -1.000000
vn 0.000000 0.000000 -1.000000
vn 0.000000 0.000000 -1.000000
vn 0.000000 0.000000 -1.000000
vn 1.000000 0.000000 0.000000
vn 1.000000 0.000000 0.000000
vn 1.000000 0.000000 0.000000
vn 1.000000 0.000000 0.000000
vn 0.000000 0.000000 1.000000
vn 0.000000 0.000000 1.000000
vn 0.000000 0.000000 1.000000
vn 0.000000 0.000000 1.000000
vn -1.000000 0.000000 0.000000
vn -1.000000 0.000000 0.000000
vn -1.000000 0.000000 0.000000
vn -1.000000 0.000000 0.000000
vn 0.000000 0.000000 -1.000000
vn 0.000000 0.000000 -1.000000
vn 0.000000 0.000000 -1.000000
vn 0.000000 0.000000 -1.000000
vn 1.000000 0.000000 0.000000
vn 1.000000 0.000000 0.000000
vn 1.000000 0.000000 0.000000
vn 1.000000 0.000000 0.000000
vn 0.000000 0.000000 1.000000
vn 0.000000 0.000000 1.000000
vn 0.000000 0.000000 1.000000
vn 0.000000 0.000000 1.000000
vn -1.000000 0.000000 0.000000
vn -1.000000 0.000000 0.000000
vn -1.000000 0.000000 0.000000
vn -1.000000 0.000000 0.000000
vn 0.000000 0.000000 -1.000000
vn 0.000000 0.000000 -1.000000
vn 0.000000 0.000000 -1.000000
vn 0.000000 0.000000 -1.000000
vn 1.000000 0.000000 0.000000
vn 1.000000 0.000000 0.000000
vn 1.000000 0.000000 0.000000
vn 1.000000 0.000000 0.000000
vn 0.000000 0.000000 1.000000
vn 0.000000 0.000000 1.000000
vn 0.000000 0.000000 1.000000
vn 0.000000 0.000000 1.000000
vn -1.000000 0.000000 0.000000
vn -1.000000 0.000000 0.000000
vn -1.000000 0.000000 0.000000
vn -1.000000 0.000000 0.000000
vn 0.000000 0.000000 -1.000000
vn 0.000000 0.000000 -1.000000
vn 0.000000 0.000000 -1.000000
vn 0.000000 0.000000 -1.000000
vn 1.000000 0.000000 0.000000
vn 1.000000 0.000000 0.000000
vn 1.000000 0.000000 0.000000
vn 1.000000 0.000000 0.000000
vn 0.000000 0.000000 1.000000
vn 0.000000 0.000000 1.000000
vn 0.000000 0.000000 1.000000
vn 0.000000 0.000000 1.000000
vn -1.000000 0.000000 0.000000
vn -1.000000 0.000000 0.000000
vn -1.000000 0.000000 0.000000
vn -1.000000 0.000000 0.000000
vn 0.000000 0.000000 -1.000000
vn 0.000000 0.000000 -1.000000
vn 0.000000 0.000000 -1.000000
vn 0.000000 0.000000 -1.000000
vn 1.000000 0.000000 0.000000
vn 1.000000 0.000000 0.000000
vn 1.000000 0.000000 0.000000
vn 1.000000 0.000000 0.000000
vn 0.000000 0.000000 1.000000
vn 0.000000 0.000000 1.000000
vn 0.000000 0.000000 1.000000
vn 0.000000 0.000000 1.000000
vn -1.000000 0.000000 0.000000
vn -1.000000 0.000000 0.000000
vn -1.000000 0.000000 0.000000
vn -1.000000 0.000000 0.000000
vn 0.000000 0.000000 -1.000000
vn 0.000000 0.000000 -1.000000
vn 0.000000 0.000000 -1.000000
vn 0.000000 0.000000 -1.000000
vn 1.000000 0.000000 0.000000
vn 1.000000 0.000000 0.000000
vn 1.000000 0.000000 0.000000
vn 1.000000 0.000000 0.000000
vn 0.000000 0.000000 1.000000
vn 0.000000 0.000000 1.000000
vn 0.000000 0.000000 1.000000
vn 0.000000 0.000000 1.000000
vn -1.000000 0.000000 0.000000
vn -1.000000 0.000000 0.000000
vn -1.000000 0.000000 0.000000
vn -1.000000 0.000000 0.000000
vn 0.000000 0.000000 -1.000000
vn 0.000000 0.000000 -1.000000
vn 0.000000 0.000000 -1.000000
vn 0.000000 0.000000 -1.000000
vn 1.000000 0.000000 0.000000
vn 1.000000 0.000000 0.000000
vn 1.000000 0.000000 0.000000
vn 1.000000 0.000000 0.000000
vn 0.000000 0.000000 1.000000
vn 0.000000 0.000000 1.000000
vn 0.000000 0.000000 1.000000
vn 0.000000 0.000000 1.000000
vn -1.000000 0.000000 0.000000
vn -1.000000 0.000000 0.000000
vn -1.000000 0.000000 0.000000
vn -1.000000 0.000000 0.000000
vn 0.000000 0.000000 -1.000000
vn 0.000000 0.000000 -1.000000
vn 0.000000 0.000000 -1.000000
vn 0.000000 0.000000 -1.000000
vn 1.000000 0.000000 0.000000
vn 1.000000 0.000000 0.000000
vn 1.000000 0.000000 0.000000
vn 1.000000 0.000000 0.000000
vn 0.000000 0.000000 1.000000
vn 0.000000 0.000000 1.000000
vn 0.000000 0.000000 1.000000
vn 0.000000 0.000000 1.000000
vn -1.000000 0.000000 0.000000
vn -1.000000 0.000000 0.000000
vn -1.000000 0.000000 0.000000
vn -1.000000 0.000000 0.000000
vn 0.000000 0.000000 -1.000000
vn 0.000000 0.000000 -1.000000
vn 0.000000 0.000000 -1.000000
vn 0.000000 0.000000 -1.000000
vn 1.000000 0.000000 0.000000
vn 1.000000 0.000000 0.000000
vn 1.000000 0.000000 0.000000
vn 1.000000 0.000000 0.000000
vn 0.000000 0.000000 1.000000
vn 0.000000 0.000000 1.000000
vn 0.000000 0.000000 1.000000
vn 0.000000 0.000000 1.000000
vn -1.000000 0.000000 0.000000
vn -1.000000 0.000000 0.000000
vn -1.000000 0.000000 0.000000
vn -1.000000 0.000000 0.000000
vn 0.000000 0.000000 -1.000000
vn 0.000000 0.000000 -1.000000
vn 0.000000 0.000000 -1.000000
vn 0.000000 0.000000 -1.000000
vn 1.000000 0.000000 0.000000
vn 1.000000 0.000000 0.000000
vn 1.000000 0.000000 0.000000
vn 1.000000 0.000000 0.000000
vn 0.000000 0.000000 1.000000
vn 0.000000 0.000000 1.000000
vn 0.000000 0.000000 1.000000
vn 0.000000 0.000000 1.000000
vn -1.000000 0.000000 0.000000
vn -1.000000 0.000000 0.000000
vn -1.000000 0.000000 0.000000
vn -1.000000 0.000000 0.000000
vn 0.000000 0.000000 -1.000000
vn 0.000000 0.000000 -1.000000
vn 0.000000 0.000000 -1.000000
vn 0.000000 0.000000 -1.000000
vn 1.000000 0.000000 0.000000
vn 1.000000 0.000000 0.000000
vn 1.000000 0.000000 0.000000
vn 1.000000 0.000000 0.000000
vn 0.000000 0.000000 1.000000
vn 0.000000 0.000000 1.000000
vn 0.000000 0.000000 1.000000
vn 0.000000 0.000000 1.000000
vn -1.000000 0.000000 0.000000
vn -1.000000 0.000000 0.000000
vn -1.000000 0.000000 0.000000
vn -1.000000 0.000000 0.000000
vn 0.000000 0.000000 -1.000000
vn 0.000000 0.000000 -1.000000
vn 0.000000 0.000000 -1.000000
vn 0.000000 0.000000 -1.000000
vn 1.000000 0.000000 0.000000
vn 1.000000 0.000000 0.000000
vn 1.000000 0.000000 0.000000
vn 1.000000 0.000000 0.000000
vn 0.000000 0.000000 1.000000
vn 0.000000 0.000000 1.000000
vn 0.000000 0.000000 1.000000
vn 0.000000 0.000000 1.000000
vn -1.000000 0.000000 0.000000
vn -1.000000 0.000000 0.000000
vn -1.000000 0.000000 0.000000
vn -1.000000 0.000000 0.000000
vn 0.000000 0.000000 -1.000000
vn 0.000000 0.000000 -1.000000
vn 0.000000 0.000000 -1.000000
vn 0.000000 0.000000 -1.000000
vn 1.000000 0.000000 0.000000
vn 1.000000 0.000000 0.000000
vn 1.000000 0.000000 0.000000
vn 1.000000 0.000000 0.000000
vn 0.000000 0.000000 1.000000
vn 0.000000 0.000000 1.000000
vn 0.000000 0.000000 1.000000
vn 0.000000 0.000000 1.000000
vn -1.000000 0.000000 0.000000
vn -1.000000 0.000000 0.000000
vn -1.000000 0.000000 0.000000
vn -1.000000 0.000000 0.000000
vn 0.000000 0.000000 -1.000000
vn 0.000000 0.000000 -1.000000
vn 0.000000 0.000000 -1.000000
vn 0.000000 0.000000 -1.000000
vn 1.000000 0.000000 0.000000
vn 1.000000 0.000000 0.000000
vn 1.000000 0.000000 0.000000
vn 1.000000 0.000000 0.000000
vn 0.000000 0.000000 1.000000
vn 0.000000 0.000000 1.000000
vn 0.000000 0.000000 1.000000
vn 0.000000 0.000000 1.000000
vn -1.000000 0.000000 0.000000
vn -1.000000 0.000000 0.000000
vn -1.000000 0.000000 0.000000
vn -1.000000 0.000000 0.000000
vn 0.000000 0.000000 -1.000000
vn 0.000000 0.000000 -1.000000
vn 0.000000 0.000000 -1.000000
vn 0.000000 0.000000 -1.000000
vn 1.000000 0.000000 0.000000
vn 1.000000 0.000000 0.000000
vn 1.000000 0.000000 0.000000
vn 1.000000 0.000000 0.000000
vn 0.000000 0.000000 1.000000
vn 0.000000 0.000000 1.000000
vn 0.000000 0.000000 1.000000
vn 0.000000 0.000000 1.000000
vn -1.000000 0.000000 0.000000
vn -1.000000 0.000000 0.000000
vn -1.000000 0.000000 0.000000
vn -1.000000 0.000000 0.000000
vn 0.000000 0.000000 -1.000000
vn 0.000000 0.000000 -1.000000
vn 0.000000 0.000000 -1.000000
vn 0.000000 0.000000 -1.000000
vn 1.000000 0.000000 0.000000
vn 1.000000 0.000000 0.000000
vn 1.000000 0.000000 0.000000
vn 1.000000 0.000000 0.000000
vn 0.000000 0.000000 1.000000
vn 0.000000 0.000000 1.000000
vn 0.000000 0.000000 1.000000
vn 0.000000 0.000000 1.000000
vn -1.000000 0.000000 0.000000
vn -1.000000 0.000000 0.000000
vn -1.000000 0.000000 0.000000
vn -1.000000 0.000000 0.000000
vn 0.000000 0.000000 -1.000000
vn 0.000000 0.000000 -1.000000
vn 0.000000 0.000000 -1.000000
vn 0.000000 0.000000 -1.000000
vn 1.000000 0.000000 0.000000
vn 1.000000 0.000000 0.000000
vn 1.000000 0.000000 0.000000
vn 1.000000 0.000000 0.000000
vn 0.000000 0.000000 1.000000
vn 0.000000 0.000000 1.000000
vn 0.000000 0.000000 1.000000
vn 0.000000 0.000000 1.000000
vn -1.000000 0.000000 0.000000
vn -1.000000 0.000000 0.000000
vn -1.000000 0.000000 0.000000
vn -1.000000 0.000000 0.000000
vn 0.000000 0.000000 -1.000000
vn 0.000000 0.000000 -1.000000
vn 0.000000 0.000000 -1.000000
vn 0.000000 0.000000 -1.000000
vn 1.000000 0.000000 0.000000
vn 1.000000 0.000000 0.000000
vn 1.000000 0.000000 0.000000
vn 1.000000 0.000000 0.000000
vn 0.000000 0.000000 1.000000
vn 0.000000 0.000000 1.000000
vn 0.000000 0.000000 1.000000
vn 0.000000 0.000000 1.000000
vn -1.000000 0.000000 0.000000
vn -1.000000 0.000000 0.000000
vn -1.000000 0.000000 0.000000
vn -1.000000 0.000000 0.000000
vn 0.000000 0.000000 -1.000000
vn 0.000000 0.000000 -1.000000
vn 0.000000 0.000000 -1.000000
vn 0.000000 0.000000 -1.000000
vn 1.000000 0.000000 0.000000
vn 1.000000 0.000000 0.000000
vn 1.000000 0.000000 0.000000
vn 1.000000 0.000000 0.000000
vn 0.000000 0.000000 1.000000
vn 0.000000 0.000000 1.000000
vn 0.000000 0.000000 1.000000
vn 0.000000 0.000000 1.000000
vn -1.000000 0.000000 0.000000
vn -1.000000 0.000000 0.000000
vn -1.000000 0.000000 0.000000
vn -1.000000 0.000000 0.000000
vn 0.000000 0.000000 -1.000000
vn 0.000000 0.000000 -1.000000
vn 0.000000 0.000000 -1.000000
vn 0.000000 0.000000 -1.000000
vn 1.000000 0.000000 0.000000
vn 1.000000 0.000000 0.000000
vn 1.000000 0.000000 0.000000
vn 1.000000 0.000000 0.000000
vn 0.000000 0.000000 1.000000
vn 0.000000 0.000000 1.000000
vn 0.000000 0.000000 1.000000
vn 0.000000 0.000000 1.000000
vn -1.000000 0.000000 0.000000
vn -1.000000 0.000000 0.000000
vn -1.000000 0.000000 0.000000
vn -1.000000 0.000000 0.000000
vn 0.000000 0.000000 -1.000000
vn 0.000000 0.000000 -1.000000
vn 0.000000 0.000000 -1.000000
vn 0.000000 0.000000 -1.000000
vn 1.000000 0.000000 0.000000
vn 1.000000 0.000000 0.000000
vn 1.000000 0.000000 0.000000
vn 1.000000 0.000000 0.000000
vn 0.000000 0.000000 1.000000
vn 0.000000 0.000000 1.000000
vn 0.000000 0.000000 1.000000
vn 0.000000 0.000000 1.000000
vn -1.000000 0.000000 0.000000
vn -1.000000 0.000000 0.000000
vn -1.000000 0.000000 0.000000
vn -1.000000 0.000000 0.000000
vn 0.000000 0.000000 -1.000000
vn 0.000000 0.000000 -1.000000
vn 0.000000 0.000000 -1.000000
vn 0.000000 0.000000 -1.000000
vn 1.000000 0.000000 0.000000
vn 1.000000 0.000000 0.000000
vn 1.000000 0.000000 0.000000
vn 1.000000 0.000000 0.000000
vn 0.000000 0.000000 1.000000
vn 0.000000 0.000000 1.000000
vn 0.000000 0.000000 1.000000
vn 0.000000 0.000000 1.000000
vn -1.000000 0.000000 0.000000
vn -1.000000 0.000000 0.000000
vn -1.000000 0.000000 0.000000
vn -1.000000 0.000000 0.000000
vn 0.000000 0.000000 -1.000000
vn 0.000000 0.000000 -1.000000
vn 0.000000 0.000000 -1.000000
vn 0.000000 0.000000 -1.000000
vn 1.000000 0.000000 0.000000
vn 1.000000 0.000000 0.000000
vn 1.000000 0.000000 0.000000
vn 1.000000 0.000000 0.000000
vn 0.000000 0.000000 1.000000
vn 0.000000 0.000000 1.000000
vn 0.000000 0.000000 1.000000
vn 0.000000 0.000000 1.000000
vn -1.000000 0.000000 0.000000
vn -1.000000 0.000000 0.000000
vn -1.000000 0.000000 0.000000
vn -1.000000 0.000000 0.000000
vn 0.000000 0.000000 -1.000000
vn 0.000000 0.000000 -1.000000
vn 0.000000 0.000000 -1.000000
vn 0.000000 0.000000 -1.000000
vn 1.000000 0.000000 0.000000
vn 1.000000 0.000000 0.000000
vn 1.000000 0.000000 0.000000
vn 1.000000 0.000000 0.000000
vn 0.000000 0.000000 1.000000
vn 0.000000 0.000000 1.000000
vn 0.000000 0.000000 1.000000
vn 0.000000 0.000000 1.000000
vn -1.000000 0.000000 0.000000
vn -1.000000 0.000000 0.000000
vn -1.000000 0.000000 0.000000
vn -1.000000 0.000000 0.000000
vn 0.000000 0.000000 -1.000000
vn 0.000000 0.000000 -1.000000
vn 0.000000 0.000000 -1.000000
vn 0.000000 0.000000 -1.000000
vn 1.000000 0.000000 0.000000
vn 1.000000 0.000000 0.000000
vn 1.000000 0.000000 0.000000
vn 1.000000 0.000000 0.000000
vn 0.000000 0.000000 1.000000
vn 0.000000 0.000000 1.000000
vn 0.000000 0.000000 1.000000
vn 0.000000 0.000000 1.000000
vn -1.000000 0.000000 0.000000
vn -1.000000 0.000000 0.000000
vn -1.000000 0.000000 0.000000
vn -1.000000 0.000000 0.000000
vn 0.000000 0.000000 -1.000000
vn 0.000000 0.000000 -1.000000
vn 0.000000 0.000000 -1.000000
vn 0.000000 0.000000 -1.000000
vn 1.000000 0.000000 0.000000
vn 1.000000 0.000000 0.000000
vn 1.000000 0.000000 0.000000
vn 1.000000 0.000000 0.000000
vn 0.000000 0.000000 1.000000
vn 0.000000 0.000000 1.000000
vn 0.000000 0.000000 1.000000
vn 0.000000 0.000000 1.000000
vn 0.000000 -1.000000 0.000000
vn 0.000000 -1.000000 0.000000
vn 0.000000 -1.000000 0.000000
vn 0.000000 -1.000000 0.000000
vn 0.000000 -1.000000 -0.000000
vn 0.000000 -1.000000 -0.000000
vn 0.000000 -1.000000 -0.000000
vn 0.000000 -1.000000 -0.000000
vn -1.000000 0.000000 0.000000
vn -1.000000 0.000000 0.000000
vn -1.000000 0.000000 0.000000
vn -1.000000 0.000000 0.000000
vn 0.000000 0.000000 -1.000000
vn 0.000000 0.000000 -1.000000
vn 0.000000 0.000000 -1.000000
vn 0.000000 0.000000 -1.000000
vn 1.000000 0.000000 0.000000
vn 1.000000 0.000000 0.000000
vn 1.000000 0.000000 0.000000
vn 1.000000 0.000000 0.000000
vn 0.000000 0.000000 1.000000
vn 0.000000 0.000000 1.000000
vn 0.000000 0.000000 1.000000
vn 0.000000 0.000000 1.000000
vn -1.000000 0.000000 0.000000
vn -1.000000 0.000000 0.000000
vn -1.000000 0.000000 0.000000
vn -1.000000 0.000000 0.000000
vn 0.000000 0.000000 -1.000000
vn 0.000000 0.000000 -1.000000
vn 0.000000 0.000000 -1.000000
vn 0.000000 0.000000 -1.000000
vn 1.000000 0.000000 0.000000
vn 1.000000 0.000000 0.000000
vn 1.000000 0.000000 0.000000
vn 1.000000 0.000000 0.000000
vn 0.000000 0.000000 1.000000
vn 0.000000 0.000000 1.000000
vn 0.000000 0.000000 1.000000
vn 0.000000 0.000000 1.000000
vn -1.000000 0.000000 0.000000
vn -1.000000 0.000000 0.000000
vn -1.000000 0.000000 0.000000
vn -1.000000 0.000000 0.000000
vn 0.000000 0.000000 -1.000000
vn 0.000000 0.000000 -1.000000
vn 0.000000 0.000000 -1.000000
vn 0.000000 0.000000 -1.000000
vn 1.000000 0.000000 0.000000
vn 1.000000 0.000000 0.000000
vn 1.000000 0.000000 0.000000
vn 1.000000 0.000000 0.000000
vn 0.000000 0.000000 1.000000
vn 0.000000 0.000000 1.000000
vn 0.000000 0.000000 1.000000
vn 0.000000 0.000000 1.000000
vn 0.000000 -1.000000 -0.000004
vn 0.000000 -1.000000 -0.000004
vn 0.000000 -1.000000 -0.000004
vn 0.000000 -1.000000 -0.000004
vn 0.000000 -1.000000 -0.000005
vn 0.000000 -1.000000 -0.000005
vn 0.000000 -1.000000 -0.000005
vn 0.000000 -1.000000 -0.000005
vn -1.000000 0.000000 0.000000
vn -1.000000 0.000000 0.000000
vn -1.000000 0.000000 0.000000
vn -1.000000 0.000000 0.000000
vn 0.000000 0.000000 -1.000000
vn 0.000000 0.000000 -1.000000
vn 0.000000 0.000000 -1.000000
vn 0.000000 0.000000 -1.000000
vn 1.000000 0.000000 0.000000
vn 1.000000 0.000000 0.000000
vn 1.000000 0.000000 0.000000
vn 1.000000 0.000000 0.000000
vn 0.000000 0.000000 1.000000
vn 0.000000 0.000000 1.000000
vn 0.000000 0.000000 1.000000
vn 0.000000 0.000000 1.000000
vn -1.000000 0.000000 0.000000
vn -1.000000 0.000000 0.000000
vn -1.000000 0.000000 0.000000
vn -1.000000 0.000000 0.000000
vn 0.000000 0.000000 -1.000000
vn 0.000000 0.000000 -1.000000
vn 0.000000 0.000000 -1.000000
vn 0.000000 0.000000 -1.000000
vn 1.000000 0.000000 0.000000
vn 1.000000 0.000000 0.000000
vn 1.000000 0.000000 0.000000
vn 1.000000 0.000000 0.000000
vn 0.000000 0.000000 1.000000
vn 0.000000 0.000000 1.000000
vn 0.000000 0.000000 1.000000
vn 0.000000 0.000000 1.000000
vn -1.000000 0.000000 0.000000
vn -1.000000 0.000000 0.000000
vn -1.000000 0.000000 0.000000
vn -1.000000 0.000000 0.000000
vn 0.000000 0.000000 -1.000000
vn 0.000000 0.000000 -1.000000
vn 0.000000 0.000000 -1.000000
vn 0.000000 0.000000 -1.000000
vn 1.000000 0.000000 0.000000
vn 1.000000 0.000000 0.000000
vn 1.000000 0.000000 0.000000
vn 1.000000 0.000000 0.000000
vn 0.000000 0.000000 1.000000
vn 0.000000 0.000000 1.000000
vn 0.000000 0.000000 1.000000
vn 0.000000 0.000000 1.000000
vn 0.000000 -1.000000 0.000000
vn 0.000000 -1.000000 0.000000
vn 0.000000 -1.000000 0.000000
vn 0.000000 -1.000000 0.000000
vn 0.000000 -1.000000 -0.000005
vn 0.000000 -1.000000 -0.000005
vn 0.000000 -1.000000 -0.000005
vn 0.000000 -1.000000 -0.000005
vn -1.000000 0.000000 0.000000
vn -1.000000 0.000000 0.000000
vn -1.000000 0.000000 0.000000
vn -1.000000 0.000000 0.000000
vn 0.000000 0.000000 -1.000000
vn 0.000000 0.000000 -1.000000
vn 0.000000 0.000000 -1.000000
vn 0.000000 0.000000 -1.000000
vn 1.000000 0.000000 0.000000
vn 1.000000 0.000000 0.000000
vn 1.000000 0.000000 0.000000
vn 1.000000 0.000000 0.000000
vn 0.000000 0.000000 1.000000
vn 0.000000 0.000000 1.000000
vn 0.000000 0.000000 1.000000
vn 0.000000 0.000000 1.000000
vn -1.000000 0.000000 0.000000
vn -1.000000 0.000000 0.000000
vn -1.000000 0.000000 0.000000
vn -1.000000 0.000000 0.000000
vn 0.000000 0.000000 -1.000000
vn 0.000000 0.000000 -1.000000
vn 0.000000 0.000000 -1.000000
vn 0.000000 0.000000 -1.000000
vn 1.000000 0.000000 0.000000
vn 1.000000 0.000000 0.000000
vn 1.000000 0.000000 0.000000
vn 1.000000 0.000000 0.000000
vn 0.000000 0.000000 1.000000
vn 0.000000 0.000000 1.000000
vn 0.000000 0.000000 1.000000
vn 0.000000 0.000000 1.000000
vn -1.000000 0.000000 0.000000
vn -1.000000 0.000000 0.000000
vn -1.000000 0.000000 0.000000
vn -1.000000 0.000000 0.000000
vn 0.000000 0.000000 -1.000000
vn 0.000000 0.000000 -1.000000
vn 0.000000 0.000000 -1.000000
vn 0.000000 0.000000 -1.000000
vn 1.000000 0.000000 0.000000
vn 1.000000 0.000000 0.000000
vn 1.000000 0.000000 0.000000
vn 1.000000 0.000000 0.000000
vn 0.000000 0.000000 1.000000
vn 0.000000 0.000000 1.000000
vn 0.000000 0.000000 1.000000
vn 0.000000 0.000000 1.000000
vn -1.000000 0.000000 0.000000
vn -1.000000 0.000000 0.000000
vn -1.000000 0.000000 0.000000
vn -1.000000 0.000000 0.000000
vn 0.000000 0.000000 -1.000000
vn 0.000000 0.000000 -1.000000
vn 0.000000 0.000000 -1.000000
vn 0.000000 0.000000 -1.000000
vn 1.000000 0.000000 0.000000
vn 1.000000 0.000000 0.000000
vn 1.000000 0.000000 0.000000
vn 1.000000 0.000000 0.000000
vn 0.000000 0.000000 1.000000
vn 0.000000 0.000000 1.000000
vn 0.000000 0.000000 1.000000
vn 0.000000 0.000000 1.000000
vn -1.000000 0.000000 0.000000
vn -1.000000 0.000000 0.000000
vn -1.000000 0.000000 0.000000
vn -1.000000 0.000000 0.000000
vn 0.000000 0.000000 -1.000000
vn 0.000000 0.000000 -1.000000
vn 0.000000 0.000000 -1.000000
vn 0.000000 0.000000 -1.000000
vn 1.000000 0.000000 0.000000
vn 1.000000 0.000000 0.000000
vn 1.000000 0.000000 0.000000
vn 1.000000 0.000000 0.000000
vn 0.000000 0.000000 1.000000
vn 0.000000 0.000000 1.000000
vn 0.000000 0.000000 1.000000
vn 0.000000 0.000000 1.000000
vn -1.000000 0.000000 0.000000
vn -1.000000 0.000000 0.000000
vn -1.000000 0.000000 0.000000
vn -1.000000 0.000000 0.000000
vn 0.000000 0.000000 -1.000000
vn 0.000000 0.000000 -1.000000
vn 0.000000 0.000000 -1.000000
vn 0.000000 0.000000 -1.000000
vn 1.000000 0.000000 0.000000
vn 1.000000 0.000000 0.000000
vn 1.000000 0.000000 0.000000
vn 1.000000 0.000000 0.000000
vn 0.000000 0.000000 1.000000
vn 0.000000 0.000000 1.000000
vn 0.000000 0.000000 1.000000
vn 0.000000 0.000000 1.000000
vn -1.000000 0.000000 0.000000
vn -1.000000 0.000000 0.000000
vn -1.000000 0.000000 0.000000
vn -1.000000 0.000000 0.000000
vn 0.000000 0.000000 -1.000000
vn 0.000000 0.000000 -1.000000
vn 0.000000 0.000000 -1.000000
vn 0.000000 0.000000 -1.000000
vn 1.000000 0.000000 0.000000
vn 1.000000 0.000000 0.000000
vn 1.000000 0.000000 0.000000
vn 1.000000 0.000000 0.000000
vn 0.000000 0.000000 1.000000
vn 0.000000 0.000000 1.000000
vn 0.000000 0.000000 1.000000
vn 0.000000 0.000000 1.000000
vn -1.000000 0.000000 0.000000
vn -1.000000 0.000000 0.000000
vn -1.000000 0.000000 0.000000
vn -1.000000 0.000000 0.000000
vn 0.000000 0.000000 -1.000000
vn 0.000000 0.000000 -1.000000
vn 0.000000 0.000000 -1.000000
vn 0.000000 0.000000 -1.000000
vn 1.000000 0.000000 0.000000
vn 1.000000 0.000000 0.000000
vn 1.000000 0.000000 0.000000
vn 1.000000 0.000000 0.000000
vn 0.000000 0.000000 1.000000
vn 0.000000 0.000000 1.000000
vn 0.000000 0.000000 1.000000
vn 0.000000 0.000000 1.000000
vn -1.000000 0.000000 0.000000
vn -1.000000 0.000000 0.000000
vn -1.000000 0.000000 0.000000
vn -1.000000 0.000000 0.000000
vn 0.000000 0.000000 -1.000000
vn 0.000000 0.000000 -1.000000
vn 0.000000 0.000000 -1.000000
vn 0.000000 0.000000 -1.000000
vn 1.000000 0.000000 0.000000
vn 1.000000 0.000000 0.000000
vn 1.000000 0.000000 0.000000
vn 1.000000 0.000000 0.000000
vn 0.000000 0.000000 1.000000
vn 0.000000 0.000000 1.000000
vn 0.000000 0.000000 1.000000
vn 0.000000 0.000000 1.000000
vn -1.000000 0.000000 0.000000
vn -1.000000 0.000000 0.000000
vn -1.000000 0.000000 0.000000
vn -1.000000 0.000000 0.000000
vn 0.000000 0.000000 -1.000000
vn 0.000000 0.000000 -1.000000
vn 0.000000 0.000000 -1.000000
vn 0.000000 0.000000 -1.000000
vn 1.000000 0.000000 0.000000
vn 1.000000 0.000000 0.000000
vn 1.000000 0.000000 0.000000
vn 1.000000 0.000000 0.000000
vn 0.000000 0.000000 1.000000
vn 0.000000 0.000000 1.000000
vn 0.000000 0.000000 1.000000
vn 0.000000 0.000000 1.000000
vn -1.000000 0.000000 0.000000
vn -1.000000 0.000000 0.000000
vn -1.000000 0.000000 0.000000
vn -1.000000 0.000000 0.000000
vn 0.000000 0.000000 -1.000000
vn 0.000000 0.000000 -1.000000
vn 0.000000 0.000000 -1.000000
vn 0.000000 0.000000 -1.000000
vn 1.000000 0.000000 0.000000
vn 1.000000 0.000000 0.000000
vn 1.000000 0.000000 0.000000
vn 1.000000 0.000000 0.000000
vn 0.000000 0.000000 1.000000
vn 0.000000 0.000000 1.000000
vn 0.000000 0.000000 1.000000
vn 0.000000 0.000000 1.000000
vn 1.000000 0.000000 0.000000
vn 1.000000 0.000000 0.000000
vn 1.000000 0.000000 0.000000
vn 1.000000 0.000000 0.000000
vn 0.000000 0.000000 1.000000
vn 0.000000 0.000000 1.000000
vn 0.000000 0.000000 1.000000
vn 0.000000 0.000000 1.000000
vn -1.000000 0.000000 0.000000
vn -1.000000 0.000000 0.000000
vn -1.000000 0.000000 0.000000
vn -1.000000 0.000000 0.000000
vn 0.000000 0.000000 -1.000000
vn 0.000000 0.000000 -1.000000
vn 0.000000 0.000000 -1.000000
vn 0.000000 0.000000 -1.000000
vn 1.000000 0.000000 0.000000
vn 1.000000 0.000000 0.000000
vn 1.000000 0.000000 0.000000
vn 1.000000 0.000000 0.000000
vn 0.000000 0.000000 1.000000
vn 0.000000 0.000000 1.000000
vn 0.000000 0.000000 1.000000
vn 0.000000 0.000000 1.000000
vn -1.000000 0.000000 0.000000
vn -1.000000 0.000000 0.000000
vn -1.000000 0.000000 0.000000
vn -1.000000 0.000000 0.000000
vn 0.000000 0.000000 -1.000000
vn 0.000000 0.000000 -1.000000
vn 0.000000 0.000000 -1.000000
vn 0.000000 0.000000 -1.000000
vn 1.000000 0.000000 0.000000
vn 1.000000 0.000000 0.000000
vn 1.000000 0.000000 0.000000
vn 1.000000 0.000000 0.000000
vn 0.000000 0.000000 1.000000
vn 0.000000 0.000000 1.000000
vn 0.000000 0.000000 1.000000
vn 0.000000 0.000000 1.000000
vn -1.000000 0.000000 0.000000
vn -1.000000 0.000000 0.000000
vn -1.000000 0.000000 0.000000
vn -1.000000 0.000000 0.000000
vn 0.000000 0.000000 -1.000000
vn 0.000000 0.000000 -1.000000
vn 0.000000 0.000000 -1.000000
vn 0.000000 0.000000 -1.000000
vn 1.000000 0.000000 0.000000
vn 1.000000 0.000000 0.000000
vn 1.000000 0.000000 0.000000
vn 1.000000 0.000000 0.000000
vn 0.000000 0.000000 1.000000
vn 0.000000 0.000000 1.000000
vn 0.000000 0.000000 1.000000
vn 0.000000 0.000000 1.000000
vn -1.000000 0.000000 0.000000
vn -1.000000 0.000000 0.000000
vn -1.000000 0.000000 0.000000
vn -1.000000 0.000000 0.000000
vn 0.000000 0.000000 -1.000000
vn 0.000000 0.000000 -1.000000
vn 0.000000 0.000000 -1.000000
vn 0.000000 0.000000 -1.000000
vn 1.000000 0.000000 0.000000
vn 1.000000 0.000000 0.000000
vn 1.000000 0.000000 0.000000
vn 1.000000 0.000000 0.000000
vn 0.000000 0.000000 1.000000
vn 0.000000 0.000000 1.000000
vn 0.000000 0.000000 1.000000
vn 0.000000 0.000000 1.000000
vn -1.000000 0.000000 0.000000
vn -1.000000 0.000000 0.000000
vn -1.000000 0.000000 0.000000
vn -1.000000 0.000000 0.000000
vn 0.000000 0.000000 -1.000000
vn 0.000000 0.000000 -1.000000
vn 0.000000 0.000000 -1.000000
vn 0.000000 0.000000 -1.000000
vn 1.000000 0.000000 0.000000
vn 1.000000 0.000000 0.000000
vn 1.000000 0.000000 0.000000
vn 1.000000 0.000000 0.000000
vn 0.000000 0.000000 1.000000
vn 0.000000 0.000000 1.000000
vn 0.000000 0.000000 1.000000
vn 0.000000 0.000000 1.000000
vn -1.000000 0.000000 0.000000
vn -1.000000 0.000000 0.000000
vn -1.000000 0.000000 0.000000
vn -1.000000 0.000000 0.000000
vn 0.000000 0.000000 -1.000000
vn 0.000000 0.000000 -1.000000
vn 0.000000 0.000000 -1.000000
vn 0.000000 0.000000 -1.000000
vn 1.000000 0.000000 0.000000
vn 1.000000 0.000000 0.000000
vn 1.000000 0.000000 0.000000
vn 1.000000 0.000000 0.000000
vn 0.000000 0.000000 1.000000
vn 0.000000 0.000000 1.000000
vn 0.000000 0.000000 1.000000
vn 0.000000 0.000000 1.000000
vn -1.000000 0.000000 0.000000
vn -1.000000 0.000000 0.000000
vn -1.000000 0.000000 0.000000
vn -1.000000 0.000000 0.000000
vn 0.000000 0.000000 -1.000000
vn 0.000000 0.000000 -1.000000
vn 0.000000 0.000000 -1.000000
vn 0.000000 0.000000 -1.000000
vn 1.000000 0.000000 0.000000
vn 1.000000 0.000000 0.000000
vn 1.000000 0.000000 0.000000
vn 1.000000 0.000000 0.000000
vn 0.000000 0.000000 1.000000
vn 0.000000 0.000000 1.000000
vn 0.000000 0.000000 1.000000
vn 0.000000 0.000000 1.000000
vn -1.000000 0.000000 0.000000
vn -1.000000 0.000000 0.000000
vn -1.000000 0.000000 0.000000
vn -1.000000 0.000000 0.000000
vn 0.000000 0.000000 -1.000000
vn 0.000000 0.000000 -1.000000
vn 0.000000 0.000000 -1.000000
vn 0.000000 0.000000 -1.000000
vn 1.000000 0.000000 0.000000
vn 1.000000 0.000000 0.000000
vn 1.000000 0.000000 0.000000
vn 1.000000 0.000000 0.000000
vn 0.000000 0.000000 1.000000
vn 0.000000 0.000000 1.000000
vn 0.000000 0.000000 1.000000
vn 0.000000 0.000000 1.000000
vn -1.000000 0.000000 0.000000
vn -1.000000 0.000000 0.000000
vn -1.000000 0.000000 0.000000
vn -1.000000 0.000000 0.000000
vn 0.000000 0.000000 -1.000000
vn 0.000000 0.000000 -1.000000
vn 0.000000 0.000000 -1.000000
vn 0.000000 0.000000 -1.000000
vn 1.000000 0.000000 0.000000
vn 1.000000 0.000000 0.000000
vn 1.000000 0.000000 0.000000
vn 1.000000 0.000000 0.000000
vn 0.000000 0.000000 1.000000
vn 0.000000 0.000000 1.000000
vn 0.000000 0.000000 1.000000
vn 0.000000 0.000000 1.000000
vn -1.000000 0.000000 0.000000
vn -1.000000 0.000000 0.000000
vn -1.000000 0.000000 0.000000
vn -1.000000 0.000000 0.000000
vn 0.000000 0.000000 -1.000000
vn 0.000000 0.000000 -1.000000
vn 0.000000 0.000000 -1.000000
vn 0.000000 0.000000 -1.000000
vn 0.000000 0.000000 1.000000
vn 0.000000 0.000000 1.000000
vn 0.000000 0.000000 1.000000
vn 0.000000 0.000000 1.000000
vn -1.000000 0.000000 0.000000
vn -1.000000 0.000000 0.000000
vn -1.000000 0.000000 0.000000
vn -1.000000 0.000000 0.000000
vn 0.000000 0.000000 -1.000000
vn 0.000000 0.000000 -1.000000
vn 0.000000 0.000000 -1.000000
vn 0.000000 0.000000 -1.000000
vn 1.000000 0.000000 0.000000
vn 1.000000 0.000000 0.000000
vn 1.000000 0.000000 0.000000
vn 1.000000 0.000000 0.000000
vn 0.000000 0.000000 1.000000
vn 0.000000 0.000000 1.000000
vn 0.000000 0.000000 1.000000
vn 0.000000 0.000000 1.000000
vn -1.000000 0.000000 0.000000
vn -1.000000 0.000000 0.000000
vn -1.000000 0.000000 0.000000
vn -1.000000 0.000000 0.000000
vn 0.000000 0.000000 -1.000000
vn 0.000000 0.000000 -1.000000
vn 0.000000 0.000000 -1.000000
vn 0.000000 0.000000 -1.000000
vn 1.000000 0.000000 0.000000
vn 1.000000 0.000000 0.000000
vn 1.000000 0.000000 0.000000
vn 1.000000 0.000000 0.000000
vn 0.000000 0.000000 1.000000
vn 0.000000 0.000000 1.000000
vn 0.000000 0.000000 1.000000
vn 0.000000 0.000000 1.000000
vn -1.000000 0.000000 0.000000
vn -1.000000 0.000000 0.000000
vn -1.000000 0.000000 0.000000
vn -1.000000 0.000000 0.000000
vn 0.000000 0.000000 -1.000000
vn 0.000000 0.000000 -1.000000
vn 0.000000 0.000000 -1.000000
vn 0.000000 0.000000 -1.000000
vn 1.000000 0.000000 0.000000
vn 1.000000 0.000000 0.000000
vn 1.000000 0.000000 0.000000
vn 1.000000 0.000000 0.000000
vn 0.000000 0.000000 1.000000
vn 0.000000 0.000000 1.000000
vn 0.000000 0.000000 1.000000
vn 0.000000 0.000000 1.000000
vn -1.000000 0.000000 0.000000
vn -1.000000 0.000000 0.000000
vn -1.000000 0.000000 0.000000
vn -1.000000 0.000000 0.000000
vn 0.000000 0.000000 -1.000000
vn 0.000000 0.000000 -1.000000
vn 0.000000 0.000000 -1.000000
vn 0.000000 0.000000 -1.000000
vn 1.000000 0.000000 0.000000
vn 1.000000 0.000000 0.000000
vn 1.000000 0.000000 0.000000
vn 1.000000 0.000000 0.000000
vn 0.000000 0.000000 1.000000
vn 0.000000 0.000000 1.000000
vn 0.000000 0.000000 1.000000
vn 0.000000 0.000000 1.000000
vn -1.000000 0.000000 0.000000
vn -1.000000 0.000000 0.000000
vn -1.000000 0.000000 0.000000
vn -1.000000 0.000000 0.000000
vn 0.000000 0.000000 -1.000000
vn 0.000000 0.000000 -1.000000
vn 0.000000 0.000000 -1.000000
vn 0.000000 0.000000 -1.000000
vn 1.000000 0.000000 0.000000
vn 1.000000 0.000000 0.000000
vn 1.000000 0.000000 0.000000
vn 1.000000 0.000000 0.000000
vn 0.000000 0.000000 1.000000
vn 0.000000 0.000000 1.000000
vn 0.000000 0.000000 1.000000
vn 0.000000 0.000000 1.000000
vn -1.000000 0.000000 0.000000
vn -1.000000 0.000000 0.000000
vn -1.000000 0.000000 0.000000
vn -1.000000 0.000000 0.000000
vn 0.000000 0.000000 -1.000000
vn 0.000000 0.000000 -1.000000
vn 0.000000 0.000000 -1.000000
vn 0.000000 0.000000 -1.000000
vn 1.000000 0.000000 0.000000
vn 1.000000 0.000000 0.000000
vn 1.000000 0.000000 0.000000
vn 1.000000 0.000000 0.000000
vn 0.000000 0.000000 1.000000
vn 0.000000 0.000000 1.000000
vn 0.000000 0.000000 1.000000
vn 0.000000 0.000000 1.000000
vn -1.000000 0.000000 0.000000
vn -1.000000 0.000000 0.000000
vn -1.000000 0.000000 0.000000
vn -1.000000 0.000000 0.000000
vn 0.000000 0.000000 -1.000000
vn 0.000000 0.000000 -1.000000
vn 0.000000 0.000000 -1.000000
vn 0.000000 0.000000 -1.000000
vn 1.000000 0.000000 0.000000
vn 1.000000 0.000000 0.000000
vn 1.000000 0.000000 0.000000
vn 1.000000 0.000000 0.000000
vn 0.000000 0.000000 1.000000
vn 0.000000 0.000000 1.000000
vn 0.000000 0.000000 1.000000
vn 0.000000 0.000000 1.000000
vn -1.000000 0.000000 0.000000
vn -1.000000 0.000000 0.000000
vn -1.000000 0.000000 0.000000
vn -1.000000 0.000000 0.000000
vn 0.000000 0.000000 -1.000000
vn 0.000000 0.000000 -1.000000
vn 0.000000 0.000000 -1.000000
vn 0.000000 0.000000 -1.000000
vn 1.000000 0.000000 0.000000
vn 1.000000 0.000000 0.000000
vn 1.000000 0.000000 0.000000
vn 1.000000 0.000000 0.000000
vn 0.000000 0.000000 1.000000
vn 0.000000 0.000000 1.000000
vn 0.000000 0.000000 1.000000
vn 0.000000 0.000000 1.000000
vn -1.000000 0.000000 0.000000
vn -1.000000 0.000000 0.000000
vn -1.000000 0.000000 0.000000
vn -1.000000 0.000000 0.000000
vn 0.000000 0.000000 -1.000000
vn 0.000000 0.000000 -1.000000
vn 0.000000 0.000000 -1.000000
vn 0.000000 0.000000 -1.000000
vn 1.000000 0.000000 0.000000
vn 1.000000 0.000000 0.000000
vn 1.000000 0.000000 0.000000
vn 1.000000 0.000000 0.000000
vn 0.000000 0.000000 1.000000
vn 0.000000 0.000000 1.000000
vn 0.000000 0.000000 1.000000
vn 0.000000 0.000000 1.000000
vn -1.000000 0.000000 0.000000
vn -1.000000 0.000000 0.000000
vn -1.000000 0.000000 0.000000
vn -1.000000 0.000000 0.000000
vn 0.000000 0.000000 -1.000000
vn 0.000000 0.000000 -1.000000
vn 0.000000 0.000000 -1.000000
vn 0.000000 0.000000 -1.000000
vn 1.000000 0.000000 0.000000
vn 1.000000 0.000000 0.000000
vn 1.000000 0.000000 0.000000
vn 1.000000 0.000000 0.000000
vn 0.000000 0.000000 1.000000
vn 0.000000 0.000000 1.000000
vn 0.000000 0.000000 1.000000
vn 0.000000 0.000000 1.000000
vn -1.000000 0.000000 0.000000
vn -1.000000 0.000000 0.000000
vn -1.000000 0.000000 0.000000
vn -1.000000 0.000000 0.000000
vn 0.000000 0.000000 -1.000000
vn 0.000000 0.000000 -1.000000
vn 0.000000 0.000000 -1.000000
vn 0.000000 0.000000 -1.000000
vn 1.000000 0.000000 0.000000
vn 1.000000 0.000000 0.000000
vn 1.000000 0.000000 0.000000
vn 1.000000 0.000000 0.000000
vn 0.881255 0.472512 0.011085
vn 0.881255 0.472512 0.011085
vn 0.881255 0.472512 0.011085
vn 0.881255 0.472512 0.011085
vn -0.472475 0.881324 -0.005943
vn -0.472475 0.881324 -0.005943
vn -0.472475 0.881324 -0.005943
vn -0.472475 0.881324 -0.005943
vn -0.881256 -0.472509 -0.011086
vn -0.881256 -0.472508 -0.011086
vn -0.881256 -0.472509 -0.011086
vn -0.881256 -0.472508 -0.011086
vn 0.472485 -0.881319 0.005943
vn 0.472485 -0.881319 0.005943
vn 0.472485 -0.881319 0.005943
vn 0.472485 -0.881319 0.005943
vn 0.012563 0.000007 -0.999921
vn 0.012563 0.000007 -0.999921
vn 0.012563 0.000007 -0.999921
vn 0.012563 0.000007 -0.999921
vn -0.012563 0.000005 0.999921
vn -0.012563 0.000005 0.999921
vn -0.012563 0.000005 0.999921
vn -0.012563 0.000005 0.999921
vn 0.000000 0.472511 0.881325
vn 0.000000 0.472511 0.881325
vn 0.000000 0.472511 0.881325
vn 0.000000 0.472511 0.881325
vn 0.000000 0.881331 -0.472500
vn 0.000000 0.881331 -0.472500
vn 0.000000 0.881331 -0.472500
vn 0.000000 0.881331 -0.472500
vn 0.000000 -0.472516 -0.881322
vn 0.000000 -0.472516 -0.881322
vn 0.000000 -0.472516 -0.881322
vn 0.000000 -0.472516 -0.881322
vn 0.000000 -0.881317 0.472526
vn 0.000000 -0.881317 0.472526
vn 0.000000 -0.881317 0.472526
vn 0.000000 -0.881317 0.472526
vn 1.000000 0.000010 0.000000
vn 1.000000 0.000010 0.000000
vn 1.000000 0.000010 0.000000
vn 1.000000 0.000010 0.000000
vn -1.000000 0.000010 0.000000
vn -1.000000 0.000010 0.000000
vn -1.000000 0.000010 0.000000
vn -1.000000 0.000010 0.000000
vn 0.000000 0.472517 0.881321
vn 0.000000 0.472517 0.881321
vn 0.000000 0.472517 0.881321
vn 0.000000 0.472517 0.881321
vn 0.000000 0.881323 -0.472515
vn 0.000000 0.881323 -0.472515
vn 0.000000 0.881323 -0.472515
vn 0.000000 0.881323 -0.472515
vn 0.000000 -0.472509 -0.881326
vn 0.000000 -0.472509 -0.881326
vn 0.000000 -0.472509 -0.881326
vn 0.000000 -0.472509 -0.881326
vn 0.000000 -0.881325 0.472512
vn 0.000000 -0.881325 0.472512
vn 0.000000 -0.881325 0.472512
vn 0.000000 -0.881325 0.472512
vn 1.000000 -0.000010 0.000000
vn 1.000000 -0.000010 0.000000
vn 1.000000 -0.000010 0.000000
vn 1.000000 -0.000010 0.000000
vn -1.000000 -0.000010 0.000000
vn -1.000000 -0.000010 0.000000
vn -1.000000 -0.000010 0.000000
vn -1.000000 -0.000010 0.000000
vn 0.000000 0.472511 0.881325
vn 0.000000 0.472511 0.881325
vn 0.000000 0.472511 0.881325
vn 0.000000 0.472511 0.881325
vn 0.000000 0.881323 -0.472515
vn 0.000000 0.881323 -0.472515
vn 0.000000 0.881323 -0.472515
vn 0.000000 0.881323 -0.472515
vn 0.000000 -0.472509 -0.881326
vn 0.000000 -0.472509 -0.881326
vn 0.000000 -0.472509 -0.881326
vn 0.000000 -0.472509 -0.881326
vn 0.000000 -0.881317 0.472526
vn 0.000000 -0.881317 0.472526
vn 0.000000 -0.881317 0.472526
vn 0.000000 -0.881317 0.472526
vn 1.000000 0.000000 0.000000
vn 1.000000 0.000000 0.000000
vn 1.000000 0.000000 0.000000
vn 1.000000 0.000000 0.000000
vn -1.000000 0.000000 0.000000
vn -1.000000 0.000000 0.000000
vn -1.000000 0.000000 0.000000
vn -1.000000 0.000000 0.000000
vn 0.000000 0.472511 0.881325
vn 0.000000 0.472511 0.881325
vn 0.000000 0.472511 0.881325
vn 0.000000 0.472511 0.881325
vn 0.000000 0.881323 -0.472515
vn 0.000000 0.881323 -0.472515
vn 0.000000 0.881323 -0.472515
vn 0.000000 0.881323 -0.472515
vn 0.000000 -0.472516 -0.881322
vn 0.000000 -0.472516 -0.881322
vn 0.000000 -0.472516 -0.881322
vn 0.000000 -0.472516 -0.881322
vn 0.000000 -0.881309 0.472540
vn 0.000000 -0.881309 0.472540
vn 0.000000 -0.881309 0.472540
vn 0.000000 -0.881309 0.472540
vn 1.000000 0.000000 0.000000
vn 1.000000 0.000000 0.000000
vn 1.000000 0.000000 0.000000
vn 1.000000 0.000000 0.000000
vn -1.000000 0.000010 0.000000
vn -1.000000 0.000010 0.000000
vn -1.000000 0.000010 0.000000
vn -1.000000 0.000010 0.000000
vn 0.000000 0.472517 0.881321
vn 0.000000 0.472517 0.881321
vn 0.000000 0.472517 0.881321
vn 0.000000 0.472517 0.881321
vn 0.000000 0.881315 -0.472529
vn 0.000000 0.881315 -0.472529
vn 0.000000 0.881315 -0.472529
vn 0.000000 0.881315 -0.472529
vn 0.000000 -0.472509 -0.881326
vn 0.000000 -0.472509 -0.881326
vn 0.000000 -0.472509 -0.881326
vn 0.000000 -0.472509 -0.881326
vn 0.000000 -0.881317 0.472526
vn 0.000000 -0.881317 0.472526
vn 0.000000 -0.881317 0.472526
vn 0.000000 -0.881317 0.472526
vn 1.000000 -0.000010 0.000000
vn 1.000000 -0.000010 0.000000
vn 1.000000 -0.000010 0.000000
vn 1.000000 -0.000010 0.000000
vn -1.000000 -0.000010 0.000000
vn -1.000000 -0.000010 0.000000
vn -1.000000 -0.000010 0.000000
vn -1.000000 -0.000010 0.000000
vn 0.000000 0.472517 0.881321
vn 0.000000 0.472517 0.881321
vn 0.000000 0.472517 0.881321
vn 0.000000 0.472517 0.881321
vn 0.000000 0.881323 -0.472515
vn 0.000000 0.881323 -0.472515
vn 0.000000 0.881323 -0.472515
vn 0.000000 0.881323 -0.472515
vn 0.000000 -0.472509 -0.881326
vn 0.000000 -0.472509 -0.881326
vn 0.000000 -0.472509 -0.881326
vn 0.000000 -0.472509 -0.881326
vn 0.000000 -0.881325 0.472512
vn 0.000000 -0.881325 0.472512
vn 0.000000 -0.881325 0.472512
vn 0.000000 -0.881325 0.472512
vn 1.000000 -0.000010 0.000000
vn 1.000000 -0.000010 0.000000
vn 1.000000 -0.000010 0.000000
vn 1.000000 -0.000010 0.000000
vn -1.000000 -0.000010 0.000000
vn -1.000000 -0.000010 0.000000
vn -1.000000 -0.000010 0.000000
vn -1.000000 -0.000010 0.000000
vn 0.881254 0.472514 0.011085
vn 0.881254 0.472514 0.011085
vn 0.881254 0.472514 0.011085
vn 0.881254 0.472514 0.011085
vn -0.472468 0.881328 -0.005943
vn -0.472468 0.881328 -0.005943
vn -0.472468 0.881328 -0.005943
vn -0.472468 0.881328 -0.005943
vn -0.881255 -0.472512 -0.011086
vn -0.881255 -0.472512 -0.011086
vn -0.881255 -0.472512 -0.011086
vn -0.881255 -0.472512 -0.011086
vn 0.472481 -0.881321 0.005943
vn 0.472481 -0.881321 0.005943
vn 0.472481 -0.881321 0.005943
vn 0.472481 -0.881321 0.005943
vn 0.012563 0.000007 -0.999921
vn 0.012563 0.000007 -0.999921
vn 0.012563 0.000007 -0.999921
vn 0.012563 0.000007 -0.999921
vn -0.012582 0.000005 0.999921
vn -0.012582 0.000005 0.999921
vn -0.012582 0.000005 0.999921
vn -0.012582 0.000005 0.999921
vn 0.000000 0.472517 0.881321
vn 0.000000 0.472517 0.881321
vn 0.000000 0.472517 0.881321
vn 0.000000 0.472517 0.881321
vn 0.000000 0.881315 -0.472529
vn 0.000000 0.881315 -0.472529
vn 0.000000 0.881315 -0.472529
vn 0.000000 0.881315 -0.472529
vn 0.000000 -0.472509 -0.881326
vn 0.000000 -0.472509 -0.881326
vn 0.000000 -0.472509 -0.881326
vn 0.000000 -0.472509 -0.881326
vn 0.000000 -0.881317 0.472526
vn 0.000000 -0.881317 0.472526
vn 0.000000 -0.881317 0.472526
vn 0.000000 -0.881317 0.472526
vn 1.000000 0.000000 0.000000
vn 1.000000 0.000000 0.000000
vn 1.000000 0.000000 0.000000
vn 1.000000 0.000000 0.000000
vn -1.000000 -0.000002 0.000000
vn -1.000000 -0.000002 0.000000
vn -1.000000 -0.000002 0.000000
vn -1.000000 -0.000002 0.000000
vn 0.000000 0.472511 0.881325
vn 0.000000 0.472511 0.881325
vn 0.000000 0.472511 0.881325
vn 0.000000 0.472511 0.881325
vn 0.000000 0.881323 -0.472515
vn 0.000000 0.881323 -0.472515
vn 0.000000 0.881323 -0.472515
vn 0.000000 0.881323 -0.472515
vn 0.000000 -0.472516 -0.881322
vn 0.000000 -0.472516 -0.881322
vn 0.000000 -0.472516 -0.881322
vn 0.000000 -0.472516 -0.881322
vn 0.000000 -0.881309 0.472540
vn 0.000000 -0.881309 0.472540
vn 0.000000 -0.881309 0.472540
vn 0.000000 -0.881309 0.472540
vn 1.000000 0.000000 0.000000
vn 1.000000 0.000000 0.000000
vn 1.000000 0.000000 0.000000
vn 1.000000 0.000000 0.000000
vn -1.000000 0.000000 0.000000
vn -1.000000 0.000000 0.000000
vn -1.000000 0.000000 0.000000
vn -1.000000 0.000000 0.000000
vn 0.000000 0.472511 0.881325
vn 0.000000 0.472511 0.881325
vn 0.000000 0.472511 0.881325
vn 0.000000 0.472511 0.881325
vn 0.000000 0.881323 -0.472515
vn 0.000000 0.881323 -0.472515
vn 0.000000 0.881323 -0.472515
vn 0.000000 0.881323 -0.472515
vn 0.000000 -0.472509 -0.881326
vn 0.000000 -0.472509 -0.881326
vn 0.000000 -0.472509 -0.881326
vn 0.000000 -0.472509 -0.881326
vn 0.000000 -0.881317 0.472526
vn 0.000000 -0.881317 0.472526
vn 0.000000 -0.881317 0.472526
vn 0.000000 -0.881317 0.472526
vn 1.000000 0.000000 0.000000
vn 1.000000 0.000000 0.000000
vn 1.000000 0.000000 0.000000
vn 1.000000 0.000000 0.000000
vn -1.000000 0.000000 0.000000
vn -1.000000 0.000000 0.000000
vn -1.000000 0.000000 0.000000
vn -1.000000 0.000000 0.000000
vn 0.000000 0.472517 0.881321
vn 0.000000 0.472517 0.881321
vn 0.000000 0.472517 0.881321
vn 0.000000 0.472517 0.881321
vn 0.000000 0.881323 -0.472515
vn 0.000000 0.881323 -0.472515
vn 0.000000 0.881323 -0.472515
vn 0.000000 0.881323 -0.472515
vn 0.000000 -0.472509 -0.881326
vn 0.000000 -0.472509 -0.881326
vn 0.000000 -0.472509 -0.881326
vn 0.000000 -0.472509 -0.881326
vn 0.000000 -0.881325 0.472512
vn 0.000000 -0.881325 0.472512
vn 0.000000 -0.881325 0.472512
vn 0.000000 -0.881325 0.472512
vn 1.000000 0.000000 0.000000
vn 1.000000 0.000000 0.000000
vn 1.000000 0.000000 0.000000
vn 1.000000 0.000000 0.000000
vn -1.000000 -0.000002 0.000000
vn -1.000000 -0.000002 0.000000
vn -1.000000 -0.000002 0.000000
vn -1.000000 -0.000002 0.000000
vn 0.000000 0.472511 0.881325
vn 0.000000 0.472511 0.881325
vn 0.000000 0.472511 0.881325
vn 0.000000 0.472511 0.881325
vn 0.000000 0.881331 -0.472500
vn 0.000000 0.881331 -0.472500
vn 0.000000 0.881331 -0.472500
vn 0.000000 0.881331 -0.472500
vn 0.000000 -0.472516 -0.881322
vn 0.000000 -0.472516 -0.881322
vn 0.000000 -0.472516 -0.881322
vn 0.000000 -0.472516 -0.881322
vn 0.000000 -0.881317 0.472526
vn 0.000000 -0.881317 0.472526
vn 0.000000 -0.881317 0.472526
vn 0.000000 -0.881317 0.472526
vn 1.000000 0.000000 0.000000
vn 1.000000 0.000000 0.000000
vn 1.000000 0.000000 0.000000
vn 1.000000 0.000000 0.000000
vn -1.000000 0.000000 0.000000
vn -1.000000 0.000000 0.000000
vn -1.000000 0.000000 0.000000
vn -1.000000 0.000000 0.000000
vn 0.000000 0.472511 0.881325
vn 0.000000 0.472511 0.881325
vn 0.000000 0.472511 0.881325
vn 0.000000 0.472511 0.881325
vn 0.000000 0.881323 -0.472515
vn 0.000000 0.881323 -0.472515
vn 0.000000 0.881323 -0.472515
vn 0.000000 0.881323 -0.472515
vn 0.000000 -0.472516 -0.881322
vn 0.000000 -0.472516 -0.881322
vn 0.000000 -0.472516 -0.881322
vn 0.000000 -0.472516 -0.881322
vn 0.000000 -0.881309 0.472540
vn 0.000000 -0.881309 0.472540
vn 0.000000 -0.881309 0.472540
vn 0.000000 -0.881309 0.472540
vn 1.000000 0.000000 0.000000
vn 1.000000 0.000000 0.000000
vn 1.000000 0.000000 0.000000
vn 1.000000 0.000000 0.000000
vn -1.000000 0.000000 0.000000
vn -1.000000 0.000000 0.000000
vn -1.000000 0.000000 0.000000
vn -1.000000 0.000000 0.000000
vn 0.881254 0.472513 0.011085
vn 0.881254 0.472513 0.011085
vn 0.881254 0.472513 0.011085
vn 0.881254 0.472513 0.011085
vn -0.472472 0.881326 -0.005943
vn -0.472472 0.881326 -0.005943
vn -0.472472 0.881326 -0.005943
vn -0.472472 0.881326 -0.005943
vn -0.881256 -0.472510 -0.011086
vn -0.881256 -0.472510 -0.011086
vn -0.881256 -0.472510 -0.011086
vn -0.881256 -0.472510 -0.011086
vn 0.472483 -0.881320 0.005943
vn 0.472483 -0.881320 0.005943
vn 0.472483 -0.881320 0.005943
vn 0.472483 -0.881320 0.005943
vn 0.012563 0.000007 -0.999921
vn 0.012563 0.000007 -0.999921
vn 0.012563 0.000007 -0.999921
vn 0.012563 0.000007 -0.999921
vn -0.012582 0.000005 0.999921
vn -0.012582 0.000005 0.999921
vn -0.012582 0.000005 0.999921
vn -0.012582 0.000005 0.999921
vn 0.000000 0.472517 0.881321
vn 0.000000 0.472517 0.881321
vn 0.000000 0.472517 0.881321
vn 0.000000 0.472517 0.881321
vn 0.000000 0.881315 -0.472529
vn 0.000000 0.881315 -0.472529
vn 0.000000 0.881315 -0.472529
vn 0.000000 0.881315 -0.472529
vn 0.000000 -0.472509 -0.881326
vn 0.000000 -0.472509 -0.881326
vn 0.000000 -0.472509 -0.881326
vn 0.000000 -0.472509 -0.881326
vn 0.000000 -0.881317 0.472526
vn 0.000000 -0.881317 0.472526
vn 0.000000 -0.881317 0.472526
vn 0.000000 -0.881317 0.472526
vn 1.000000 0.000000 0.000000
vn 1.000000 0.000000 0.000000
vn 1.000000 0.000000 0.000000
vn 1.000000 0.000000 0.000000
vn -1.000000 0.000000 0.000000
vn -1.000000 0.000000 0.000000
vn -1.000000 0.000000 0.000000
vn -1.000000 0.000000 0.000000
vn 0.000000 0.472511 0.881325
vn 0.000000 0.472511 0.881325
vn 0.000000 0.472511 0.881325
vn 0.000000 0.472511 0.881325
vn 0.000000 0.881323 -0.472515
vn 0.000000 0.881323 -0.472515
vn 0.000000 0.881323 -0.472515
vn 0.000000 0.881323 -0.472515
vn 0.000000 -0.472516 -0.881322
vn 0.000000 -0.472516 -0.881322
vn 0.000000 -0.472516 -0.881322
vn 0.000000 -0.472516 -0.881322
vn 0.000000 -0.881309 0.472540
vn 0.000000 -0.881309 0.472540
vn 0.000000 -0.881309 0.472540
vn 0.000000 -0.881309 0.472540
vn 1.000000 0.000000 0.000000
vn 1.000000 0.000000 0.000000
vn 1.000000 0.000000 0.000000
vn 1.000000 0.000000 0.000000
vn -1.000000 0.000005 0.000000
vn -1.000000 0.000005 0.000000
vn -1.000000 0.000005 0.000000
vn -1.000000 0.000005 0.000000
vn 0.000000 0.472511 0.881325
vn 0.000000 0.472511 0.881325
vn 0.000000 0.472511 0.881325
vn 0.000000 0.472511 0.881325
vn 0.000000 0.881323 -0.472515
vn 0.000000 0.881323 -0.472515
vn 0.000000 0.881323 -0.472515
vn 0.000000 0.881323 -0.472515
vn 0.000000 -0.472509 -0.881326
vn 0.000000 -0.472509 -0.881326
vn 0.000000 -0.472509 -0.881326
vn 0.000000 -0.472509 -0.881326
vn 0.000000 -0.881317 0.472526
vn 0.000000 -0.881317 0.472526
vn 0.000000 -0.881317 0.472526
vn 0.000000 -0.881317 0.472526
vn 1.000000 0.000000 0.000000
vn 1.000000 0.000000 0.000000
vn 1.000000 0.000000 0.000000
vn 1.000000 0.000000 0.000000
vn -1.000000 0.000000 0.000000
vn -1.000000 0.000000 0.000000
vn -1.000000 0.000000 0.000000
vn -1.000000 0.000000 0.000000
vn 0.000000 0.472517 0.881321
vn 0.000000 0.472517 0.881321
vn 0.000000 0.472517 0.881321
vn 0.000000 0.472517 0.881321
vn 0.000000 0.881323 -0.472515
vn 0.000000 0.881323 -0.472515
vn 0.000000 0.881323 -0.472515
vn 0.000000 0.881323 -0.472515
vn 0.000000 -0.472509 -0.881326
vn 0.000000 -0.472509 -0.881326
vn 0.000000 -0.472509 -0.881326
vn 0.000000 -0.472509 -0.881326
vn 0.000000 -0.881325 0.472512
vn 0.000000 -0.881325 0.472512
vn 0.000000 -0.881325 0.472512
vn 0.000000 -0.881325 0.472512
vn 1.000000 0.000000 0.000000
vn 1.000000 0.000000 0.000000
vn 1.000000 0.000000 0.000000
vn 1.000000 0.000000 0.000000
vn -1.000000 0.000000 0.000000
vn -1.000000 0.000000 0.000000
vn -1.000000 0.000000 0.000000
vn -1.000000 0.000000 0.000000
vn 0.000000 0.472511 0.881325
vn 0.000000 0.472511 0.881325
vn 0.000000 0.472511 0.881325
vn 0.000000 0.472511 0.881325
vn 0.000000 0.881331 -0.472500
vn 0.000000 0.881331 -0.472500
vn 0.000000 0.881331 -0.472500
vn 0.000000 0.881331 -0.472500
vn 0.000000 -0.472516 -0.881322
vn 0.000000 -0.472516 -0.881322
vn 0.000000 -0.472516 -0.881322
vn 0.000000 -0.472516 -0.881322
vn 0.000000 -0.881317 0.472526
vn 0.000000 -0.881317 0.472526
vn 0.000000 -0.881317 0.472526
vn 0.000000 -0.881317 0.472526
vn 1.000000 0.000000 0.000000
vn 1.000000 0.000000 0.000000
vn 1.000000 0.000000 0.000000
vn 1.000000 0.000000 0.000000
vn -1.000000 0.000005 0.000000
vn -1.000000 0.000005 0.000000
vn -1.000000 0.000005 0.000000
vn -1.000000 0.000005 0.000000
vn 0.000000 0.472511 0.881325
vn 0.000000 0.472511 0.881325
vn 0.000000 0.472511 0.881325
vn 0.000000 0.472511 0.881325
vn 0.000000 0.881323 -0.472515
vn 0.000000 0.881323 -0.472515
vn 0.000000 0.881323 -0.472515
vn 0.000000 0.881323 -0.472515
vn 0.000000 -0.472516 -0.881322
vn 0.000000 -0.472516 -0.881322
vn 0.000000 -0.472516 -0.881322
vn 0.000000 -0.472516 -0.881322
vn 0.000000 -0.881309 0.472540
vn 0.000000 -0.881309 0.472540
vn 0.000000 -0.881309 0.472540
vn 0.000000 -0.881309 0.472540
vn 1.000000 0.000000 0.000000
vn 1.000000 0.000000 0.000000
vn 1.000000 0.000000 0.000000
vn 1.000000 0.000000 0.000000
vn -1.000000 0.000005 0.000000
vn -1.000000 0.000005 0.000000
vn -1.000000 0.000005 0.000000
vn -1.000000 0.000005 0.000000
vn 0.881255 0.472512 0.011085
vn 0.881255 0.472512 0.011085
vn 0.881255 0.472512 0.011085
vn 0.881255 0.472512 0.011085
vn -0.472467 0.881329 -0.005943
vn -0.472467 0.881329 -0.005943
vn -0.472467 0.881329 -0.005943
vn -0.472467 0.881329 -0.005943
vn -0.881255 -0.472512 -0.011086
vn -0.881254 -0.472512 -0.011086
vn -0.881254 -0.472512 -0.011086
vn -0.881254 -0.472512 -0.011086
vn 0.472485 -0.881319 0.005943
vn 0.472485 -0.881319 0.005943
vn 0.472485 -0.881319 0.005943
vn 0.472485 -0.881319 0.005943
vn 0.012582 0.000003 -0.999921
vn 0.012582 0.000003 -0.999921
vn 0.012582 0.000003 -0.999921
vn 0.012582 0.000003 -0.999921
vn -0.012568 0.000005 0.999921
vn -0.012568 0.000005 0.999921
vn -0.012568 0.000005 0.999921
vn -0.012568 0.000005 0.999921
vn 0.000000 0.472514 0.881323
vn 0.000000 0.472514 0.881323
vn 0.000000 0.472514 0.881323
vn 0.000000 0.472514 0.881323
vn 0.000000 0.881323 -0.472515
vn 0.000000 0.881323 -0.472515
vn 0.000000 0.881323 -0.472515
vn 0.000000 0.881323 -0.472515
vn 0.000000 -0.472513 -0.881324
vn 0.000000 -0.472513 -0.881324
vn 0.000000 -0.472513 -0.881324
vn 0.000000 -0.472513 -0.881324
vn 0.000000 -0.881317 0.472526
vn 0.000000 -0.881317 0.472526
vn 0.000000 -0.881317 0.472526
vn 0.000000 -0.881317 0.472526
vn 1.000000 0.000000 0.000000
vn 1.000000 0.000000 0.000000
vn 1.000000 0.000000 0.000000
vn 1.000000 0.000000 0.000000
vn -1.000000 0.000000 0.000000
vn -1.000000 0.000000 0.000000
vn -1.000000 0.000000 0.000000
vn -1.000000 0.000000 0.000000
vn 0.000000 0.472514 0.881323
vn 0.000000 0.472514 0.881323
vn 0.000000 0.472514 0.881323
vn 0.000000 0.472514 0.881323
vn 0.000000 0.881323 -0.472515
vn 0.000000 0.881323 -0.472515
vn 0.000000 0.881323 -0.472515
vn 0.000000 0.881323 -0.472515
vn 0.000000 -0.472513 -0.881324
vn 0.000000 -0.472513 -0.881324
vn 0.000000 -0.472513 -0.881324
vn 0.000000 -0.472513 -0.881324
vn 0.000000 -0.881317 0.472526
vn 0.000000 -0.881317 0.472526
vn 0.000000 -0.881317 0.472526
vn 0.000000 -0.881317 0.472526
vn 1.000000 0.000000 0.000000
vn 1.000000 0.000000 0.000000
vn 1.000000 0.000000 0.000000
vn 1.000000 0.000000 0.000000
vn -1.000000 0.000000 0.000000
vn -1.000000 0.000000 0.000000
vn -1.000000 0.000000 0.000000
vn -1.000000 0.000000 0.000000
vn 0.000000 0.472511 0.881325
vn 0.000000 0.472511 0.881325
vn 0.000000 0.472511 0.881325
vn 0.000000 0.472511 0.881325
vn 0.000000 0.881323 -0.472515
vn 0.000000 0.881323 -0.472515
vn 0.000000 0.881323 -0.472515
vn 0.000000 0.881323 -0.472515
vn 0.000000 -0.472509 -0.881326
vn 0.000000 -0.472509 -0.881326
vn 0.000000 -0.472509 -0.881326
vn 0.000000 -0.472509 -0.881326
vn 0.000000 -0.881317 0.472526
vn 0.000000 -0.881317 0.472526
vn 0.000000 -0.881317 0.472526
vn 0.000000 -0.881317 0.472526
vn 1.000000 0.000000 0.000000
vn 1.000000 0.000000 0.000000
vn 1.000000 0.000000 0.000000
vn 1.000000 0.000000 0.000000
vn -1.000000 0.000000 0.000000
vn -1.000000 0.000000 0.000000
vn -1.000000 0.000000 0.000000
vn -1.000000 0.000000 0.000000
vn 0.000000 0.472514 0.881323
vn 0.000000 0.472514 0.881323
vn 0.000000 0.472514 0.881323
vn 0.000000 0.472514 0.881323
vn 0.000000 0.881323 -0.472515
vn 0.000000 0.881323 -0.472515
vn 0.000000 0.881323 -0.472515
vn 0.000000 0.881323 -0.472515
vn 0.000000 -0.472513 -0.881324
vn 0.000000 -0.472513 -0.881324
vn 0.000000 -0.472513 -0.881324
vn 0.000000 -0.472513 -0.881324
vn 0.000000 -0.881317 0.472526
vn 0.000000 -0.881317 0.472526
vn 0.000000 -0.881317 0.472526
vn 0.000000 -0.881317 0.472526
vn 1.000000 0.000000 0.000000
vn 1.000000 0.000000 0.000000
vn 1.000000 0.000000 0.000000
vn 1.000000 0.000000 0.000000
vn -1.000000 0.000000 0.000000
vn -1.000000 0.000000 0.000000
vn -1.000000 0.000000 0.000000
vn -1.000000 0.000000 0.000000
vn 0.000000 0.472514 0.881323
vn 0.000000 0.472514 0.881323
vn 0.000000 0.472514 0.881323
vn 0.000000 0.472514 0.881323
vn 0.000000 0.881323 -0.472515
vn 0.000000 0.881323 -0.472515
vn 0.000000 0.881323 -0.472515
vn 0.000000 0.881323 -0.472515
vn 0.000000 -0.472513 -0.881324
vn 0.000000 -0.472513 -0.881324
vn 0.000000 -0.472513 -0.881324
vn 0.000000 -0.472513 -0.881324
vn 0.000000 -0.881317 0.472526
vn 0.000000 -0.881317 0.472526
vn 0.000000 -0.881317 0.472526
vn 0.000000 -0.881317 0.472526
vn 1.000000 0.000000 0.000000
vn 1.000000 0.000000 0.000000
vn 1.000000 0.000000 0.000000
vn 1.000000 0.000000 0.000000
vn -1.000000 0.000000 0.000000
vn -1.000000 0.000000 0.000000
vn -1.000000 0.000000 0.000000
vn -1.000000 0.000000 0.000000
vn 0.000000 0.472514 0.881323
vn 0.000000 0.472514 0.881323
vn 0.000000 0.472514 0.881323
vn 0.000000 0.472514 0.881323
vn 0.000000 0.881323 -0.472515
vn 0.000000 0.881323 -0.472515
vn 0.000000 0.881323 -0.472515
vn 0.000000 0.881323 -0.472515
vn 0.000000 -0.472513 -0.881324
vn 0.000000 -0.472513 -0.881324
vn 0.000000 -0.472513 -0.881324
vn 0.000000 -0.472513 -0.881324
vn 0.000000 -0.881317 0.472526
vn 0.000000 -0.881317 0.472526
vn 0.000000 -0.881317 0.472526
vn 0.000000 -0.881317 0.472526
vn 1.000000 0.000000 0.000000
vn 1.000000 0.000000 0.000000
vn 1.000000 0.000000 0.000000
vn 1.000000 0.000000 0.000000
vn -1.000000 0.000000 0.000000
vn -1.000000 0.000000 0.000000
vn -1.000000 0.000000 0.000000
vn -1.000000 0.000000 0.000000
vn 0.881253 0.472514 0.011085
vn 0.881253 0.472514 0.011085
vn 0.881253 0.472514 0.011085
vn 0.881253 0.472514 0.011085
vn -0.472468 0.881328 -0.005943
vn -0.472469 0.881328 -0.005943
vn -0.472468 0.881328 -0.005943
vn -0.472468 0.881328 -0.005943
vn -0.881254 -0.472512 -0.011086
vn -0.881254 -0.472512 -0.011086
vn -0.881254 -0.472512 -0.011086
vn -0.881254 -0.472512 -0.011086
vn 0.472482 -0.881321 0.005943
vn 0.472481 -0.881321 0.005943
vn 0.472482 -0.881321 0.005943
vn 0.472481 -0.881321 0.005943
vn 0.012592 0.000003 -0.999921
vn 0.012592 0.000003 -0.999921
vn 0.012592 0.000003 -0.999921
vn 0.012592 0.000003 -0.999921
vn -0.012572 0.000005 0.999921
vn -0.012572 0.000005 0.999921
vn -0.012572 0.000005 0.999921
vn -0.012572 0.000005 0.999921
vn 0.000000 0.472514 0.881323
vn 0.000000 0.472514 0.881323
vn 0.000000 0.472514 0.881323
vn 0.000000 0.472514 0.881323
vn 0.000000 0.881323 -0.472515
vn 0.000000 0.881323 -0.472515
vn 0.000000 0.881323 -0.472515
vn 0.000000 0.881323 -0.472515
vn 0.000000 -0.472513 -0.881324
vn 0.000000 -0.472513 -0.881324
vn 0.000000 -0.472513 -0.881324
vn 0.000000 -0.472513 -0.881324
vn 0.000000 -0.881317 0.472526
vn 0.000000 -0.881317 0.472526
vn 0.000000 -0.881317 0.472526
vn 0.000000 -0.881317 0.472526
vn 1.000000 -0.000000 0.000000
vn 1.000000 -0.000000 0.000000
vn 1.000000 -0.000000 0.000000
vn 1.000000 -0.000000 0.000000
vn -1.000000 0.000000 0.000000
vn -1.000000 0.000000 0.000000
vn -1.000000 0.000000 0.000000
vn -1.000000 0.000000 0.000000
vn 0.000000 0.472514 0.881323
vn 0.000000 0.472514 0.881323
vn 0.000000 0.472514 0.881323
vn 0.000000 0.472514 0.881323
vn 0.000000 0.881323 -0.472515
vn 0.000000 0.881323 -0.472515
vn 0.000000 0.881323 -0.472515
vn 0.000000 0.881323 -0.472515
vn 0.000000 -0.472513 -0.881324
vn 0.000000 -0.472513 -0.881324
vn 0.000000 -0.472513 -0.881324
vn 0.000000 -0.472513 -0.881324
vn 0.000000 -0.881317 0.472526
vn 0.000000 -0.881317 0.472526
vn 0.000000 -0.881317 0.472526
vn 0.000000 -0.881317 0.472526
vn 1.000000 -0.000000 0.000000
vn 1.000000 -0.000000 0.000000
vn 1.000000 -0.000000 0.000000
vn 1.000000 -0.000000 0.000000
vn -1.000000 0.000000 0.000000
vn -1.000000 0.000000 0.000000
vn -1.000000 0.000000 0.000000
vn -1.000000 0.000000 0.000000
vn 0.000000 0.472511 0.881325
vn 0.000000 0.472511 0.881325
vn 0.000000 0.472511 0.881325
vn 0.000000 0.472511 0.881325
vn 0.000000 0.881323 -0.472515
vn 0.000000 0.881323 -0.472515
vn 0.000000 0.881323 -0.472515
vn 0.000000 0.881323 -0.472515
vn 0.000000 -0.472509 -0.881326
vn 0.000000 -0.472509 -0.881326
vn 0.000000 -0.472509 -0.881326
vn 0.000000 -0.472509 -0.881326
vn 0.000000 -0.881317 0.472526
vn 0.000000 -0.881317 0.472526
vn 0.000000 -0.881317 0.472526
vn 0.000000 -0.881317 0.472526
vn 1.000000 0.000000 0.000000
vn 1.000000 0.000000 0.000000
vn 1.000000 0.000000 0.000000
vn 1.000000 0.000000 0.000000
vn -1.000000 0.000000 0.000000
vn -1.000000 0.000000 0.000000
vn -1.000000 0.000000 0.000000
vn -1.000000 0.000000 0.000000
vn 0.000000 0.472514 0.881323
vn 0.000000 0.472514 0.881323
vn 0.000000 0.472514 0.881323
vn 0.000000 0.472514 0.881323
vn 0.000000 0.881323 -0.472515
vn 0.000000 0.881323 -0.472515
vn 0.000000 0.881323 -0.472515
vn 0.000000 0.881323 -0.472515
vn 0.000000 -0.472513 -0.881324
vn 0.000000 -0.472513 -0.881324
vn 0.000000 -0.472513 -0.881324
vn 0.000000 -0.472513 -0.881324
vn 0.000000 -0.881317 0.472526
vn 0.000000 -0.881317 0.472526
vn 0.000000 -0.881317 0.472526
vn 0.000000 -0.881317 0.472526
vn 1.000000 -0.000000 0.000000
vn 1.000000 -0.000000 0.000000
vn 1.000000 -0.000000 0.000000
vn 1.000000 -0.000000 0.000000
vn -1.000000 0.000000 0.000000
vn -1.000000 0.000000 0.000000
vn -1.000000 0.000000 0.000000
vn -1.000000 0.000000 0.000000
vn 0.000000 0.472514 0.881323
vn 0.000000 0.472514 0.881323
vn 0.000000 0.472514 0.881323
vn 0.000000 0.472514 0.881323
vn 0.000000 0.881323 -0.472515
vn 0.000000 0.881323 -0.472515
vn 0.000000 0.881323 -0.472515
vn 0.000000 0.881323 -0.472515
vn 0.000000 -0.472513 -0.881324
vn 0.000000 -0.472513 -0.881324
vn 0.000000 -0.472513 -0.881324
vn 0.000000 -0.472513 -0.881324
vn 0.000000 -0.881317 0.472526
vn 0.000000 -0.881317 0.472526
vn 0.000000 -0.881317 0.472526
vn 0.000000 -0.881317 0.472526
vn 1.000000 -0.000000 0.000000
vn 1.000000 -0.000000 0.000000
vn 1.000000 -0.000000 0.000000
vn 1.000000 -0.000000 0.000000
vn -1.000000 0.000000 0.000000
vn -1.000000 0.000000 0.000000
vn -1.000000 0.000000 0.000000
vn -1.000000 0.000000 0.000000
vn 0.000000 0.472514 0.881323
vn 0.000000 0.472514 0.881323
vn 0.000000 0.472514 0.881323
vn 0.000000 0.472514 0.881323
vn 0.000000 0.881323 -0.472515
vn 0.000000 0.881323 -0.472515
vn 0.000000 0.881323 -0.472515
vn 0.000000 0.881323 -0.472515
vn 0.000000 -0.472513 -0.881324
vn 0.000000 -0.472513 -0.881324
vn 0.000000 -0.472513 -0.881324
vn 0.000000 -0.472513 -0.881324
vn 0.000000 -0.881317 0.472526
vn 0.000000 -0.881317 0.472526
vn 0.000000 -0.881317 0.472526
vn 0.000000 -0.881317 0.472526
vn 1.000000 -0.000000 0.000000
vn 1.000000 -0.000000 0.000000
vn 1.000000 -0.000000 0.000000
vn 1.000000 -0.000000 0.000000
vn -1.000000 0.000000 0.000000
vn -1.000000 0.000000 0.000000
vn -1.000000 0.000000 0.000000
vn -1.000000 0.000000 0.000000
vn 0.881253 0.472515 0.011085
vn 0.881253 0.472515 0.011085
vn 0.881253 0.472515 0.011085
vn 0.881253 0.472515 0.011085
vn -0.472472 0.881326 -0.005943
vn -0.472472 0.881326 -0.005943
vn -0.472472 0.881326 -0.005943
vn -0.472472 0.881326 -0.005943
vn -0.881255 -0.472512 -0.011086
vn -0.881255 -0.472512 -0.011086
vn -0.881255 -0.472512 -0.011086
vn -0.881254 -0.472512 -0.011086
vn 0.472483 -0.881320 0.005943
vn 0.472483 -0.881320 0.005943
vn 0.472483 -0.881320 0.005943
vn 0.472483 -0.881320 0.005943
vn 0.012592 0.000003 -0.999921
vn 0.012592 0.000003 -0.999921
vn 0.012592 0.000003 -0.999921
vn 0.012592 0.000003 -0.999921
vn -0.012572 0.000005 0.999921
vn -0.012572 0.000005 0.999921
vn -0.012572 0.000005 0.999921
vn -0.012572 0.000005 0.999921
vn 0.000000 0.472514 0.881323
vn 0.000000 0.472514 0.881323
vn 0.000000 0.472514 0.881323
vn 0.000000 0.472514 0.881323
vn 0.000000 0.881323 -0.472515
vn 0.000000 0.881323 -0.472515
vn 0.000000 0.881323 -0.472515
vn 0.000000 0.881323 -0.472515
vn 0.000000 -0.472513 -0.881324
vn 0.000000 -0.472513 -0.881324
vn 0.000000 -0.472513 -0.881324
vn 0.000000 -0.472513 -0.881324
vn 0.000000 -0.881317 0.472526
vn 0.000000 -0.881317 0.472526
vn 0.000000 -0.881317 0.472526
vn 0.000000 -0.881317 0.472526
vn 1.000000 0.000000 0.000000
vn 1.000000 0.000000 0.000000
vn 1.000000 0.000000 0.000000
vn 1.000000 0.000000 0.000000
vn -1.000000 0.000000 0.000000
vn -1.000000 0.000000 0.000000
vn -1.000000 0.000000 0.000000
vn -1.000000 0.000000 0.000000
vn 0.000000 0.472514 0.881323
vn 0.000000 0.472514 0.881323
vn 0.000000 0.472514 0.881323
vn 0.000000 0.472514 0.881323
vn 0.000000 0.881323 -0.472515
vn 0.000000 0.881323 -0.472515
vn 0.000000 0.881323 -0.472515
vn 0.000000 0.881323 -0.472515
vn 0.000000 -0.472513 -0.881324
vn 0.000000 -0.472513 -0.881324
vn 0.000000 -0.472513 -0.881324
vn 0.000000 -0.472513 -0.881324
vn 0.000000 -0.881317 0.472526
vn 0.000000 -0.881317 0.472526
vn 0.000000 -0.881317 0.472526
vn 0.000000 -0.881317 0.472526
vn 1.000000 0.000000 0.000000
vn 1.000000 0.000000 0.000000
vn 1.000000 0.000000 0.000000
vn 1.000000 0.000000 0.000000
vn -1.000000 0.000000 0.000000
vn -1.000000 0.000000 0.000000
vn -1.000000 0.000000 0.000000
vn -1.000000 0.000000 0.000000
vn 0.000000 0.472511 0.881325
vn 0.000000 0.472511 0.881325
vn 0.000000 0.472511 0.881325
vn 0.000000 0.472511 0.881325
vn 0.000000 0.881323 -0.472515
vn 0.000000 0.881323 -0.472515
vn 0.000000 0.881323 -0.472515
vn 0.000000 0.881323 -0.472515
vn 0.000000 -0.472509 -0.881326
vn 0.000000 -0.472509 -0.881326
vn 0.000000 -0.472509 -0.881326
vn 0.000000 -0.472509 -0.881326
vn 0.000000 -0.881317 0.472526
vn 0.000000 -0.881317 0.472526
vn 0.000000 -0.881317 0.472526
vn 0.000000 -0.881317 0.472526
vn 1.000000 0.000000 0.000000
vn 1.000000 0.000000 0.000000
vn 1.000000 0.000000 0.000000
vn 1.000000 0.000000 0.000000
vn -1.000000 0.000000 0.000000
vn -1.000000 0.000000 0.000000
vn -1.000000 0.000000 0.000000
vn -1.000000 0.000000 0.000000
vn 0.000000 0.472514 0.881323
vn 0.000000 0.472514 0.881323
vn 0.000000 0.472514 0.881323
vn 0.000000 0.472514 0.881323
vn 0.000000 0.881323 -0.472515
vn 0.000000 0.881323 -0.472515
vn 0.000000 0.881323 -0.472515
vn 0.000000 0.881323 -0.472515
vn 0.000000 -0.472513 -0.881324
vn 0.000000 -0.472513 -0.881324
vn 0.000000 -0.472513 -0.881324
vn 0.000000 -0.472513 -0.881324
vn 0.000000 -0.881317 0.472526
vn 0.000000 -0.881317 0.472526
vn 0.000000 -0.881317 0.472526
vn 0.000000 -0.881317 0.472526
vn 1.000000 0.000000 0.000000
vn 1.000000 0.000000 0.000000
vn 1.000000 0.000000 0.000000
vn 1.000000 0.000000 0.000000
vn -1.000000 0.000000 0.000000
vn -1.000000 0.000000 0.000000
vn -1.000000 0.000000 0.000000
vn -1.000000 0.000000 0.000000
vn 0.000000 0.472514 0.881323
vn 0.000000 0.472514 0.881323
vn 0.000000 0.472514 0.881323
vn 0.000000 0.472514 0.881323
vn 0.000000 0.881323 -0.472515
vn 0.000000 0.881323 -0.472515
vn 0.000000 0.881323 -0.472515
vn 0.000000 0.881323 -0.472515
vn 0.000000 -0.472513 -0.881324
vn 0.000000 -0.472513 -0.881324
vn 0.000000 -0.472513 -0.881324
vn 0.000000 -0.472513 -0.881324
vn 0.000000 -0.881317 0.472526
vn 0.000000 -0.881317 0.472526
vn 0.000000 -0.881317 0.472526
vn 0.000000 -0.881317 0.472526
vn 1.000000 0.000000 0.000000
vn 1.000000 0.000000 0.000000
vn 1.000000 0.000000 0.000000
vn 1.000000 0.000000 0.000000
vn -1.000000 0.000000 0.000000
vn -1.000000 0.000000 0.000000
vn -1.000000 0.000000 0.000000
vn -1.000000 0.000000 0.000000
vn 0.000000 0.472514 0.881323
vn 0.000000 0.472514 0.881323
vn 0.000000 0.472514 0.881323
vn 0.000000 0.472514 0.881323
vn 0.000000 0.881323 -0.472515
vn 0.000000 0.881323 -0.472515
vn 0.000000 0.881323 -0.472515
vn 0.000000 0.881323 -0.472515
vn 0.000000 -0.472513 -0.881324
vn 0.000000 -0.472513 -0.881324
vn 0.000000 -0.472513 -0.881324
vn 0.000000 -0.472513 -0.881324
vn 0.000000 -0.881317 0.472526
vn 0.000000 -0.881317 0.472526
vn 0.000000 -0.881317 0.472526
vn 0.000000 -0.881317 0.472526
vn 1.000000 0.000000 0.000000
vn 1.000000 0.000000 0.000000
vn 1.000000 0.000000 0.000000
vn 1.000000 0.000000 0.000000
vn -1.000000 0.000000 0.000000
vn -1.000000 0.000000 0.000000
vn -1.000000 0.000000 0.000000
vn -1.000000 0.000000 0.000000
vn 0.881253 0.472515 0.011085
vn 0.881253 0.472515 0.011085
vn 0.881253 0.472515 0.011085
vn 0.881253 0.472515 0.011085
vn -0.472472 0.881326 -0.005943
vn -0.472472 0.881326 -0.005943
vn -0.472472 0.881326 -0.005943
vn -0.472472 0.881326 -0.005943
vn -0.881255 -0.472512 -0.011086
vn -0.881255 -0.472512 -0.011086
vn -0.881254 -0.472512 -0.011086
vn -0.881254 -0.472512 -0.011086
vn 0.472483 -0.881320 0.005943
vn 0.472483 -0.881320 0.005943
vn 0.472483 -0.881320 0.005943
vn 0.472483 -0.881320 0.005943
vn 0.012582 0.000003 -0.999921
vn 0.012582 0.000003 -0.999921
vn 0.012582 0.000003 -0.999921
vn 0.012582 0.000003 -0.999921
vn -0.012582 0.000005 0.999921
vn -0.012582 0.000005 0.999921
vn -0.012582 0.000005 0.999921
vn -0.012582 0.000005 0.999921
vn 0.000000 0.472514 0.881323
vn 0.000000 0.472514 0.881323
vn 0.000000 0.472514 0.881323
vn 0.000000 0.472514 0.881323
vn 0.000000 0.881323 -0.472515
vn 0.000000 0.881323 -0.472515
vn 0.000000 0.881323 -0.472515
vn 0.000000 0.881323 -0.472515
vn 0.000000 -0.472513 -0.881324
vn 0.000000 -0.472513 -0.881324
vn 0.000000 -0.472513 -0.881324
vn 0.000000 -0.472513 -0.881324
vn 0.000000 -0.881317 0.472526
vn 0.000000 -0.881317 0.472526
vn 0.000000 -0.881317 0.472526
vn 0.000000 -0.881317 0.472526
vn 1.000000 0.000000 0.000000
vn 1.000000 0.000000 0.000000
vn 1.000000 0.000000 0.000000
vn 1.000000 0.000000 0.000000
vn -1.000000 0.000000 0.000000
vn -1.000000 0.000000 0.000000
vn -1.000000 0.000000 0.000000
vn -1.000000 0.000000 0.000000
vn 0.000000 0.472514 0.881323
vn 0.000000 0.472514 0.881323
vn 0.000000 0.472514 0.881323
vn 0.000000 0.472514 0.881323
vn 0.000000 0.881323 -0.472515
vn 0.000000 0.881323 -0.472515
vn 0.000000 0.881323 -0.472515
vn 0.000000 0.881323 -0.472515
vn 0.000000 -0.472513 -0.881324
vn 0.000000 -0.472513 -0.881324
vn 0.000000 -0.472513 -0.881324
vn 0.000000 -0.472513 -0.881324
vn 0.000000 -0.881317 0.472526
vn 0.000000 -0.881317 0.472526
vn 0.000000 -0.881317 0.472526
vn 0.000000 -0.881317 0.472526
vn 1.000000 0.000000 0.000000
vn 1.000000 0.000000 0.000000
vn 1.000000 0.000000 0.000000
vn 1.000000 0.000000 0.000000
vn -1.000000 0.000000 0.000000
vn -1.000000 0.000000 0.000000
vn -1.000000 0.000000 0.000000
vn -1.000000 0.000000 0.000000
vn 0.000000 0.472511 0.881325
vn 0.000000 0.472511 0.881325
vn 0.000000 0.472511 0.881325
vn 0.000000 0.472511 0.881325
vn 0.000000 0.881323 -0.472515
vn 0.000000 0.881323 -0.472515
vn 0.000000 0.881323 -0.472515
vn 0.000000 0.881323 -0.472515
vn 0.000000 -0.472509 -0.881326
vn 0.000000 -0.472509 -0.881326
vn 0.000000 -0.472509 -0.881326
vn 0.000000 -0.472509 -0.881326
vn 0.000000 -0.881317 0.472526
vn 0.000000 -0.881317 0.472526
vn 0.000000 -0.881317 0.472526
vn 0.000000 -0.881317 0.472526
vn 1.000000 0.000000 0.000000
vn 1.000000 0.000000 0.000000
vn 1.000000 0.000000 0.000000
vn 1.000000 0.000000 0.000000
vn -1.000000 0.000000 0.000000
vn -1.000000 0.000000 0.000000
vn -1.000000 0.000000 0.000000
vn -1.000000 0.000000 0.000000
vn 0.000000 0.472514 0.881323
vn 0.000000 0.472514 0.881323
vn 0.000000 0.472514 0.881323
vn 0.000000 0.472514 0.881323
vn 0.000000 0.881323 -0.472515
vn 0.000000 0.881323 -0.472515
vn 0.000000 0.881323 -0.472515
vn 0.000000 0.881323 -0.472515
vn 0.000000 -0.472513 -0.881324
vn 0.000000 -0.472513 -0.881324
vn 0.000000 -0.472513 -0.881324
vn 0.000000 -0.472513 -0.881324
vn 0.000000 -0.881317 0.472526
vn 0.000000 -0.881317 0.472526
vn 0.000000 -0.881317 0.472526
vn 0.000000 -0.881317 0.472526
vn 1.000000 0.000000 0.000000
vn 1.000000 0.000000 0.000000
vn 1.000000 0.000000 0.000000
vn 1.000000 0.000000 0.000000
vn -1.000000 0.000000 0.000000
vn -1.000000 0.000000 0.000000
vn -1.000000 0.000000 0.000000
vn -1.000000 0.000000 0.000000
vn 0.000000 0.472514 0.881323
vn 0.000000 0.472514 0.881323
vn 0.000000 0.472514 0.881323
vn 0.000000 0.472514 0.881323
vn 0.000000 0.881323 -0.472515
vn 0.000000 0.881323 -0.472515
vn 0.000000 0.881323 -0.472515
vn 0.000000 0.881323 -0.472515
vn 0.000000 -0.472513 -0.881324
vn 0.000000 -0.472513 -0.881324
vn 0.000000 -0.472513 -0.881324
vn 0.000000 -0.472513 -0.881324
vn 0.000000 -0.881317 0.472526
vn 0.000000 -0.881317 0.472526
vn 0.000000 -0.881317 0.472526
vn 0.000000 -0.881317 0.472526
vn 1.000000 0.000000 0.000000
vn 1.000000 0.000000 0.000000
vn 1.000000 0.000000 0.000000
vn 1.000000 0.000000 0.000000
vn -1.000000 0.000000 0.000000
vn -1.000000 0.000000 0.000000
vn -1.000000 0.000000 0.000000
vn -1.000000 0.000000 0.000000
vn 0.000000 0.472514 0.881323
vn 0.000000 0.472514 0.881323
vn 0.000000 0.472514 0.881323
vn 0.000000 0.472514 0.881323
vn 0.000000 0.881323 -0.472515
vn 0.000000 0.881323 -0.472515
vn 0.000000 0.881323 -0.472515
vn 0.000000 0.881323 -0.472515
vn 0.000000 -0.472513 -0.881324
vn 0.000000 -0.472513 -0.881324
vn 0.000000 -0.472513 -0.881324
vn 0.000000 -0.472513 -0.881324
vn 0.000000 -0.881317 0.472526
vn 0.000000 -0.881317 0.472526
vn 0.000000 -0.881317 0.472526
vn 0.000000 -0.881317 0.472526
vn 1.000000 0.000000 0.000000
vn 1.000000 0.000000 0.000000
vn 1.000000 0.000000 0.000000
vn 1.000000 0.000000 0.000000
vn -1.000000 0.000000 0.000000
vn -1.000000 0.000000 0.000000
vn -1.000000 0.000000 0.000000
vn -1.000000 0.000000 0.000000
vn 0.881254 0.472514 0.011085
vn 0.881254 0.472514 0.011085
vn 0.881254 0.472514 0.011085
vn 0.881254 0.472514 0.011085
vn -0.472468 0.881328 -0.005943
vn -0.472468 0.881328 -0.005943
vn -0.472468 0.881328 -0.005943
vn -0.472468 0.881328 -0.005943
vn -0.881255 -0.472512 -0.011086
vn -0.881255 -0.472512 -0.011086
vn -0.881255 -0.472512 -0.011086
vn -0.881255 -0.472512 -0.011086
vn 0.472482 -0.881321 0.005943
vn 0.472482 -0.881321 0.005943
vn 0.472482 -0.881321 0.005943
vn 0.472482 -0.881321 0.005943
vn 0.012582 0.000003 -0.999921
vn 0.012582 0.000003 -0.999921
vn 0.012582 0.000003 -0.999921
vn 0.012582 0.000003 -0.999921
vn -0.012582 0.000005 0.999921
vn -0.012582 0.000005 0.999921
vn -0.012582 0.000005 0.999921
vn -0.012582 0.000005 0.999921
vn 0.000000 0.472514 0.881323
vn 0.000000 0.472514 0.881323
vn 0.000000 0.472514 0.881323
vn 0.000000 0.472514 0.881323
vn 0.000000 0.881323 -0.472515
vn 0.000000 0.881323 -0.472515
vn 0.000000 0.881323 -0.472515
vn 0.000000 0.881323 -0.472515
vn 0.000000 -0.472513 -0.881324
vn 0.000000 -0.472513 -0.881324
vn 0.000000 -0.472513 -0.881324
vn 0.000000 -0.472513 -0.881324
vn 0.000000 -0.881317 0.472526
vn 0.000000 -0.881317 0.472526
vn 0.000000 -0.881317 0.472526
vn 0.000000 -0.881317 0.472526
vn 1.000000 -0.000000 0.000000
vn 1.000000 -0.000000 0.000000
vn 1.000000 -0.000000 0.000000
vn 1.000000 -0.000000 0.000000
vn -1.000000 0.000000 0.000000
vn -1.000000 0.000000 0.000000
vn -1.000000 0.000000 0.000000
vn -1.000000 0.000000 0.000000
vn 0.000000 0.472514 0.881323
vn 0.000000 0.472514 0.881323
vn 0.000000 0.472514 0.881323
vn 0.000000 0.472514 0.881323
vn 0.000000 0.881323 -0.472515
vn 0.000000 0.881323 -0.472515
vn 0.000000 0.881323 -0.472515
vn 0.000000 0.881323 -0.472515
vn 0.000000 -0.472513 -0.881324
vn 0.000000 -0.472513 -0.881324
vn 0.000000 -0.472513 -0.881324
vn 0.000000 -0.472513 -0.881324
vn 0.000000 -0.881317 0.472526
vn 0.000000 -0.881317 0.472526
vn 0.000000 -0.881317 0.472526
vn 0.000000 -0.881317 0.472526
vn 1.000000 -0.000000 0.000000
vn 1.000000 -0.000000 0.000000
vn 1.000000 -0.000000 0.000000
vn 1.000000 -0.000000 0.000000
vn -1.000000 0.000000 0.000000
vn -1.000000 0.000000 0.000000
vn -1.000000 0.000000 0.000000
vn -1.000000 0.000000 0.000000
vn 0.000000 0.472511 0.881325
vn 0.000000 0.472511 0.881325
vn 0.000000 0.472511 0.881325
vn 0.000000 0.472511 0.881325
vn 0.000000 0.881323 -0.472515
vn 0.000000 0.881323 -0.472515
vn 0.000000 0.881323 -0.472515
vn 0.000000 0.881323 -0.472515
vn 0.000000 -0.472509 -0.881326
vn 0.000000 -0.472509 -0.881326
vn 0.000000 -0.472509 -0.881326
vn 0.000000 -0.472509 -0.881326
vn 0.000000 -0.881317 0.472526
vn 0.000000 -0.881317 0.472526
vn 0.000000 -0.881317 0.472526
vn 0.000000 -0.881317 0.472526
vn 1.000000 0.000000 0.000000
vn 1.000000 0.000000 0.000000
vn 1.000000 0.000000 0.000000
vn 1.000000 0.000000 0.000000
vn -1.000000 0.000000 0.000000
vn -1.000000 0.000000 0.000000
vn -1.000000 0.000000 0.000000
vn -1.000000 0.000000 0.000000
vn 0.000000 0.472514 0.881323
vn 0.000000 0.472514 0.881323
vn 0.000000 0.472514 0.881323
vn 0.000000 0.472514 0.881323
vn 0.000000 0.881323 -0.472515
vn 0.000000 0.881323 -0.472515
vn 0.000000 0.881323 -0.472515
vn 0.000000 0.881323 -0.472515
vn 0.000000 -0.472513 -0.881324
vn 0.000000 -0.472513 -0.881324
vn 0.000000 -0.472513 -0.881324
vn 0.000000 -0.472513 -0.881324
vn 0.000000 -0.881317 0.472526
vn 0.000000 -0.881317 0.472526
vn 0.000000 -0.881317 0.472526
vn 0.000000 -0.881317 0.472526
vn 1.000000 -0.000000 0.000000
vn 1.000000 -0.000000 0.000000
vn 1.000000 -0.000000 0.000000
vn 1.000000 -0.000000 0.000000
vn -1.000000 0.000000 0.000000
vn -1.000000 0.000000 0.000000
vn -1.000000 0.000000 0.000000
vn -1.000000 0.000000 0.000000
vn 0.000000 0.472514 0.881323
vn 0.000000 0.472514 0.881323
vn 0.000000 0.472514 0.881323
vn 0.000000 0.472514 0.881323
vn 0.000000 0.881323 -0.472515
vn 0.000000 0.881323 -0.472515
vn 0.000000 0.881323 -0.472515
vn 0.000000 0.881323 -0.472515
vn 0.000000 -0.472513 -0.881324
vn 0.000000 -0.472513 -0.881324
vn 0.000000 -0.472513 -0.881324
vn 0.000000 -0.472513 -0.881324
vn 0.000000 -0.881317 0.472526
vn 0.000000 -0.881317 0.472526
vn 0.000000 -0.881317 0.472526
vn 0.000000 -0.881317 0.472526
vn 1.000000 -0.000000 0.000000
vn 1.000000 -0.000000 0.000000
vn 1.000000 -0.000000 0.000000
vn 1.000000 -0.000000 0.000000
vn -1.000000 0.000000 0.000000
vn -1.000000 0.000000 0.000000
vn -1.000000 0.000000 0.000000
vn -1.000000 0.000000 0.000000
vn 0.000000 0.472514 0.881323
vn 0.000000 0.472514 0.881323
vn 0.000000 0.472514 0.881323
vn 0.000000 0.472514 0.881323
vn 0.000000 0.881323 -0.472515
vn 0.000000 0.881323 -0.472515
vn 0.000000 0.881323 -0.472515
vn 0.000000 0.881323 -0.472515
vn 0.000000 -0.472513 -0.881324
vn 0.000000 -0.472513 -0.881324
vn 0.000000 -0.472513 -0.881324
vn 0.000000 -0.472513 -0.881324
vn 0.000000 -0.881317 0.472526
vn 0.000000 -0.881317 0.472526
vn 0.000000 -0.881317 0.472526
vn 0.000000 -0.881317 0.472526
vn 1.000000 -0.000000 0.000000
vn 1.000000 -0.000000 0.000000
vn 1.000000 -0.000000 0.000000
vn 1.000000 -0.000000 0.000000
vn -1.000000 0.000000 0.000000
vn -1.000000 0.000000 0.000000
vn -1.000000 0.000000 0.000000
vn -1.000000 0.000000 0.000000
vn 0.881255 0.472512 0.011085
vn 0.881255 0.472512 0.011085
vn 0.881255 0.472512 0.011085
vn 0.881255 0.472512 0.011085
vn -0.472467 0.881329 -0.005943
vn -0.472467 0.881329 -0.005943
vn -0.472467 0.881329 -0.005943
vn -0.472467 0.881329 -0.005943
vn -0.881255 -0.472512 -0.011086
vn -0.881254 -0.472512 -0.011086
vn -0.881255 -0.472512 -0.011086
vn -0.881255 -0.472512 -0.011086
vn 0.472485 -0.881319 0.005943
vn 0.472485 -0.881319 0.005943
vn 0.472485 -0.881319 0.005943
vn 0.472485 -0.881319 0.005943
vn 0.012592 0.000003 -0.999921
vn 0.012592 0.000003 -0.999921
vn 0.012592 0.000003 -0.999921
vn 0.012592 0.000003 -0.999921
vn -0.012563 0.000005 0.999921
vn -0.012563 0.000005 0.999921
vn -0.012563 0.000005 0.999921
vn -0.012563 0.000005 0.999921
vn 0.000000 0.472514 0.881323
vn 0.000000 0.472514 0.881323
vn 0.000000 0.472514 0.881323
vn 0.000000 0.472514 0.881323
vn 0.000000 0.881323 -0.472515
vn 0.000000 0.881323 -0.472515
vn 0.000000 0.881323 -0.472515
vn 0.000000 0.881323 -0.472515
vn 0.000000 -0.472513 -0.881324
vn 0.000000 -0.472513 -0.881324
vn 0.000000 -0.472513 -0.881324
vn 0.000000 -0.472513 -0.881324
vn 0.000000 -0.881317 0.472526
vn 0.000000 -0.881317 0.472526
vn 0.000000 -0.881317 0.472526
vn 0.000000 -0.881317 0.472526
vn 1.000000 0.000000 0.000000
vn 1.000000 0.000000 0.000000
vn 1.000000 0.000000 0.000000
vn 1.000000 0.000000 0.000000
vn -1.000000 0.000000 0.000000
vn -1.000000 0.000000 0.000000
vn -1.000000 0.000000 0.000000
vn -1.000000 0.000000 0.000000
vn 0.000000 0.472514 0.881323
vn 0.000000 0.472514 0.881323
vn 0.000000 0.472514 0.881323
vn 0.000000 0.472514 0.881323
vn 0.000000 0.881323 -0.472515
vn 0.000000 0.881323 -0.472515
vn 0.000000 0.881323 -0.472515
vn 0.000000 0.881323 -0.472515
vn 0.000000 -0.472513 -0.881324
vn 0.000000 -0.472513 -0.881324
vn 0.000000 -0.472513 -0.881324
vn 0.000000 -0.472513 -0.881324
vn 0.000000 -0.881317 0.472526
vn 0.000000 -0.881317 0.472526
vn 0.000000 -0.881317 0.472526
vn 0.000000 -0.881317 0.472526
vn 1.000000 0.000000 0.000000
vn 1.000000 0.000000 0.000000
vn 1.000000 0.000000 0.000000
vn 1.000000 0.000000 0.000000
vn -1.000000 0.000000 0.000000
vn -1.000000 0.000000 0.000000
vn -1.000000 0.000000 0.000000
vn -1.000000 0.000000 0.000000
vn 0.000000 0.472511 0.881325
vn 0.000000 0.472511 0.881325
vn 0.000000 0.472511 0.881325
vn 0.000000 0.472511 0.881325
vn 0.000000 0.881323 -0.472515
vn 0.000000 0.881323 -0.472515
vn 0.000000 0.881323 -0.472515
vn 0.000000 0.881323 -0.472515
vn 0.000000 -0.472509 -0.881326
vn 0.000000 -0.472509 -0.881326
vn 0.000000 -0.472509 -0.881326
vn 0.000000 -0.472509 -0.881326
vn 0.000000 -0.881317 0.472526
vn 0.000000 -0.881317 0.472526
vn 0.000000 -0.881317 0.472526
vn 0.000000 -0.881317 0.472526
vn 1.000000 0.000000 0.000000
vn 1.000000 0.000000 0.000000
vn 1.000000 0.000000 0.000000
vn 1.000000 0.000000 0.000000
vn -1.000000 0.000000 0.000000
vn -1.000000 0.000000 0.000000
vn -1.000000 0.000000 0.000000
vn -1.000000 0.000000 0.000000
vn 0.000000 0.472514 0.881323
vn 0.000000 0.472514 0.881323
vn 0.000000 0.472514 0.881323
vn 0.000000 0.472514 0.881323
vn 0.000000 0.881323 -0.472515
vn 0.000000 0.881323 -0.472515
vn 0.000000 0.881323 -0.472515
vn 0.000000 0.881323 -0.472515
vn 0.000000 -0.472513 -0.881324
vn 0.000000 -0.472513 -0.881324
vn 0.000000 -0.472513 -0.881324
vn 0.000000 -0.472513 -0.881324
vn 0.000000 -0.881317 0.472526
vn 0.000000 -0.881317 0.472526
vn 0.000000 -0.881317 0.472526
vn 0.000000 -0.881317 0.472526
vn 1.000000 0.000000 0.000000
vn 1.000000 0.000000 0.000000
vn 1.000000 0.000000 0.000000
vn 1.000000 0.000000 0.000000
vn -1.000000 0.000000 0.000000
vn -1.000000 0.000000 0.000000
vn -1.000000 0.000000 0.000000
vn -1.000000 0.000000 0.000000
vn 0.000000 0.472514 0.881323
vn 0.000000 0.472514 0.881323
vn 0.000000 0.472514 0.881323
vn 0.000000 0.472514 0.881323
vn 0.000000 0.881323 -0.472515
vn 0.000000 0.881323 -0.472515
vn 0.000000 0.881323 -0.472515
vn 0.000000 0.881323 -0.472515
vn 0.000000 -0.472513 -0.881324
vn 0.000000 -0.472513 -0.881324
vn 0.000000 -0.472513 -0.881324
vn 0.000000 -0.472513 -0.881324
vn 0.000000 -0.881317 0.472526
vn 0.000000 -0.881317 0.472526
vn 0.000000 -0.881317 0.472526
vn 0.000000 -0.881317 0.472526
vn 1.000000 0.000000 0.000000
vn 1.000000 0.000000 0.000000
vn 1.000000 0.000000 0.000000
vn 1.000000 0.000000 0.000000
vn -1.000000 0.000000 0.000000
vn -1.000000 0.000000 0.000000
vn -1.000000 0.000000 0.000000
vn -1.000000 0.000000 0.000000
vn 0.000000 0.472514 0.881323
vn 0.000000 0.472514 0.881323
vn 0.000000 0.472514 0.881323
vn 0.000000 0.472514 0.881323
vn 0.000000 0.881323 -0.472515
vn 0.000000 0.881323 -0.472515
vn 0.000000 0.881323 -0.472515
vn 0.000000 0.881323 -0.472515
vn 0.000000 -0.472513 -0.881324
vn 0.000000 -0.472513 -0.881324
vn 0.000000 -0.472513 -0.881324
vn 0.000000 -0.472513 -0.881324
vn 0.000000 -0.881317 0.472526
vn 0.000000 -0.881317 0.472526
vn 0.000000 -0.881317 0.472526
vn 0.000000 -0.881317 0.472526
vn 1.000000 0.000000 0.000000
vn 1.000000 0.000000 0.000000
vn 1.000000 0.000000 0.000000
vn 1.000000 0.000000 0.000000
vn -1.000000 0.000000 0.000000
vn -1.000000 0.000000 0.000000
vn -1.000000 0.000000 0.000000
vn -1.000000 0.000000 0.000000
vn 0.000000 -1.000000 0.000000
vn 0.000000 -1.000000 0.000000
vn 0.000000 -1.000000 0.000000
vn 0.000000 -1.000000 0.000000
vn 0.000000 -1.000000 0.000000
vn 0.000000 -1.000000 0.000000
vn 0.000000 -1.000000 0.000000
vn 0.000000 -1.000000 0.000000
vn 0.000000 -1.000000 0.000000
vn 0.000000 -1.000000 0.000000
vn 0.000000 -1.000000 0.000000
vn 0.000000 -1.000000 0.000000
vn 0.000000 -1.000000 0.000000
vn 0.000000 -1.000000 0.000000
vn 0.000000 -1.000000 0.000000
vn 0.000000 -1.000000 0.000000
vn 0.000000 -1.000000 0.000000
vn 0.000000 -1.000000 0.000000
vn 0.000000 -1.000000 0.000000
vn 0.000000 -1.000000 0.000000
vn 0.000000 -1.000000 0.000000
vn 0.000000 -1.000000 0.000000
vn 0.000000 -1.000000 0.000000
vn 0.000000 -1.000000 0.000000
vn 0.000000 -1.000000 0.000000
vn 0.000000 -1.000000 0.000000
vn 0.000000 -1.000000 0.000000
vn 0.000000 -1.000000 0.000000
vn 0.000000 -1.000000 0.000000
vn 0.000000 -1.000000 0.000000
vn 0.000000 -1.000000 0.000000
vn 0.000000 -1.000000 0.000000
vn 0.000000 -1.000000 0.000000
vn 0.000000 -1.000000 0.000000
vn 0.000000 -1.000000 0.000000
vn 0.000000 -1.000000 0.000000
vn 0.000000 -1.000000 0.000000
vn 0.000000 -1.000000 0.000000
vn 0.000000 -1.000000 0.000000
vn 0.000000 -1.000000 0.000000
vn 0.000000 -1.000000 0.000000
vn 0.000000 -1.000000 0.000000
vn 0.000000 -1.000000 0.000000
vn 0.000000 -1.000000 0.000000
vn 0.000000 -1.000000 0.000000
vn 0.000000 -1.000000 0.000000
vn 0.000000 -1.000000 0.000000
vn 0.000000 -1.000000 0.000000
vn 0.000000 -1.000000 0.000000
vn 0.000000 -1.000000 0.000000
vn 0.000000 -1.000000 0.000000
vn 0.000000 -1.000000 0.000000
vn 0.000000 -1.000000 0.000000
vn 0.000000 -1.000000 0.000000
vn 0.000000 -1.000000 0.000000
vn 0.000000 -1.000000 0.000000
vn 0.000000 -1.000000 0.000000
vn 0.000000 -1.000000 0.000000
vn 0.000000 -1.000000 0.000000
vn 0.000000 -1.000000 0.000000
vn 0.000000 -1.000000 0.000000
vn 0.000000 -1.000000 0.000000
vn 0.000000 -1.000000 0.000000
vn 0.000000 -1.000000 0.000000
vn 0.000000 -1.000000 0.000000
vn 0.000000 -1.000000 0.000000
vn 0.000000 -1.000000 0.000000
vn 0.000000 -1.000000 0.000000
vn 0.000000 -1.000000 0.000000
vn 0.000000 -1.000000 0.000000
vn 0.000000 -1.000000 0.000000
vn 0.000000 -1.000000 0.000000
vn 0.000000 -1.000000 0.000000
vn 0.000000 -1.000000 0.000000
vn 0.000000 -1.000000 0.000000
vn 0.000000 -1.000000 0.000000
vn 0.000000 -1.000000 0.000000
vn 0.000000 -1.000000 0.000000
vn 0.000000 -1.000000 0.000000
vn 0.000000 -1.000000 0.000000
vn 0.000000 -1.000000 0.000000
vn 0.000000 -1.000000 0.000000
vn 0.000000 -1.000000 0.000000
vn 0.000000 -1.000000 0.000000
vn 0.000000 -1.000000 0.000000
vn 0.000000 -1.000000 0.000000
vn 0.000000 -1.000000 0.000000
vn 0.000000 -1.000000 0.000000
vn 0.000000 -1.000000 0.000000
vn 0.000000 -1.000000 0.000000
vn 0.000000 -1.000000 0.000000
vn 0.000000 -1.000000 0.000000
vn 0.000000 -1.000000 0.000000
vn 0.000000 -1.000000 0.000000
vn 0.000000 -1.000000 0.000000
vn 0.000000 -1.000000 0.000000
vn 0.000000 -1.000000 0.000000
vn 0.000000 -1.000000 0.000000
vn 0.000000 -1.000000 0.000000
vn 0.000000 -1.000000 0.000000
vn 0.000000 -1.000000 0.000000
vn 0.000000 -1.000000 0.000000
vn 0.000000 -1.000000 0.000000
vn 0.000000 -1.000000 0.000000
vn 0.000000 -1.000000 0.000000
vn 0.000000 -1.000000 0.000000
vn 0.000000 -1.000000 0.000000
vn 0.000000 -1.000000 0.000000
vn 0.000000 -1.000000 0.000000
vn 0.000000 -1.000000 0.000000
vn 0.000000 -1.000000 0.000000
vn 0.000000 -1.000000 0.000000
vn 0.000000 -1.000000 0.000000
vn 0.000000 -1.000000 0.000000
vn 0.000000 -1.000000 0.000000
vn 0.000000 -1.000000 0.000000
vn 0.000000 -1.000000 0.000000
vn 0.000000 -1.000000 0.000000
vn 0.000000 -1.000000 0.000000
vn 0.000000 -1.000000 0.000000
vn 0.000000 -1.000000 0.000000
vn 0.000000 -1.000000 0.000000
vn 0.000000 -1.000000 0.000000
vn 0.000000 -1.000000 0.000000
vn 0.000000 -1.000000 0.000000
vn 0.000000 -1.000000 0.000000
vn 0.000000 -1.000000 0.000000
vn 0.000000 -1.000000 0.000000
vn 0.000000 -1.000000 0.000000
vn 0.000000 -1.000000 0.000000
vn 0.000000 -1.000000 0.000000
vn 0.000000 -1.000000 0.000000
vn 0.000000 -1.000000 0.000000
vn 0.000000 -1.000000 0.000000
vn 0.000000 -1.000000 0.000000
vn 0.000000 -1.000000 0.000000
vn 0.000000 -1.000000 0.000000
vn 0.000000 -1.000000 0.000000
vn 0.000000 -1.000000 0.000000
vn 0.000000 -1.000000 0.000000
vn 0.000000 -1.000000 0.000000
vn 0.000000 -1.000000 0.000000
vn 0.000000 -1.000000 0.000000
vn 0.000000 -1.000000 0.000000
vn 0.000000 -1.000000 0.000000
vn 0.000000 -1.000000 0.000000
vn 0.000000 -1.000000 0.000000
vn 0.000000 -1.000000 0.000000
vn 0.000000 -1.000000 0.000000
vn 0.000000 -1.000000 0.000000
vn 0.000000 -1.000000 0.000000
vn 0.000000 -1.000000 0.000000
vn 0.000000 -1.000000 0.000000
vn 0.000000 -1.000000 0.000000
vn 0.000000 -1.000000 0.000000
vn 0.000000 -1.000000 0.000000
vn 0.000000 -1.000000 0.000000
vn 0.000000 -1.000000 0.000000
vn 0.000000 -1.000000 0.000000
vn 0.000000 -1.000000 0.000000
vn 0.000000 -1.000000 0.000000
vn 0.000000 -1.000000 0.000000
vn 0.000000 -1.000000 0.000000
vn 0.000000 -1.000000 0.000000
vn 0.000000 -1.000000 0.000000
vn 0.000000 -1.000000 0.000000
vn 0.000000 -1.000000 0.000000
vn 0.000000 -1.000000 0.000000
vn 0.000000 -1.000000 0.000000
vn 0.000000 -1.000000 0.000000
vn 0.000000 -1.000000 0.000000
vn 0.000000 -1.000000 0.000000
vn 0.000000 -1.000000 0.000000
vn 0.000000 -1.000000 0.000000
vn 0.000000 -1.000000 0.000000
vn 0.000000 -1.000000 0.000000
vn 0.000000 -1.000000 0.000000
vn 0.000000 -1.000000 0.000000
vn 0.000000 -1.000000 0.000000
vn 0.000000 -1.000000 0.000000
vn 0.000000 -1.000000 0.000000
vn 0.000000 -1.000000 0.000000
vn 0.000000 -1.000000 0.000000
vn 0.000000 -1.000000 0.000000
vn 0.000000 -1.000000 0.000000
vn 0.000000 -1.000000 0.000000
vn 0.000000 -1.000000 0.000000
vn 0.000000 -1.000000 0.000000
vn 0.000000 -1.000000 0.000000
vn 0.000000 -1.000000 0.000000
vn 0.000000 -1.000000 0.000000
vn 0.000000 -1.000000 0.000000
vn 0.000000 -1.000000 0.000000
vn 0.000000 -1.000000 0.000000
vn 0.000000 -1.000000 0.000000
vn 0.000000 -1.000000 0.000000
vn 0.000000 -1.000000 0.000000
vn 0.000000 -1.000000 0.000000
vn 0.000000 -1.000000 0.000000
vn 0.000000 -1.000000 0.000000
vn 0.000000 -1.000000 0.000000
vn 0.000000 -1.000000 0.000000
vn 0.000000 -1.000000 0.000000
vn 0.000000 -1.000000 0.000000
vn 0.000000 -1.000000 0.000000
vn 0.000000 -1.000000 0.000000
vn 0.000000 -1.000000 0.000000
vn 0.000000 -1.000000 0.000000
vn 0.000000 -1.000000 0.000000
vn 0.000000 -1.000000 0.000000
vn 0.000000 -1.000000 0.000000
vn 0.000000 -1.000000 0.000000
vn 0.000000 -1.000000 0.000000
vn 0.000000 -1.000000 0.000000
vn 0.000000 -1.000000 0.000000
vn 0.000000 -1.000000 0.000000
vn 0.000000 -1.000000 0.000000
vn 0.000000 -1.000000 0.000000
vn 0.000000 -1.000000 0.000000
vn 0.000000 -1.000000 0.000000
vn 0.000000 -1.000000 0.000000
vn 0.000000 -1.000000 0.000000
vn 0.000000 -1.000000 0.000000
vn 0.000000 -1.000000 0.000000
vn 0.000000 -1.000000 0.000000
vn 0.000000 -1.000000 0.000000
vn 0.000000 -1.000000 0.000000
vn 0.000000 -1.000000 0.000000
vn 0.000000 -1.000000 0.000000
vn 0.000000 -1.000000 0.000000
vn 0.000000 -1.000000 0.000000
vn 0.000000 -1.000000 0.000000
vn 0.000000 -1.000000 0.000000
vn 0.000000 -1.000000 0.000000
vn 0.000000 -1.000000 0.000000
vn 0.000000 -1.000000 0.000000
vn 0.000000 -1.000000 0.000000
vn 0.000000 -1.000000 0.000000
vn 0.000000 -1.000000 0.000000
vn 0.000000 -1.000000 0.000000
vn 0.000000 -1.000000 0.000000
vn 0.000000 -1.000000 0.000000
vn 0.000000 -1.000000 0.000000
vn 0.000000 -1.000000 0.000000
vn 0.000000 -1.000000 0.000000
vn 0.000000 -1.000000 0.000000
vn 0.000000 -1.000000 0.000000
vn 0.000000 -1.000000 0.000000
vn 0.000000 -1.000000 0.000000
vn 0.000000 -1.000000 0.000000
vn 0.000000 -1.000000 0.000000
vn 0.000000 -1.000000 0.000000
vn 0.000000 -1.000000 0.000000
vn 0.000000 -1.000000 0.000000
vn 0.000000 -1.000000 0.000000
vn 0.000000 -1.000000 0.000000
vn 0.000000 -1.000000 0.000000
vn 0.000000 -1.000000 0.000000
vn 0.000000 -1.000000 0.000000
vn 0.000000 -1.000000 0.000000
vn 0.000000 -1.000000 0.000000
vn 0.000000 -1.000000 0.000000
vn 0.000000 -1.000000 0.000000
vn 0.000000 -1.000000 0.000000
vn 0.000000 -1.000000 0.000000
vn 0.000000 -1.000000 0.000000
vn 0.000000 -1.000000 0.000000
vn 0.000000 -1.000000 0.000000
vn 0.000000 -1.000000 0.000000
vn 0.000000 -1.000000 0.000000
vn 0.000000 -1.000000 0.000000
vn 0.000000 -1.000000 0.000000
vn 0.000000 -1.000000 0.000000
vn 0.000000 -1.000000 0.000000
vn 0.000000 -1.000000 0.000000
vn 0.000000 -1.000000 0.000000
vn 0.000000 -1.000000 0.000000
vn 0.000000 -1.000000 0.000000
vn 0.000000 -1.000000 0.000000
vn 0.000000 -1.000000 0.000000
vn 0.000000 -1.000000 0.000000
vn 0.000000 -1.000000 0.000000
vn 0.000000 -1.000000 0.000000
vn 0.000000 -1.000000 0.000000
vn 0.000000 -1.000000 0.000000
vn 0.000000 -1.000000 0.000000
vn 0.000000 -1.000000 0.000000
vn 0.000000 -1.000000 0.000000
vn 0.000000 -1.000000 0.000000
vn 0.000000 -1.000000 0.000000
vn 0.000000 -1.000000 0.000000
vn 0.000000 -1.000000 0.000000
vn 0.000000 -1.000000 0.000000
vn 0.000000 -1.000000 0.000000
vn 0.000000 -1.000000 0.000000
vn 0.000000 -1.000000 0.000000
vn 0.000000 -1.000000 0.000000
vn 0.000000 -1.000000 0.000000
vn 0.000000 -1.000000 0.000000
vn 0.000000 -1.000000 0.000000
vn 0.000000 -1.000000 0.000000
vn 0.000000 -1.000000 0.000000
vn 0.000000 -1.000000 0.000000
vn 0.000000 -1.000000 0.000000
vn 0.000000 -1.000000 0.000000
vn 0.000000 -1.000000 0.000000
vn 0.000000 -1.000000 0.000000
vn 0.000000 -1.000000 0.000000
vn 0.000000 -1.000000 0.000000
vn 0.000000 -1.000000 0.000000
vn 0.000000 -1.000000 0.000000
vn 0.000000 -1.000000 0.000000
vn 0.000000 -1.000000 0.000000
vn 0.000000 -1.000000 0.000000
vn 0.000000 -1.000000 0.000000
vn 0.000000 -1.000000 0.000000
vn 0.000000 -1.000000 0.000000
vn 0.000000 -1.000000 0.000000
vn 0.000000 -1.000000 0.000000
vn 0.000000 -1.000000 0.000000
vn 0.000000 -1.000000 0.000000
vn 0.000000 -1.000000 0.000000
vn 0.000000 -1.000000 0.000000
vn 0.000000 -1.000000 0.000000
vn 0.000000 -1.000000 0.000000
vn 0.000000 -1.000000 0.000000
vn 0.000000 -1.000000 0.000000
vn 0.000000 -1.000000 0.000000
vn 0.000000 -1.000000 0.000000
vn 0.000000 -1.000000 0.000000
vn 0.000000 -1.000000 0.000000
vn 0.000000 -1.000000 0.000000
vn 0.000000 -1.000000 0.000000
vn 0.000000 -1.000000 0.000000
vn 0.000000 -1.000000 0.000000
vn 0.000000 -1.000000 0.000000
vn 0.000000 -1.000000 0.000000
vn 0.000000 -1.000000 0.000000
vn 0.000000 -1.000000 0.000000
vn 0.000000 -1.000000 0.000000
vn 0.000000 -1.000000 0.000000
vn 0.000000 -1.000000 0.000000
vn 0.000000 -1.000000 0.000000
vn 0.000000 -1.000000 0.000000
vn 0.000000 -1.000000 0.000000
vn 0.000000 -1.000000 0.000000
vn 0.000000 -1.000000 0.000000
vn 0.000000 -1.000000 0.000000
vn 0.000000 -1.000000 0.000000
vn 0.000000 -1.000000 0.000000
vn 0.000000 -1.000000 0.000000
vn 0.000000 -1.000000 0.000000
vn 0.000000 -1.000000 0.000000
vn 0.000000 -1.000000 0.000000
vn 0.000000 -1.000000 0.000000
vn 0.000000 -1.000000 0.000000
vn 0.000000 -1.000000 0.000000
vn 0.000000 -1.000000 0.000000
vn 0.000000 -1.000000 0.000000
vn 0.000000 -1.000000 0.000000
vn 0.000000 -1.000000 0.000000
vn 0.000000 -1.000000 0.000000
vn 0.000000 -1.000000 0.000000
vn 0.000000 -1.000000 0.000000
vn 0.000000 -1.000000 0.000000
vn 0.000000 -1.000000 0.000000
vn 0.000000 -1.000000 0.000000
vn 0.000000 -1.000000 0.000000
vn 0.000000 -1.000000 0.000000
vn 0.000000 -1.000000 0.000000
vn 0.000000 -1.000000 0.000000
vn 0.000000 -1.000000 0.000000
vn 0.000000 -1.000000 0.000000
vn 0.000000 -1.000000 0.000000
vn 0.000000 -1.000000 0.000000
vn 0.000000 -1.000000 0.000000
vn 0.000000 -1.000000 0.000000
vn 0.000000 -1.000000 0.000000
vn 0.000000 -1.000000 0.000000
vn 0.000000 -1.000000 0.000000
vn 0.000000 -1.000000 0.000000
vn 0.000000 -1.000000 0.000000
vn 0.000000 -1.000000 0.000000
vn 0.000000 -1.000000 0.000000
vn 0.000000 -1.000000 0.000000
vn 0.000000 -1.000000 0.000000
vn 0.000000 -1.000000 0.000000
vn 0.000000 -1.000000 0.000000
vn 0.000000 -1.000000 0.000000
vn 0.000000 -1.000000 0.000000
vn 0.000000 -1.000000 0.000000
vn 0.000000 -1.000000 0.000000
vn 0.000000 -1.000000 0.000000
vn 0.000000 -1.000000 0.000000
vn 0.000000 -1.000000 0.000000
vn 0.000000 -1.000000 0.000000
vn 0.000000 -1.000000 0.000000
vn 0.000000 -1.000000 0.000000
vn 0.000000 -1.000000 0.000000
vn 0.000000 -1.000000 0.000000
vn 0.000000 -1.000000 0.000000
vn 0.000000 -1.000000 0.000000
vn 0.000000 -1.000000 0.000000
vn 0.000000 -1.000000 0.000000
vn 0.000000 -1.000000 0.000000
vn 0.000000 -1.000000 0.000000
vn 0.000000 -1.000000 0.000000
vn 0.000000 -1.000000 0.000000
vn 0.000000 -1.000000 0.000000
vn 0.000000 -1.000000 0.000000
vn 0.000000 -1.000000 0.000000
vn 0.000000 -1.000000 0.000000
vn 0.000000 -1.000000 0.000000
vn 0.000000 -1.000000 0.000000
vn 0.000000 -1.000000 0.000000
vn 0.000000 -1.000000 0.000000
vn 0.000000 -1.000000 0.000000
vn 0.000000 -1.000000 0.000000
vn 0.000000 -1.000000 0.000000
vn 0.000000 -1.000000 0.000000
vn 0.000000 -1.000000 0.000000
vn 0.000000 -1.000000 0.000000
vn 0.000000 -1.000000 0.000000
vn 0.000000 -1.000000 0.000000
vn 0.000000 -1.000000 0.000000
vn 0.000000 -1.000000 0.000000
vn 0.000000 -1.000000 0.000000
vn 0.000000 -1.000000 0.000000
vn 0.000000 -1.000000 0.000000
vn 0.000000 -1.000000 0.000000
vn 0.000000 -1.000000 0.000000
vn 0.000000 -1.000000 0.000000
vn 0.000000 -1.000000 0.000000
vn 0.000000 -1.000000 0.000000
vn 0.000000 -1.000000 0.000000
vn 0.000000 -1.000000 0.000000
vn 0.000000 -1.000000 0.000000
vn 0.000000 -1.000000 0.000000
vn 0.000000 -1.000000 0.000000
vn 0.000000 -1.000000 0.000000
vn 0.000000 -1.000000 0.000000
vn 0.000000 -1.000000 0.000000
vn 0.000000 -1.000000 0.000000
vn 0.000000 -1.000000 0.000000
vn 0.000000 -1.000000 0.000000
vn 0.000000 -1.000000 0.000000
vn 0.000000 -1.000000 0.000000
vn 0.000000 -1.000000 0.000000
vn 0.000000 -1.000000 0.000000
vn 0.000000 -1.000000 0.000000
vn 0.000000 -1.000000 0.000000
vn 0.000000 -1.000000 0.000000
vn 0.000000 -1.000000 0.000000
vn 0.000000 -1.000000 0.000000
vn 0.000000 -1.000000 0.000000
vn 0.000000 -1.000000 0.000000
vn 0.000000 -1.000000 0.000000
vn 0.000000 -1.000000 0.000000
vn 0.000000 -1.000000 0.000000
vn 0.000000 -1.000000 0.000000
vn 0.000000 -1.000000 0.000000
vn 0.000000 -1.000000 0.000000
vn 0.000000 -1.000000 0.000000
vn 0.000000 -1.000000 0.000000
vn 0.000000 -1.000000 0.000000
vn 0.000000 -1.000000 0.000000
vn 0.000000 -1.000000 0.000000
vn 0.000000 -1.000000 0.000000
vn 0.000000 -1.000000 0.000000
vn 0.000000 -1.000000 0.000000
vn 0.000000 -1.000000 0.000000
vn 0.000000 -1.000000 0.000000
vn 0.000000 -1.000000 0.000000
vn 0.000000 -1.000000 0.000000
vn 0.000000 -1.000000 0.000000
vn 0.000000 -1.000000 0.000000
vn 0.000000 -1.000000 0.000000
vn 0.000000 -1.000000 0.000000
vn 0.000000 -1.000000 0.000000
vn 0.000000 -1.000000 0.000000
vn 0.000000 -1.000000 0.000000
vn 0.000000 -1.000000 0.000000
vn 0.000000 -1.000000 0.000000
vn 0.000000 -1.000000 0.000000
vn 0.000000 -1.000000 0.000000
vn 0.000000 -1.000000 0.000000
vn 0.000000 -1.000000 0.000000
vn 0.000000 -1.000000 0.000000
vn 0.000000 -1.000000 0.000000
vn 0.000000 -1.000000 0.000000
vn 0.000000 -1.000000 0.000000
vn 0.000000 -1.000000 0.000000
vn 0.000000 -1.000000 0.000000
vn 0.000000 -1.000000 0.000000
vn 0.000000 -1.000000 0.000000
vn 0.000000 -1.000000 0.000000
vn 0.000000 -1.000000 0.000000
vn 0.000000 -1.000000 0.000000
vn 0.000000 -1.000000 0.000000
vn 0.000000 -1.000000 0.000000
vn 0.000000 -1.000000 0.000000
vn 0.000000 -1.000000 0.000000
vn 0.000000 -1.000000 0.000000
vn 0.000000 -1.000000 0.000000
vn 0.000000 -1.000000 0.000000
vn 0.000000 -1.000000 0.000000
vn 0.000000 -1.000000 0.000000
vn 0.000000 -1.000000 0.000000
vn 0.000000 -1.000000 0.000000
vn 0.000000 -1.000000 0.000000
vn 0.000000 -1.000000 0.000000
vn 0.000000 -1.000000 0.000000
vn 0.000000 -1.000000 0.000000
vn 0.000000 -1.000000 0.000000
vn 0.000000 -1.000000 0.000000
vn 0.000000 -1.000000 0.000000
vn 0.000000 -1.000000 0.000000
vn 0.000000 -1.000000 0.000000
vn 0.000000 -1.000000 0.000000
vn 0.000000 -1.000000 0.000000
vn 0.000000 -1.000000 0.000000
vn 0.000000 -1.000000 0.000000
vn 0.000000 -1.000000 0.000000
vn 0.000000 -1.000000 0.000000
vn 0.000000 -1.000000 0.000000
vn 0.000000 -1.000000 0.000000
vn 0.000000 -1.000000 0.000000
vn 0.000000 -1.000000 0.000000
vn 0.000000 -1.000000 0.000000
vn 0.000000 -1.000000 0.000000
vn 0.000000 -1.000000 0.000000
vn 0.000000 -1.000000 0.000000
vn 0.000000 -1.000000 0.000000
vn 0.000000 -1.000000 0.000000
vn 0.000000 -1.000000 0.000000
vn 0.000000 -1.000000 0.000000
vn 0.000000 -1.000000 0.000000
vn 0.000000 -1.000000 0.000000
vn 0.000000 -1.000000 0.000000
vn 0.000000 -1.000000 0.000000
vn 0.000000 -1.000000 0.000000
vn 0.000000 -1.000000 0.000000
vn 0.000000 -1.000000 0.000000
vn 0.000000 -1.000000 0.000000
vn 0.000000 -1.000000 0.000000
vn 0.000000 -1.000000 0.000000
vn 0.000000 -1.000000 0.000000
vn 0.000000 -1.000000 0.000000
vn 0.000000 -1.000000 0.000000
vn 0.000000 -1.000000 0.000000
vn 0.000000 -1.000000 0.000000
vn 0.000000 -1.000000 0.000000
vn 0.000000 -1.000000 0.000000
vn 0.000000 -1.000000 0.000000
vn 0.000000 -1.000000 0.000000
vn 0.000000 -1.000000 0.000000
vn 0.000000 -1.000000 0.000000
vn 0.000000 -1.000000 0.000000
vn 0.000000 -1.000000 0.000000
vn 0.000000 -1.000000 0.000000
vn 0.000000 -1.000000 0.000000
vn 0.000000 -1.000000 0.000000
vn 0.000000 -1.000000 0.000000
vn 0.000000 -1.000000 0.000000
vn 0.000000 -1.000000 0.000000
vn 0.000000 -1.000000 0.000000
vn 0.000000 -1.000000 0.000000
vn 0.000000 -1.000000 0.000000
vn 0.000000 -1.000000 0.000000
vn 0.000000 -1.000000 0.000000
vn 0.000000 -1.000000 0.000000
vn 0.000000 -1.000000 0.000000
vn 0.000000 -1.000000 0.000000
vn 0.000000 -1.000000 0.000000
vn 0.000000 -1.000000 0.000000
vn 0.000000 -1.000000 0.000000
vn 0.000000 -1.000000 0.000000
vn 0.000000 -1.000000 0.000000
vn 0.000000 -1.000000 0.000000
vn 0.000000 -1.000000 0.000000
vn 0.000000 -1.000000 0.000000
vn 0.000000 -1.000000 0.000000
vn 0.000000 -1.000000 0.000000
vn 0.000000 -1.000000 0.000000
vn 0.000000 -1.000000 0.000000
vn 0.000000 -1.000000 0.000000
vn 0.000000 -1.000000 0.000000
vn 0.000000 -1.000000 0.000000
vn 0.000000 -1.000000 0.000000
vn 0.000000 -1.000000 0.000000
vn 0.000000 -1.000000 0.000000
vn 0.000000 -1.000000 0.000000
vn 0.000000 -1.000000 0.000000
vn 0.000000 -1.000000 0.000000
vn 0.000000 -1.000000 0.000000
vn 0.000000 -1.000000 0.000000
vn 0.000000 -1.000000 0.000000
vn 0.000000 -1.000000 0.000000
vn 0.000000 -1.000000 0.000000
vn 0.000000 -1.000000 0.000000
vn 0.000000 -1.000000 0.000000
vn 0.000000 -1.000000 0.000000
vn 0.000000 -1.000000 0.000000
vn 0.000000 -1.000000 0.000000
vn 0.000000 -1.000000 0.000000
vn 0.000000 -1.000000 0.000000
vn 0.000000 -1.000000 0.000000
vn 0.000000 -1.000000 0.000000
vn 0.000000 -1.000000 0.000000
vn 0.000000 -1.000000 0.000000
vn 0.000000 -1.000000 0.000000
vn 0.000000 -1.000000 0.000000
vn 0.000000 -1.000000 0.000000
vn 0.000000 -1.000000 0.000000
vn 0.000000 -1.000000 0.000000
vn 0.000000 -1.000000 0.000000
vn 0.000000 -1.000000 0.000000
vn 0.000000 -1.000000 0.000000
vn 0.000000 -1.000000 0.000000
vn 0.000000 -1.000000 0.000000
vn 0.000000 -1.000000 0.000000
vn 0.000000 -1.000000 0.000000
vn 0.000000 -1.000000 0.000000
vn 0.000000 -1.000000 0.000000
vn 0.000000 -1.000000 0.000000
vn 0.000000 -1.000000 0.000000
vn 0.000000 -1.000000 0.000000
vn 0.000000 -1.000000 0.000000
vn 0.000000 -1.000000 0.000000
vn 0.000000 -1.000000 0.000000
vn 0.000000 -1.000000 0.000000
vn 0.000000 -1.000000 0.000000
vn -1.000000 0.000000 0.000000
vn -1.000000 0.000000 0.000000
vn -1.000000 0.000000 0.000000
vn -1.000000 0.000000 0.000000
vn 1.000000 0.000000 0.000000
vn 1.000000 0.000000 0.000000
vn 1.000000 0.000000 0.000000
vn 1.000000 0.000000 0.000000
vn -1.000000 0.000000 0.000000
vn -1.000000 0.000000 0.000000
vn -1.000000 0.000000 0.000000
vn -1.000000 0.000000 0.000000
vn 1.000000 0.000000 0.000000
vn 1.000000 0.000000 0.000000
vn 1.000000 0.000000 0.000000
vn 1.000000 0.000000 0.000000
vn 0.000000 0.000000 1.000000
vn 0.000000 0.000000 1.000000
vn 0.000000 0.000000 1.000000
vn 0.000000 0.000000 1.000000
vn 0.000000 0.000000 -1.000000
vn 0.000000 0.000000 -1.000000
vn 0.000000 0.000000 -1.000000
vn 0.000000 0.000000 -1.000000
vn 0.000000 0.000000 -1.000000
vn 0.000000 0.000000 -1.000000
vn 0.000000 0.000000 -1.000000
vn 0.000000 0.000000 -1.000000
vn 0.000000 0.000000 1.000000
vn 0.000000 0.000000 1.000000
vn 0.000000 0.000000 1.000000
vn 0.000000 0.000000 1.000000
vn -1.000000 0.000000 0.000000
vn -1.000000 0.000000 0.000000
vn -1.000000 0.000000 0.000000
vn -1.000000 0.000000 0.000000
vn 1.000000 0.000000 0.000000
vn 1.000000 0.000000 0.000000
vn 1.000000 0.000000 0.000000
vn 1.000000 0.000000 0.000000
vn -1.000000 0.000000 0.000000
vn -1.000000 0.000000 0.000000
vn -1.000000 0.000000 0.000000
vn -1.000000 0.000000 0.000000
vn 1.000000 0.000000 0.000000
vn 1.000000 0.000000 0.000000
vn 1.000000 0.000000 0.000000
vn 1.000000 0.000000 0.000000
vn 0.000000 0.000000 -1.000000
vn 0.000000 0.000000 -1.000000
vn 0.000000 0.000000 -1.000000
vn 0.000000 0.000000 -1.000000
vn 0.000000 0.000000 1.000000
vn 0.000000 0.000000 1.000000
vn 0.000000 0.000000 1.000000
vn 0.000000 0.000000 1.000000
vn -1.000000 0.000000 0.000000
vn -1.000000 0.000000 0.000000
vn -1.000000 0.000000 0.000000
vn -1.000000 0.000000 0.000000
vn 1.000000 0.000000 0.000000
vn 1.000000 0.000000 0.000000
vn 1.000000 0.000000 0.000000
vn 1.000000 0.000000 0.000000
vn -1.000000 0.000000 0.000000
vn -1.000000 0.000000 0.000000
vn -1.000000 0.000000 0.000000
vn -1.000000 0.000000 0.000000
vn 1.000000 0.000000 0.000000
vn 1.000000 0.000000 0.000000
vn 1.000000 0.000000 0.000000
vn 1.000000 0.000000 0.000000
vn 0.000000 0.000000 -1.000000
vn 0.000000 0.000000 -1.000000
vn 0.000000 0.000000 -1.000000
vn 0.000000 0.000000 -1.000000
vn 0.000000 0.000000 1.000000
vn 0.000000 0.000000 1.000000
vn 0.000000 0.000000 1.000000
vn 0.000000 0.000000 1.000000
vn -1.000000 0.000000 0.000000
vn -1.000000 0.000000 0.000000
vn -1.000000 0.000000 0.000000
vn -1.000000 0.000000 0.000000
vn 1.000000 0.000000 0.000000
vn 1.000000 0.000000 0.000000
vn 1.000000 0.000000 0.000000
vn 1.000000 0.000000 0.000000
vn -1.000000 0.000000 0.000000
vn -1.000000 0.000000 0.000000
vn -1.000000 0.000000 0.000000
vn -1.000000 0.000000 0.000000
vn 1.000000 0.000000 0.000000
vn 1.000000 0.000000 0.000000
vn 1.000000 0.000000 0.000000
vn 1.000000 0.000000 0.000000
vn 0.000000 0.000000 -1.000000
vn 0.000000 0.000000 -1.000000
vn 0.000000 0.000000 -1.000000
vn 0.000000 0.000000 -1.000000
vn 0.000000 0.000000 1.000000
vn 0.000000 0.000000 1.000000
vn 0.000000 0.000000 1.000000
vn 0.000000 0.000000 1.000000
vn -1.000000 0.000000 0.000000
vn -1.000000 0.000000 0.000000
vn -1.000000 0.000000 0.000000
vn -1.000000 0.000000 0.000000
vn 1.000000 0.000000 0.000000
vn 1.000000 0.000000 0.000000
vn 1.000000 0.000000 0.000000
vn 1.000000 0.000000 0.000000
vn -1.000000 0.000000 0.000000
vn -1.000000 0.000000 0.000000
vn -1.000000 0.000000 0.000000
vn -1.000000 0.000000 0.000000
vn 1.000000 0.000000 0.000000
vn 1.000000 0.000000 0.000000
vn 1.000000 0.000000 0.000000
vn 1.000000 0.000000 0.000000
vn 0.000000 0.000000 -1.000000
vn 0.000000 0.000000 -1.000000
vn 0.000000 0.000000 -1.000000
vn 0.000000 0.000000 -1.000000
vn 0.000000 0.000000 1.000000
vn 0.000000 0.000000 1.000000
vn 0.000000 0.000000 1.000000
vn 0.000000 0.000000 1.000000
vn -1.000000 0.000000 0.000000
vn -1.000000 0.000000 0.000000
vn -1.000000 0.000000 0.000000
vn -1.000000 0.000000 0.000000
vn 1.000000 0.000000 0.000000
vn 1.000000 0.000000 0.000000
vn 1.000000 0.000000 0.000000
vn 1.000000 0.000000 0.000000
vn -1.000000 0.000000 0.000000
vn -1.000000 0.000000 0.000000
vn -1.000000 0.000000 0.000000
vn -1.000000 0.000000 0.000000
vn 1.000000 0.000000 0.000000
vn 1.000000 0.000000 0.000000
vn 1.000000 0.000000 0.000000
vn 1.000000 0.000000 0.000000
vn 0.000000 0.000000 -1.000000
vn 0.000000 0.000000 -1.000000
vn 0.000000 0.000000 -1.000000
vn 0.000000 0.000000 -1.000000
vn 0.000000 0.000000 1.000000
vn 0.000000 0.000000 1.000000
vn 0.000000 0.000000 1.000000
vn 0.000000 0.000000 1.000000
vn -1.000000 0.000000 0.000000
vn -1.000000 0.000000 0.000000
vn -1.000000 0.000000 0.000000
vn -1.000000 0.000000 0.000000
vn 1.000000 0.000000 0.000000
vn 1.000000 0.000000 0.000000
vn 1.000000 0.000000 0.000000
vn 1.000000 0.000000 0.000000
vn -1.000000 0.000000 0.000000
vn -1.000000 0.000000 0.000000
vn -1.000000 0.000000 0.000000
vn -1.000000 0.000000 0.000000
vn 1.000000 0.000000 0.000000
vn 1.000000 0.000000 0.000000
vn 1.000000 0.000000 0.000000
vn 1.000000 0.000000 0.000000
vn 0.000000 0.000000 -1.000000
vn 0.000000 0.000000 -1.000000
vn 0.000000 0.000000 -1.000000
vn 0.000000 0.000000 -1.000000
vn 0.000000 0.000000 1.000000
vn 0.000000 0.000000 1.000000
vn 0.000000 0.000000 1.000000
vn 0.000000 0.000000 1.000000
vn -1.000000 0.000000 0.000000
vn -1.000000 0.000000 0.000000
vn -1.000000 0.000000 0.000000
vn -1.000000 0.000000 0.000000
vn 1.000000 0.000000 0.000000
vn 1.000000 0.000000 0.000000
vn 1.000000 0.000000 0.000000
vn 1.000000 0.000000 0.000000
vn -1.000000 0.000000 0.000000
vn -1.000000 0.000000 0.000000
vn -1.000000 0.000000 0.000000
vn -1.000000 0.000000 0.000000
vn 1.000000 0.000000 0.000000
vn 1.000000 0.000000 0.000000
vn 1.000000 0.000000 0.000000
vn 1.000000 0.000000 0.000000
vn 0.000000 0.000000 -1.000000
vn 0.000000 0.000000 -1.000000
vn 0.000000 0.000000 -1.000000
vn 0.000000 0.000000 -1.000000
vn 0.000000 0.000000 1.000000
vn 0.000000 0.000000 1.000000
vn 0.000000 0.000000 1.000000
vn 0.000000 0.000000 1.000000
vn -1.000000 0.000000 0.000000
vn -1.000000 0.000000 0.000000
vn -1.000000 0.000000 0.000000
vn -1.000000 0.000000 0.000000
vn 1.000000 0.000000 0.000000
vn 1.000000 0.000000 0.000000
vn 1.000000 0.000000 0.000000
vn 1.000000 0.000000 0.000000
vn -1.000000 0.000000 0.000000
vn -1.000000 0.000000 0.000000
vn -1.000000 0.000000 0.000000
vn -1.000000 0.000000 0.000000
vn 1.000000 0.000000 0.000000
vn 1.000000 0.000000 0.000000
vn 1.000000 0.000000 0.000000
vn 1.000000 0.000000 0.000000
vn 0.000000 0.000000 -1.000000
vn 0.000000 0.000000 -1.000000
vn 0.000000 0.000000 -1.000000
vn 0.000000 0.000000 -1.000000
vn 1.000000 0.000000 0.000000
vn 1.000000 0.000000 0.000000
vn 1.000000 0.000000 0.000000
vn 1.000000 0.000000 0.000000
vn 0.000000 0.000000 1.000000
vn 0.000000 0.000000 1.000000
vn 0.000000 0.000000 1.000000
vn 0.000000 0.000000 1.000000
vn -1.000000 0.000000 0.000000
vn -1.000000 0.000000 0.000000
vn -1.000000 0.000000 0.000000
vn -1.000000 0.000000 0.000000
vn 1.000000 0.000000 0.000000
vn 1.000000 0.000000 0.000000
vn 1.000000 0.000000 0.000000
vn 1.000000 0.000000 0.000000
vn 0.000000 0.000000 1.000000
vn 0.000000 0.000000 1.000000
vn 0.000000 0.000000 1.000000
vn 0.000000 0.000000 1.000000
vn 0.000000 0.000000 -1.000000
vn 0.000000 0.000000 -1.000000
vn 0.000000 0.000000 -1.000000
vn 0.000000 0.000000 -1.000000
vn 0.000000 0.000000 -1.000000
vn 0.000000 0.000000 -1.000000
vn 0.000000 0.000000 -1.000000
vn 0.000000 0.000000 -1.000000
vn 0.000000 0.000000 1.000000
vn 0.000000 0.000000 1.000000
vn 0.000000 0.000000 1.000000
vn 0.000000 0.000000 1.000000
vn -1.000000 0.000000 0.000000
vn -1.000000 0.000000 0.000000
vn -1.000000 0.000000 0.000000
vn -1.000000 0.000000 0.000000
vn 1.000000 0.000000 0.000000
vn 1.000000 0.000000 0.000000
vn 1.000000 0.000000 0.000000
vn 1.000000 0.000000 0.000000
vn 0.000000 0.000000 -1.000000
vn 0.000000 0.000000 -1.000000
vn 0.000000 0.000000 -1.000000
vn 0.000000 0.000000 -1.000000
vn 0.000000 0.000000 1.000000
vn 0.000000 0.000000 1.000000
vn 0.000000 0.000000 1.000000
vn 0.000000 0.000000 1.000000
vn -1.000000 0.000000 0.000000
vn -1.000000 0.000000 0.000000
vn -1.000000 0.000000 0.000000
vn -1.000000 0.000000 0.000000
vn 1.000000 0.000000 0.000000
vn 1.000000 0.000000 0.000000
vn 1.000000 0.000000 0.000000
vn 1.000000 0.000000 0.000000
vn 0.000000 0.000000 -1.000000
vn 0.000000 0.000000 -1.000000
vn 0.000000 0.000000 -1.000000
vn 0.000000 0.000000 -1.000000
vn 0.000000 0.000000 1.000000
vn 0.000000 0.000000 1.000000
vn 0.000000 0.000000 1.000000
vn 0.000000 0.000000 1.000000
vn -1.000000 0.000000 0.000000
vn -1.000000 0.000000 0.000000
vn -1.000000 0.000000 0.000000
vn -1.000000 0.000000 0.000000
vn 1.000000 0.000000 0.000000
vn 1.000000 0.000000 0.000000
vn 1.000000 0.000000 0.000000
vn 1.000000 0.000000 0.000000
vn 0.000000 0.000000 -1.000000
vn 0.000000 0.000000 -1.000000
vn 0.000000 0.000000 -1.000000
vn 0.000000 0.000000 -1.000000
vn 0.000000 0.000000 1.000000
vn 0.000000 0.000000 1.000000
vn 0.000000 0.000000 1.000000
vn 0.000000 0.000000 1.000000
vn -1.000000 0.000000 0.000000
vn -1.000000 0.000000 0.000000
vn -1.000000 0.000000 0.000000
vn -1.000000 0.000000 0.000000
vn 1.000000 0.000000 0.000000
vn 1.000000 0.000000 0.000000
vn 1.000000 0.000000 0.000000
vn 1.000000 0.000000 0.000000
vn 0.000000 0.000000 -1.000000
vn 0.000000 0.000000 -1.000000
vn 0.000000 0.000000 -1.000000
vn 0.000000 0.000000 -1.000000
vn 0.000000 0.000000 1.000000
vn 0.000000 0.000000 1.000000
vn 0.000000 0.000000 1.000000
vn 0.000000 0.000000 1.000000
vn -1.000000 0.000000 0.000000
vn -1.000000 0.000000 0.000000
vn -1.000000 0.000000 0.000000
vn -1.000000 0.000000 0.000000
vn 1.000000 0.000000 0.000000
vn 1.000000 0.000000 0.000000
vn 1.000000 0.000000 0.000000
vn 1.000000 0.000000 0.000000
vn 0.000000 0.000000 -1.000000
vn 0.000000 0.000000 -1.000000
vn 0.000000 0.000000 -1.000000
vn 0.000000 0.000000 -1.000000
vn 0.000000 0.000000 1.000000
vn 0.000000 0.000000 1.000000
vn 0.000000 0.000000 1.000000
vn 0.000000 0.000000 1.000000
vn -1.000000 0.000000 0.000000
vn -1.000000 0.000000 0.000000
vn -1.000000 0.000000 0.000000
vn -1.000000 0.000000 0.000000
vn 1.000000 0.000000 0.000000
vn 1.000000 0.000000 0.000000
vn 1.000000 0.000000 0.000000
vn 1.000000 0.000000 0.000000
vn 0.000000 0.000000 -1.000000
vn 0.000000 0.000000 -1.000000
vn 0.000000 0.000000 -1.000000
vn 0.000000 0.000000 -1.000000
vn 0.000000 0.000000 1.000000
vn 0.000000 0.000000 1.000000
vn 0.000000 0.000000 1.000000
vn 0.000000 0.000000 1.000000
vn -1.000000 0.000000 0.000000
vn -1.000000 0.000000 0.000000
vn -1.000000 0.000000 0.000000
vn -1.000000 0.000000 0.000000
vn 1.000000 0.000000 0.000000
vn 1.000000 0.000000 0.000000
vn 1.000000 0.000000 0.000000
vn 1.000000 0.000000 0.000000
vn 0.000000 0.000000 -1.000000
vn 0.000000 0.000000 -1.000000
vn 0.000000 0.000000 -1.000000
vn 0.000000 0.000000 -1.000000
vn 0.000000 0.000000 1.000000
vn 0.000000 0.000000 1.000000
vn 0.000000 0.000000 1.000000
vn 0.000000 0.000000 1.000000
vn -1.000000 0.000000 0.000000
vn -1.000000 0.000000 0.000000
vn -1.000000 0.000000 0.000000
vn -1.000000 0.000000 0.000000
vn 1.000000 0.000000 0.000000
vn 1.000000 0.000000 0.000000
vn 1.000000 0.000000 0.000000
vn 1.000000 0.000000 0.000000
vn 0.000000 0.000000 -1.000000
vn 0.000000 0.000000 -1.000000
vn 0.000000 0.000000 -1.000000
vn 0.000000 0.000000 -1.000000
vn 1.000000 0.000000 0.000000
vn 1.000000 0.000000 0.000000
vn 1.000000 0.000000 0.000000
vn 1.000000 0.000000 0.000000
vn 0.000000 0.000000 1.000000
vn 0.000000 0.000000 1.000000
vn 0.000000 0.000000 1.000000
vn 0.000000 0.000000 1.000000
vn -1.000000 0.000000 0.000000
vn -1.000000 0.000000 0.000000
vn -1.000000 0.000000 0.000000
vn -1.000000 0.000000 0.000000
vn 1.000000 0.000000 0.000000
vn 1.000000 0.000000 0.000000
vn 1.000000 0.000000 0.000000
vn 1.000000 0.000000 0.000000
vn 0.000000 0.000000 1.000000
vn 0.000000 0.000000 1.000000
vn 0.000000 0.000000 1.000000
vn 0.000000 0.000000 1.000000
vn 0.000000 0.000000 -1.000000
vn 0.000000 0.000000 -1.000000
vn 0.000000 0.000000 -1.000000
vn 0.000000 0.000000 -1.000000
vn 0.000000 0.000000 -1.000000
vn 0.000000 0.000000 -1.000000
vn 0.000000 0.000000 -1.000000
vn 0.000000 0.000000 -1.000000
vn 0.000000 0.000000 1.000000
vn 0.000000 0.000000 1.000000
vn 0.000000 0.000000 1.000000
vn 0.000000 0.000000 1.000000
vn -1.000000 0.000000 0.000000
vn -1.000000 0.000000 0.000000
vn -1.000000 0.000000 0.000000
vn -1.000000 0.000000 0.000000
vn 1.000000 0.000000 0.000000
vn 1.000000 0.000000 0.000000
vn 1.000000 0.000000 0.000000
vn 1.000000 0.000000 0.000000
vn 0.000000 0.000000 -1.000000
vn 0.000000 0.000000 -1.000000
vn 0.000000 0.000000 -1.000000
vn 0.000000 0.000000 -1.000000
vn 0.000000 0.000000 1.000000
vn 0.000000 0.000000 1.000000
vn 0.000000 0.000000 1.000000
vn 0.000000 0.000000 1.000000
vn -1.000000 0.000000 0.000000
vn -1.000000 0.000000 0.000000
vn -1.000000 0.000000 0.000000
vn -1.000000 0.000000 0.000000
vn 1.000000 0.000000 0.000000
vn 1.000000 0.000000 0.000000
vn 1.000000 0.000000 0.000000
vn 1.000000 0.000000 0.000000
vn 0.000000 0.000000 -1.000000
vn 0.000000 0.000000 -1.000000
vn 0.000000 0.000000 -1.000000
vn 0.000000 0.000000 -1.000000
vn 0.000000 0.000000 1.000000
vn 0.000000 0.000000 1.000000
vn 0.000000 0.000000 1.000000
vn 0.000000 0.000000 1.000000
vn -1.000000 0.000000 0.000000
vn -1.000000 0.000000 0.000000
vn -1.000000 0.000000 0.000000
vn -1.000000 0.000000 0.000000
vn 1.000000 0.000000 0.000000
vn 1.000000 0.000000 0.000000
vn 1.000000 0.000000 0.000000
vn 1.000000 0.000000 0.000000
vn 0.000000 0.000000 -1.000000
vn 0.000000 0.000000 -1.000000
vn 0.000000 0.000000 -1.000000
vn 0.000000 0.000000 -1.000000
vn 0.000000 0.000000 1.000000
vn 0.000000 0.000000 1.000000
vn 0.000000 0.000000 1.000000
vn 0.000000 0.000000 1.000000
vn -1.000000 0.000000 0.000000
vn -1.000000 0.000000 0.000000
vn -1.000000 0.000000 0.000000
vn -1.000000 0.000000 0.000000
vn 1.000000 0.000000 0.000000
vn 1.000000 0.000000 0.000000
vn 1.000000 0.000000 0.000000
vn 1.000000 0.000000 0.000000
vn 0.000000 0.000000 -1.000000
vn 0.000000 0.000000 -1.000000
vn 0.000000 0.000000 -1.000000
vn 0.000000 0.000000 -1.000000
vn 0.000000 0.000000 1.000000
vn 0.000000 0.000000 1.000000
vn 0.000000 0.000000 1.000000
vn 0.000000 0.000000 1.000000
vn -1.000000 0.000000 0.000000
vn -1.000000 0.000000 0.000000
vn -1.000000 0.000000 0.000000
vn -1.000000 0.000000 0.000000
vn 1.000000 0.000000 0.000000
vn 1.000000 0.000000 0.000000
vn 1.000000 0.000000 0.000000
vn 1.000000 0.000000 0.000000
vn 0.000000 0.000000 -1.000000
vn 0.000000 0.000000 -1.000000
vn 0.000000 0.000000 -1.000000
vn 0.000000 0.000000 -1.000000
vn 0.000000 0.000000 1.000000
vn 0.000000 0.000000 1.000000
vn 0.000000 0.000000 1.000000
vn 0.000000 0.000000 1.000000
vn -1.000000 0.000000 0.000000
vn -1.000000 0.000000 0.000000
vn -1.000000 0.000000 0.000000
vn -1.000000 0.000000 0.000000
vn 1.000000 0.000000 0.000000
vn 1.000000 0.000000 0.000000
vn 1.000000 0.000000 0.000000
vn 1.000000 0.000000 0.000000
vn 0.000000 0.000000 -1.000000
vn 0.000000 0.000000 -1.000000
vn 0.000000 0.000000 -1.000000
vn 0.000000 0.000000 -1.000000
vn 0.000000 0.000000 1.000000
vn 0.000000 0.000000 1.000000
vn 0.000000 0.000000 1.000000
vn 0.000000 0.000000 1.000000
vn -1.000000 0.000000 0.000000
vn -1.000000 0.000000 0.000000
vn -1.000000 0.000000 0.000000
vn -1.000000 0.000000 0.000000
vn 1.000000 0.000000 0.000000
vn 1.000000 0.000000 0.000000
vn 1.000000 0.000000 0.000000
vn 1.000000 0.000000 0.000000
vn 0.000000 0.000000 -1.000000
vn 0.000000 0.000000 -1.000000
vn 0.000000 0.000000 -1.000000
vn 0.000000 0.000000 -1.000000
vn 0.000000 0.000000 1.000000
vn 0.000000 0.000000 1.000000
vn 0.000000 0.000000 1.000000
vn 0.000000 0.000000 1.000000
vn -1.000000 0.000000 0.000000
vn -1.000000 0.000000 0.000000
vn -1.000000 0.000000 0.000000
vn -1.000000 0.000000 0.000000
vn 1.000000 0.000000 0.000000
vn 1.000000 0.000000 0.000000
vn 1.000000 0.000000 0.000000
vn 1.000000 0.000000 0.000000
vn 0.000000 0.000000 -1.000000
vn 0.000000 0.000000 -1.000000
vn 0.000000 0.000000 -1.000000
vn 0.000000 0.000000 -1.000000
vn 1.000000 0.000000 0.000000
vn 1.000000 0.000000 0.000000
vn 1.000000 0.000000 0.000000
vn 1.000000 0.000000 0.000000
vn 0.000000 0.000000 1.000000
vn 0.000000 0.000000 1.000000
vn 0.000000 0.000000 1.000000
vn 0.000000 0.000000 1.000000
vn -1.000000 0.000000 0.000000
vn -1.000000 0.000000 0.000000
vn -1.000000 0.000000 0.000000
vn -1.000000 0.000000 0.000000
vn 1.000000 0.000000 0.000000
vn 1.000000 0.000000 0.000000
vn 1.000000 0.000000 0.000000
vn 1.000000 0.000000 0.000000
vn 0.000000 0.000000 1.000000
vn 0.000000 0.000000 1.000000
vn 0.000000 0.000000 1.000000
vn 0.000000 0.000000 1.000000
vn 0.000000 0.000000 -1.000000
vn 0.000000 0.000000 -1.000000
vn 0.000000 0.000000 -1.000000
vn 0.000000 0.000000 -1.000000
vn 0.000000 0.000000 -1.000000
vn 0.000000 0.000000 -1.000000
vn 0.000000 0.000000 -1.000000
vn 0.000000 0.000000 -1.000000
vn 0.000000 0.000000 1.000000
vn 0.000000 0.000000 1.000000
vn 0.000000 0.000000 1.000000
vn 0.000000 0.000000 1.000000
vn -1.000000 0.000000 0.000000
vn -1.000000 0.000000 0.000000
vn -1.000000 0.000000 0.000000
vn -1.000000 0.000000 0.000000
vn 1.000000 0.000000 0.000000
vn 1.000000 0.000000 0.000000
vn 1.000000 0.000000 0.000000
vn 1.000000 0.000000 0.000000
vn 0.000000 0.000000 -1.000000
vn 0.000000 0.000000 -1.000000
vn 0.000000 0.000000 -1.000000
vn 0.000000 0.000000 -1.000000
vn 0.000000 0.000000 1.000000
vn 0.000000 0.000000 1.000000
vn 0.000000 0.000000 1.000000
vn 0.000000 0.000000 1.000000
vn -1.000000 0.000000 0.000000
vn -1.000000 0.000000 0.000000
vn -1.000000 0.000000 0.000000
vn -1.000000 0.000000 0.000000
vn 1.000000 0.000000 0.000000
vn 1.000000 0.000000 0.000000
vn 1.000000 0.000000 0.000000
vn 1.000000 0.000000 0.000000
vn 0.000000 0.000000 -1.000000
vn 0.000000 0.000000 -1.000000
vn 0.000000 0.000000 -1.000000
vn 0.000000 0.000000 -1.000000
vn 0.000000 0.000000 1.000000
vn 0.000000 0.000000 1.000000
vn 0.000000 0.000000 1.000000
vn 0.000000 0.000000 1.000000
vn -1.000000 0.000000 0.000000
vn -1.000000 0.000000 0.000000
vn -1.000000 0.000000 0.000000
vn -1.000000 0.000000 0.000000
vn 1.000000 0.000000 0.000000
vn 1.000000 0.000000 0.000000
vn 1.000000 0.000000 0.000000
vn 1.000000 0.000000 0.000000
vn 0.000000 0.000000 -1.000000
vn 0.000000 0.000000 -1.000000
vn 0.000000 0.000000 -1.000000
vn 0.000000 0.000000 -1.000000
vn 0.000000 0.000000 1.000000
vn 0.000000 0.000000 1.000000
vn 0.000000 0.000000 1.000000
vn 0.000000 0.000000 1.000000
vn -1.000000 0.000000 0.000000
vn -1.000000 0.000000 0.000000
vn -1.000000 0.000000 0.000000
vn -1.000000 0.000000 0.000000
vn 1.000000 0.000000 0.000000
vn 1.000000 0.000000 0.000000
vn 1.000000 0.000000 0.000000
vn 1.000000 0.000000 0.000000
vn 0.000000 0.000000 -1.000000
vn 0.000000 0.000000 -1.000000
vn 0.000000 0.000000 -1.000000
vn 0.000000 0.000000 -1.000000
vn 0.000000 0.000000 1.000000
vn 0.000000 0.000000 1.000000
vn 0.000000 0.000000 1.000000
vn 0.000000 0.000000 1.000000
vn -1.000000 0.000000 0.000000
vn -1.000000 0.000000 0.000000
vn -1.000000 0.000000 0.000000
vn -1.000000 0.000000 0.000000
vn 1.000000 0.000000 0.000000
vn 1.000000 0.000000 0.000000
vn 1.000000 0.000000 0.000000
vn 1.000000 0.000000 0.000000
vn 0.000000 0.000000 -1.000000
vn 0.000000 0.000000 -1.000000
vn 0.000000 0.000000 -1.000000
vn 0.000000 0.000000 -1.000000
vn 0.000000 0.000000 1.000000
vn 0.000000 0.000000 1.000000
vn 0.000000 0.000000 1.000000
vn 0.000000 0.000000 1.000000
vn -1.000000 0.000000 0.000000
vn -1.000000 0.000000 0.000000
vn -1.000000 0.000000 0.000000
vn -1.000000 0.000000 0.000000
vn 1.000000 0.000000 0.000000
vn 1.000000 0.000000 0.000000
vn 1.000000 0.000000 0.000000
vn 1.000000 0.000000 0.000000
vn 0.000000 0.000000 -1.000000
vn 0.000000 0.000000 -1.000000
vn 0.000000 0.000000 -1.000000
vn 0.000000 0.000000 -1.000000
vn 0.000000 0.000000 1.000000
vn 0.000000 0.000000 1.000000
vn 0.000000 0.000000 1.000000
vn 0.000000 0.000000 1.000000
vn -1.000000 0.000000 0.000000
vn -1.000000 0.000000 0.000000
vn -1.000000 0.000000 0.000000
vn -1.000000 0.000000 0.000000
vn 1.000000 0.000000 0.000000
vn 1.000000 0.000000 0.000000
vn 1.000000 0.000000 0.000000
vn 1.000000 0.000000 0.000000
vn 0.000000 0.000000 -1.000000
vn 0.000000 0.000000 -1.000000
vn 0.000000 0.000000 -1.000000
vn 0.000000 0.000000 -1.000000
vn 0.000000 0.000000 1.000000
vn 0.000000 0.000000 1.000000
vn 0.000000 0.000000 1.000000
vn 0.000000 0.000000 1.000000
vn -1.000000 0.000000 0.000000
vn -1.000000 0.000000 0.000000
vn -1.000000 0.000000 0.000000
vn -1.000000 0.000000 0.000000
vn 1.000000 0.000000 0.000000
vn 1.000000 0.000000 0.000000
vn 1.000000 0.000000 0.000000
vn 1.000000 0.000000 0.000000
vn 0.000000 0.000000 -1.000000
vn 0.000000 0.000000 -1.000000
vn 0.000000 0.000000 -1.000000
vn 0.000000 0.000000 -1.000000
vn 1.000000 0.000000 0.000000
vn 1.000000 0.000000 0.000000
vn 1.000000 0.000000 0.000000
vn 1.000000 0.000000 0.000000
vn 0.000000 0.000000 1.000000
vn 0.000000 0.000000 1.000000
vn 0.000000 0.000000 1.000000
vn 0.000000 0.000000 1.000000
vn -1.000000 0.000000 0.000000
vn -1.000000 0.000000 0.000000
vn -1.000000 0.000000 0.000000
vn -1.000000 0.000000 0.000000
vn 1.000000 0.000000 0.000000
vn 1.000000 0.000000 0.000000
vn 1.000000 0.000000 0.000000
vn 1.000000 0.000000 0.000000
vn 0.000000 0.000000 1.000000
vn 0.000000 0.000000 1.000000
vn 0.000000 0.000000 1.000000
vn 0.000000 0.000000 1.000000
vn 0.000000 0.000000 -1.000000
vn 0.000000 0.000000 -1.000000
vn 0.000000 0.000000 -1.000000
vn 0.000000 0.000000 -1.000000
vn 0.000000 0.000000 -1.000000
vn 0.000000 0.000000 -1.000000
vn 0.000000 0.000000 -1.000000
vn 0.000000 0.000000 -1.000000
vn 0.000000 0.000000 1.000000
vn 0.000000 0.000000 1.000000
vn 0.000000 0.000000 1.000000
vn 0.000000 0.000000 1.000000
vn -1.000000 0.000000 0.000000
vn -1.000000 0.000000 0.000000
vn -1.000000 0.000000 0.000000
vn -1.000000 0.000000 0.000000
vn 1.000000 0.000000 0.000000
vn 1.000000 0.000000 0.000000
vn 1.000000 0.000000 0.000000
vn 1.000000 0.000000 0.000000
vn 0.000000 0.000000 -1.000000
vn 0.000000 0.000000 -1.000000
vn 0.000000 0.000000 -1.000000
vn 0.000000 0.000000 -1.000000
vn 0.000000 0.000000 1.000000
vn 0.000000 0.000000 1.000000
vn 0.000000 0.000000 1.000000
vn 0.000000 0.000000 1.000000
vn -1.000000 0.000000 0.000000
vn -1.000000 0.000000 0.000000
vn -1.000000 0.000000 0.000000
vn -1.000000 0.000000 0.000000
vn 1.000000 0.000000 0.000000
vn 1.000000 0.000000 0.000000
vn 1.000000 0.000000 0.000000
vn 1.000000 0.000000 0.000000
vn 0.000000 0.000000 -1.000000
vn 0.000000 0.000000 -1.000000
vn 0.000000 0.000000 -1.000000
vn 0.000000 0.000000 -1.000000
vn 0.000000 0.000000 1.000000
vn 0.000000 0.000000 1.000000
vn 0.000000 0.000000 1.000000
vn 0.000000 0.000000 1.000000
vn -1.000000 0.000000 0.000000
vn -1.000000 0.000000 0.000000
vn -1.000000 0.000000 0.000000
vn -1.000000 0.000000 0.000000
vn 1.000000 0.000000 0.000000
vn 1.000000 0.000000 0.000000
vn 1.000000 0.000000 0.000000
vn 1.000000 0.000000 0.000000
vn 0.000000 0.000000 -1.000000
vn 0.000000 0.000000 -1.000000
vn 0.000000 0.000000 -1.000000
vn 0.000000 0.000000 -1.000000
vn 0.000000 0.000000 1.000000
vn 0.000000 0.000000 1.000000
vn 0.000000 0.000000 1.000000
vn 0.000000 0.000000 1.000000
vn -1.000000 0.000000 0.000000
vn -1.000000 0.000000 0.000000
vn -1.000000 0.000000 0.000000
vn -1.000000 0.000000 0.000000
vn 1.000000 0.000000 0.000000
vn 1.000000 0.000000 0.000000
vn 1.000000 0.000000 0.000000
vn 1.000000 0.000000 0.000000
vn 0.000000 0.000000 -1.000000
vn 0.000000 0.000000 -1.000000
vn 0.000000 0.000000 -1.000000
vn 0.000000 0.000000 -1.000000
vn 0.000000 0.000000 1.000000
vn 0.000000 0.000000 1.000000
vn 0.000000 0.000000 1.000000
vn 0.000000 0.000000 1.000000
vn -1.000000 0.000000 0.000000
vn -1.000000 0.000000 0.000000
vn -1.000000 0.000000 0.000000
vn -1.000000 0.000000 0.000000
vn 1.000000 0.000000 0.000000
vn 1.000000 0.000000 0.000000
vn 1.000000 0.000000 0.000000
vn 1.000000 0.000000 0.000000
vn 0.000000 0.000000 -1.000000
vn 0.000000 0.000000 -1.000000
vn 0.000000 0.000000 -1.000000
vn 0.000000 0.000000 -1.000000
vn 0.000000 0.000000 1.000000
vn 0.000000 0.000000 1.000000
vn 0.000000 0.000000 1.000000
vn 0.000000 0.000000 1.000000
vn -1.000000 0.000000 0.000000
vn -1.000000 0.000000 0.000000
vn -1.000000 0.000000 0.000000
vn -1.000000 0.000000 0.000000
vn 1.000000 0.000000 0.000000
vn 1.000000 0.000000 0.000000
vn 1.000000 0.000000 0.000000
vn 1.000000 0.000000 0.000000
vn 0.000000 0.000000 -1.000000
vn 0.000000 0.000000 -1.000000
vn 0.000000 0.000000 -1.000000
vn 0.000000 0.000000 -1.000000
vn 0.000000 0.000000 1.000000
vn 0.000000 0.000000 1.000000
vn 0.000000 0.000000 1.000000
vn 0.000000 0.000000 1.000000
vn -1.000000 0.000000 0.000000
vn -1.000000 0.000000 0.000000
vn -1.000000 0.000000 0.000000
vn -1.000000 0.000000 0.000000
vn 1.000000 0.000000 0.000000
vn 1.000000 0.000000 0.000000
vn 1.000000 0.000000 0.000000
vn 1.000000 0.000000 0.000000
vn 0.000000 0.000000 -1.000000
vn 0.000000 0.000000 -1.000000
vn 0.000000 0.000000 -1.000000
vn 0.000000 0.000000 -1.000000
vn 0.000000 0.000000 1.000000
vn 0.000000 0.000000 1.000000
vn 0.000000 0.000000 1.000000
vn 0.000000 0.000000 1.000000
vn -1.000000 0.000000 0.000000
vn -1.000000 0.000000 0.000000
vn -1.000000 0.000000 0.000000
vn -1.000000 0.000000 0.000000
vn 1.000000 0.000000 0.000000
vn 1.000000 0.000000 0.000000
vn 1.000000 0.000000 0.000000
vn 1.000000 0.000000 0.000000
vn 0.000000 0.000000 -1.000000
vn 0.000000 0.000000 -1.000000
vn 0.000000 0.000000 -1.000000
vn 0.000000 0.000000 -1.000000
vn 1.000000 0.000000 0.000000
vn 1.000000 0.000000 0.000000
vn 1.000000 0.000000 0.000000
vn 1.000000 0.000000 0.000000
vn 0.000000 0.000000 1.000000
vn 0.000000 0.000000 1.000000
vn 0.000000 0.000000 1.000000
vn 0.000000 0.000000 1.000000
vn -1.000000 0.000000 0.000000
vn -1.000000 0.000000 0.000000
vn -1.000000 0.000000 0.000000
vn -1.000000 0.000000 0.000000
vn 1.000000 0.000000 0.000000
vn 1.000000 0.000000 0.000000
vn 1.000000 0.000000 0.000000
vn 1.000000 0.000000 0.000000
vn 0.000000 0.000000 1.000000
vn 0.000000 0.000000 1.000000
vn 0.000000 0.000000 1.000000
vn 0.000000 0.000000 1.000000
vn 0.000000 0.000000 -1.000000
vn 0.000000 0.000000 -1.000000
vn 0.000000 0.000000 -1.000000
vn 0.000000 0.000000 -1.000000
vn 0.000000 0.000000 -1.000000
vn 0.000000 0.000000 -1.000000
vn 0.000000 0.000000 -1.000000
vn 0.000000 0.000000 -1.000000
vn 0.000000 0.000000 1.000000
vn 0.000000 0.000000 1.000000
vn 0.000000 0.000000 1.000000
vn 0.000000 0.000000 1.000000
vn -1.000000 0.000000 0.000000
vn -1.000000 0.000000 0.000000
vn -1.000000 0.000000 0.000000
vn -1.000000 0.000000 0.000000
vn 1.000000 0.000000 0.000000
vn 1.000000 0.000000 0.000000
vn 1.000000 0.000000 0.000000
vn 1.000000 0.000000 0.000000
vn 0.000000 0.000000 -1.000000
vn 0.000000 0.000000 -1.000000
vn 0.000000 0.000000 -1.000000
vn 0.000000 0.000000 -1.000000
vn 0.000000 0.000000 1.000000
vn 0.000000 0.000000 1.000000
vn 0.000000 0.000000 1.000000
vn 0.000000 0.000000 1.000000
vn -1.000000 0.000000 0.000000
vn -1.000000 0.000000 0.000000
vn -1.000000 0.000000 0.000000
vn -1.000000 0.000000 0.000000
vn 1.000000 0.000000 0.000000
vn 1.000000 0.000000 0.000000
vn 1.000000 0.000000 0.000000
vn 1.000000 0.000000 0.000000
vn 0.000000 0.000000 -1.000000
vn 0.000000 0.000000 -1.000000
vn 0.000000 0.000000 -1.000000
vn 0.000000 0.000000 -1.000000
vn 0.000000 0.000000 1.000000
vn 0.000000 0.000000 1.000000
vn 0.000000 0.000000 1.000000
vn 0.000000 0.000000 1.000000
vn -1.000000 0.000000 0.000000
vn -1.000000 0.000000 0.000000
vn -1.000000 0.000000 0.000000
vn -1.000000 0.000000 0.000000
vn 1.000000 0.000000 0.000000
vn 1.000000 0.000000 0.000000
vn 1.000000 0.000000 0.000000
vn 1.000000 0.000000 0.000000
vn 0.000000 0.000000 -1.000000
vn 0.000000 0.000000 -1.000000
vn 0.000000 0.000000 -1.000000
vn 0.000000 0.000000 -1.000000
vn 0.000000 0.000000 1.000000
vn 0.000000 0.000000 1.000000
vn 0.000000 0.000000 1.000000
vn 0.000000 0.000000 1.000000
vn -1.000000 0.000000 0.000000
vn -1.000000 0.000000 0.000000
vn -1.000000 0.000000 0.000000
vn -1.000000 0.000000 0.000000
vn 1.000000 0.000000 0.000000
vn 1.000000 0.000000 0.000000
vn 1.000000 0.000000 0.000000
vn 1.000000 0.000000 0.000000
vn 0.000000 0.000000 -1.000000
vn 0.000000 0.000000 -1.000000
vn 0.000000 0.000000 -1.000000
vn 0.000000 0.000000 -1.000000
vn 0.000000 0.000000 1.000000
vn 0.000000 0.000000 1.000000
vn 0.000000 0.000000 1.000000
vn 0.000000 0.000000 1.000000
vn -1.000000 0.000000 0.000000
vn -1.000000 0.000000 0.000000
vn -1.000000 0.000000 0.000000
vn -1.000000 0.000000 0.000000
vn 1.000000 0.000000 0.000000
vn 1.000000 0.000000 0.000000
vn 1.000000 0.000000 0.000000
vn 1.000000 0.000000 0.000000
vn 0.000000 0.000000 -1.000000
vn 0.000000 0.000000 -1.000000
vn 0.000000 0.000000 -1.000000
vn 0.000000 0.000000 -1.000000
vn 0.000000 0.000000 1.000000
vn 0.000000 0.000000 1.000000
vn 0.000000 0.000000 1.000000
vn 0.000000 0.000000 1.000000
vn -1.000000 0.000000 0.000000
vn -1.000000 0.000000 0.000000
vn -1.000000 0.000000 0.000000
vn -1.000000 0.000000 0.000000
vn 1.000000 0.000000 0.000000
vn 1.000000 0.000000 0.000000
vn 1.000000 0.000000 0.000000
vn 1.000000 0.000000 0.000000
vn 0.000000 0.000000 -1.000000
vn 0.000000 0.000000 -1.000000
vn 0.000000 0.000000 -1.000000
vn 0.000000 0.000000 -1.000000
vn 0.000000 0.000000 1.000000
vn 0.000000 0.000000 1.000000
vn 0.000000 0.000000 1.000000
vn 0.000000 0.000000 1.000000
vn -1.000000 0.000000 0.000000
vn -1.000000 0.000000 0.000000
vn -1.000000 0.000000 0.000000
vn -1.000000 0.000000 0.000000
vn 1.000000 0.000000 0.000000
vn 1.000000 0.000000 0.000000
vn 1.000000 0.000000 0.000000
vn 1.000000 0.000000 0.000000
vn 0.000000 0.000000 -1.000000
vn 0.000000 0.000000 -1.000000
vn 0.000000 0.000000 -1.000000
vn 0.000000 0.000000 -1.000000
vn 0.000000 0.000000 1.000000
vn 0.000000 0.000000 1.000000
vn 0.000000 0.000000 1.000000
vn 0.000000 0.000000 1.000000
vn -1.000000 0.000000 0.000000
vn -1.000000 0.000000 0.000000
vn -1.000000 0.000000 0.000000
vn -1.000000 0.000000 0.000000
vn 1.000000 0.000000 0.000000
vn 1.000000 0.000000 0.000000
vn 1.000000 0.000000 0.000000
vn 1.000000 0.000000 0.000000
vn 0.000000 0.000000 -1.000000
vn 0.000000 0.000000 -1.000000
vn 0.000000 0.000000 -1.000000
vn 0.000000 0.000000 -1.000000
vn 1.000000 0.000000 0.000000
vn 1.000000 0.000000 0.000000
vn 1.000000 0.000000 0.000000
vn 1.000000 0.000000 0.000000
vn 0.000000 0.000000 1.000000
vn 0.000000 0.000000 1.000000
vn 0.000000 0.000000 1.000000
vn 0.000000 0.000000 1.000000
vn -1.000000 0.000000 0.000000
vn -1.000000 0.000000 0.000000
vn -1.000000 0.000000 0.000000
vn -1.000000 0.000000 0.000000
vn 1.000000 0.000000 0.000000
vn 1.000000 0.000000 0.000000
vn 1.000000 0.000000 0.000000
vn 1.000000 0.000000 0.000000
vn 0.000000 0.000000 1.000000
vn 0.000000 0.000000 1.000000
vn 0.000000 0.000000 1.000000
vn 0.000000 0.000000 1.000000
vn 0.000000 0.000000 -1.000000
vn 0.000000 0.000000 -1.000000
vn 0.000000 0.000000 -1.000000
vn 0.000000 0.000000 -1.000000
vn 0.000000 0.000000 -1.000000
vn 0.000000 0.000000 -1.000000
vn 0.000000 0.000000 -1.000000
vn 0.000000 0.000000 -1.000000
vn 0.000000 0.000000 1.000000
vn 0.000000 0.000000 1.000000
vn 0.000000 0.000000 1.000000
vn 0.000000 0.000000 1.000000
vn -1.000000 0.000000 0.000000
vn -1.000000 0.000000 0.000000
vn -1.000000 0.000000 0.000000
vn -1.000000 0.000000 0.000000
vn 1.000000 0.000000 0.000000
vn 1.000000 0.000000 0.000000
vn 1.000000 0.000000 0.000000
vn 1.000000 0.000000 0.000000
vn 0.000000 0.000000 -1.000000
vn 0.000000 0.000000 -1.000000
vn 0.000000 0.000000 -1.000000
vn 0.000000 0.000000 -1.000000
vn 0.000000 0.000000 1.000000
vn 0.000000 0.000000 1.000000
vn 0.000000 0.000000 1.000000
vn 0.000000 0.000000 1.000000
vn -1.000000 0.000000 0.000000
vn -1.000000 0.000000 0.000000
vn -1.000000 0.000000 0.000000
vn -1.000000 0.000000 0.000000
vn 1.000000 0.000000 0.000000
vn 1.000000 0.000000 0.000000
vn 1.000000 0.000000 0.000000
vn 1.000000 0.000000 0.000000
vn 0.000000 0.000000 -1.000000
vn 0.000000 0.000000 -1.000000
vn 0.000000 0.000000 -1.000000
vn 0.000000 0.000000 -1.000000
vn 0.000000 0.000000 1.000000
vn 0.000000 0.000000 1.000000
vn 0.000000 0.000000 1.000000
vn 0.000000 0.000000 1.000000
vn -1.000000 0.000000 0.000000
vn -1.000000 0.000000 0.000000
vn -1.000000 0.000000 0.000000
vn -1.000000 0.000000 0.000000
vn 1.000000 0.000000 0.000000
vn 1.000000 0.000000 0.000000
vn 1.000000 0.000000 0.000000
vn 1.000000 0.000000 0.000000
vn 0.000000 0.000000 -1.000000
vn 0.000000 0.000000 -1.000000
vn 0.000000 0.000000 -1.000000
vn 0.000000 0.000000 -1.000000
vn 0.000000 0.000000 1.000000
vn 0.000000 0.000000 1.000000
vn 0.000000 0.000000 1.000000
vn 0.000000 0.000000 1.000000
vn -1.000000 0.000000 0.000000
vn -1.000000 0.000000 0.000000
vn -1.000000 0.000000 0.000000
vn -1.000000 0.000000 0.000000
vn 1.000000 0.000000 0.000000
vn 1.000000 0.000000 0.000000
vn 1.000000 0.000000 0.000000
vn 1.000000 0.000000 0.000000
vn 0.000000 0.000000 -1.000000
vn 0.000000 0.000000 -1.000000
vn 0.000000 0.000000 -1.000000
vn 0.000000 0.000000 -1.000000
vn 0.000000 0.000000 1.000000
vn 0.000000 0.000000 1.000000
vn 0.000000 0.000000 1.000000
vn 0.000000 0.000000 1.000000
vn -1.000000 0.000000 0.000000
vn -1.000000 0.000000 0.000000
vn -1.000000 0.000000 0.000000
vn -1.000000 0.000000 0.000000
vn 1.000000 0.000000 0.000000
vn 1.000000 0.000000 0.000000
vn 1.000000 0.000000 0.000000
vn 1.000000 0.000000 0.000000
vn 0.000000 0.000000 -1.000000
vn 0.000000 0.000000 -1.000000
vn 0.000000 0.000000 -1.000000
vn 0.000000 0.000000 -1.000000
vn 0.000000 0.000000 1.000000
vn 0.000000 0.000000 1.000000
vn 0.000000 0.000000 1.000000
vn 0.000000 0.000000 1.000000
vn -1.000000 0.000000 0.000000
vn -1.000000 0.000000 0.000000
vn -1.000000 0.000000 0.000000
vn -1.000000 0.000000 0.000000
vn 1.000000 0.000000 0.000000
vn 1.000000 0.000000 0.000000
vn 1.000000 0.000000 0.000000
vn 1.000000 0.000000 0.000000
vn 0.000000 0.000000 -1.000000
vn 0.000000 0.000000 -1.000000
vn 0.000000 0.000000 -1.000000
vn 0.000000 0.000000 -1.000000
vn 0.000000 0.000000 1.000000
vn 0.000000 0.000000 1.000000
vn 0.000000 0.000000 1.000000
vn 0.000000 0.000000 1.000000
vn -1.000000 0.000000 0.000000
vn -1.000000 0.000000 0.000000
vn -1.000000 0.000000 0.000000
vn -1.000000 0.000000 0.000000
vn 1.000000 0.000000 0.000000
vn 1.000000 0.000000 0.000000
vn 1.000000 0.000000 0.000000
vn 1.000000 0.000000 0.000000
vn 0.000000 0.000000 -1.000000
vn 0.000000 0.000000 -1.000000
vn 0.000000 0.000000 -1.000000
vn 0.000000 0.000000 -1.000000
vn 0.000000 0.000000 1.000000
vn 0.000000 0.000000 1.000000
vn 0.000000 0.000000 1.000000
vn 0.000000 0.000000 1.000000
vn -1.000000 0.000000 0.000000
vn -1.000000 0.000000 0.000000
vn -1.000000 0.000000 0.000000
vn -1.000000 0.000000 0.000000
vn 1.000000 0.000000 0.000000
vn 1.000000 0.000000 0.000000
vn 1.000000 0.000000 0.000000
vn 1.000000 0.000000 0.000000
vn 0.000000 0.000000 -1.000000
vn 0.000000 0.000000 -1.000000
vn 0.000000 0.000000 -1.000000
vn 0.000000 0.000000 -1.000000
vn 1.000000 0.000000 0.000000
vn 1.000000 0.000000 0.000000
vn 1.000000 0.000000 0.000000
vn 1.000000 0.000000 0.000000
vn 0.000000 0.000000 1.000000
vn 0.000000 0.000000 1.000000
vn 0.000000 0.000000 1.000000
vn 0.000000 0.000000 1.000000
vn -1.000000 0.000000 0.000000
vn -1.000000 0.000000 0.000000
vn -1.000000 0.000000 0.000000
vn -1.000000 0.000000 0.000000
vn 1.000000 0.000000 0.000000
vn 1.000000 0.000000 0.000000
vn 1.000000 0.000000 0.000000
vn 1.000000 0.000000 0.000000
vn 0.000000 0.000000 1.000000
vn 0.000000 0.000000 1.000000
vn 0.000000 0.000000 1.000000
vn 0.000000 0.000000 1.000000
vn 0.000000 0.000000 -1.000000
vn 0.000000 0.000000 -1.000000
vn 0.000000 0.000000 -1.000000
vn 0.000000 0.000000 -1.000000
vn 0.000000 0.000000 -1.000000
vn 0.000000 0.000000 -1.000000
vn 0.000000 0.000000 -1.000000
vn 0.000000 0.000000 -1.000000
vn 0.000000 0.000000 1.000000
vn 0.000000 0.000000 1.000000
vn 0.000000 0.000000 1.000000
vn 0.000000 0.000000 1.000000
vn -1.000000 0.000000 0.000000
vn -1.000000 0.000000 0.000000
vn -1.000000 0.000000 0.000000
vn -1.000000 0.000000 0.000000
vn 1.000000 0.000000 0.000000
vn 1.000000 0.000000 0.000000
vn 1.000000 0.000000 0.000000
vn 1.000000 0.000000 0.000000
vn 0.000000 0.000000 -1.000000
vn 0.000000 0.000000 -1.000000
vn 0.000000 0.000000 -1.000000
vn 0.000000 0.000000 -1.000000
vn 0.000000 0.000000 1.000000
vn 0.000000 0.000000 1.000000
vn 0.000000 0.000000 1.000000
vn 0.000000 0.000000 1.000000
vn -1.000000 0.000000 0.000000
vn -1.000000 0.000000 0.000000
vn -1.000000 0.000000 0.000000
vn -1.000000 0.000000 0.000000
vn 1.000000 0.000000 0.000000
vn 1.000000 0.000000 0.000000
vn 1.000000 0.000000 0.000000
vn 1.000000 0.000000 0.000000
vn 0.000000 0.000000 -1.000000
vn 0.000000 0.000000 -1.000000
vn 0.000000 0.000000 -1.000000
vn 0.000000 0.000000 -1.000000
vn 0.000000 0.000000 1.000000
vn 0.000000 0.000000 1.000000
vn 0.000000 0.000000 1.000000
vn 0.000000 0.000000 1.000000
vn -1.000000 0.000000 0.000000
vn -1.000000 0.000000 0.000000
vn -1.000000 0.000000 0.000000
vn -1.000000 0.000000 0.000000
vn 1.000000 0.000000 0.000000
vn 1.000000 0.000000 0.000000
vn 1.000000 0.000000 0.000000
vn 1.000000 0.000000 0.000000
vn 0.000000 0.000000 -1.000000
vn 0.000000 0.000000 -1.000000
vn 0.000000 0.000000 -1.000000
vn 0.000000 0.000000 -1.000000
vn 0.000000 0.000000 1.000000
vn 0.000000 0.000000 1.000000
vn 0.000000 0.000000 1.000000
vn 0.000000 0.000000 1.000000
vn -1.000000 0.000000 0.000000
vn -1.000000 0.000000 0.000000
vn -1.000000 0.000000 0.000000
vn -1.000000 0.000000 0.000000
vn 1.000000 0.000000 0.000000
vn 1.000000 0.000000 0.000000
vn 1.000000 0.000000 0.000000
vn 1.000000 0.000000 0.000000
vn 0.000000 0.000000 -1.000000
vn 0.000000 0.000000 -1.000000
vn 0.000000 0.000000 -1.000000
vn 0.000000 0.000000 -1.000000
vn 0.000000 0.000000 1.000000
vn 0.000000 0.000000 1.000000
vn 0.000000 0.000000 1.000000
vn 0.000000 0.000000 1.000000
vn -1.000000 0.000000 0.000000
vn -1.000000 0.000000 0.000000
vn -1.000000 0.000000 0.000000
vn -1.000000 0.000000 0.000000
vn 1.000000 0.000000 0.000000
vn 1.000000 0.000000 0.000000
vn 1.000000 0.000000 0.000000
vn 1.000000 0.000000 0.000000
vn 0.000000 0.000000 -1.000000
vn 0.000000 0.000000 -1.000000
vn 0.000000 0.000000 -1.000000
vn 0.000000 0.000000 -1.000000
vn 0.000000 0.000000 1.000000
vn 0.000000 0.000000 1.000000
vn 0.000000 0.000000 1.000000
vn 0.000000 0.000000 1.000000
vn -1.000000 0.000000 0.000000
vn -1.000000 0.000000 0.000000
vn -1.000000 0.000000 0.000000
vn -1.000000 0.000000 0.000000
vn 1.000000 0.000000 0.000000
vn 1.000000 0.000000 0.000000
vn 1.000000 0.000000 0.000000
vn 1.000000 0.000000 0.000000
vn 0.000000 0.000000 -1.000000
vn 0.000000 0.000000 -1.000000
vn 0.000000 0.000000 -1.000000
vn 0.000000 0.000000 -1.000000
vn 0.000000 0.000000 1.000000
vn 0.000000 0.000000 1.000000
vn 0.000000 0.000000 1.000000
vn 0.000000 0.000000 1.000000
vn -1.000000 0.000000 0.000000
vn -1.000000 0.000000 0.000000
vn -1.000000 0.000000 0.000000
vn -1.000000 0.000000 0.000000
vn 1.000000 0.000000 0.000000
vn 1.000000 0.000000 0.000000
vn 1.000000 0.000000 0.000000
vn 1.000000 0.000000 0.000000
vn 0.000000 0.000000 -1.000000
vn 0.000000 0.000000 -1.000000
vn 0.000000 0.000000 -1.000000
vn 0.000000 0.000000 -1.000000
vn 0.000000 0.000000 1.000000
vn 0.000000 0.000000 1.000000
vn 0.000000 0.000000 1.000000
vn 0.000000 0.000000 1.000000
vn -1.000000 0.000000 0.000000
vn -1.000000 0.000000 0.000000
vn -1.000000 0.000000 0.000000
vn -1.000000 0.000000 0.000000
vn 1.000000 0.000000 0.000000
vn 1.000000 0.000000 0.000000
vn 1.000000 0.000000 0.000000
vn 1.000000 0.000000 0.000000
vn 0.000000 0.000000 -1.000000
vn 0.000000 0.000000 -1.000000
vn 0.000000 0.000000 -1.000000
vn 0.000000 0.000000 -1.000000
vn 1.000000 0.000000 0.000000
vn 1.000000 0.000000 0.000000
vn 1.000000 0.000000 0.000000
vn 1.000000 0.000000 0.000000
vn 0.000000 0.000000 1.000000
vn 0.000000 0.000000 1.000000
vn 0.000000 0.000000 1.000000
vn 0.000000 0.000000 1.000000
vn -1.000000 0.000000 0.000000
vn -1.000000 0.000000 0.000000
vn -1.000000 0.000000 0.000000
vn -1.000000 0.000000 0.000000
vn 0.000000 0.000000 -1.000000
vn 0.000000 0.000000 -1.000000
vn 0.000000 0.000000 -1.000000
vn 0.000000 0.000000 -1.000000
vn 1.000000 0.000000 0.000000
vn 1.000000 0.000000 0.000000
vn 1.000000 0.000000 0.000000
vn 1.000000 0.000000 0.000000
vn 0.000000 0.000000 1.000000
vn 0.000000 0.000000 1.000000
vn 0.000000 0.000000 1.000000
vn 0.000000 0.000000 1.000000
vn 0.000000 0.000000 -1.000000
vn 0.000000 0.000000 -1.000000
vn 0.000000 0.000000 -1.000000
vn 0.000000 0.000000 -1.000000
vn 0.000000 0.000000 -1.000000
vn 0.000000 0.000000 -1.000000
vn 0.000000 0.000000 -1.000000
vn 0.000000 0.000000 -1.000000
vn 0.000000 0.000000 1.000000
vn 0.000000 0.000000 1.000000
vn 0.000000 0.000000 1.000000
vn 0.000000 0.000000 1.000000
vn -1.000000 0.000000 0.000000
vn -1.000000 0.000000 0.000000
vn -1.000000 0.000000 0.000000
vn -1.000000 0.000000 0.000000
vn 0.000000 0.000000 -1.000000
vn 0.000000 0.000000 -1.000000
vn 0.000000 0.000000 -1.000000
vn 0.000000 0.000000 -1.000000
vn 1.000000 0.000000 0.000000
vn 1.000000 0.000000 0.000000
vn 1.000000 0.000000 0.000000
vn 1.000000 0.000000 0.000000
vn 0.000000 0.000000 -1.000000
vn 0.000000 0.000000 -1.000000
vn 0.000000 0.000000 -1.000000
vn 0.000000 0.000000 -1.000000
vn 0.000000 0.000000 1.000000
vn 0.000000 0.000000 1.000000
vn 0.000000 0.000000 1.000000
vn 0.000000 0.000000 1.000000
vn -1.000000 0.000000 0.000000
vn -1.000000 0.000000 0.000000
vn -1.000000 0.000000 0.000000
vn -1.000000 0.000000 0.000000
vn 0.000000 0.000000 -1.000000
vn 0.000000 0.000000 -1.000000
vn 0.000000 0.000000 -1.000000
vn 0.000000 0.000000 -1.000000
vn 1.000000 0.000000 0.000000
vn 1.000000 0.000000 0.000000
vn 1.000000 0.000000 0.000000
vn 1.000000 0.000000 0.000000
vn 0.000000 0.000000 -1.000000
vn 0.000000 0.000000 -1.000000
vn 0.000000 0.000000 -1.000000
vn 0.000000 0.000000 -1.000000
vn 0.000000 0.000000 1.000000
vn 0.000000 0.000000 1.000000
vn 0.000000 0.000000 1.000000
vn 0.000000 0.000000 1.000000
vn -1.000000 0.000000 0.000000
vn -1.000000 0.000000 0.000000
vn -1.000000 0.000000 0.000000
vn -1.000000 0.000000 0.000000
vn 0.000000 0.000000 -1.000000
vn 0.000000 0.000000 -1.000000
vn 0.000000 0.000000 -1.000000
vn 0.000000 0.000000 -1.000000
vn 1.000000 0.000000 0.000000
vn 1.000000 0.000000 0.000000
vn 1.000000 0.000000 0.000000
vn 1.000000 0.000000 0.000000
vn 0.000000 0.000000 -1.000000
vn 0.000000 0.000000 -1.000000
vn 0.000000 0.000000 -1.000000
vn 0.000000 0.000000 -1.000000
vn 0.000000 0.000000 1.000000
vn 0.000000 0.000000 1.000000
vn 0.000000 0.000000 1.000000
vn 0.000000 0.000000 1.000000
vn -1.000000 0.000000 0.000000
vn -1.000000 0.000000 0.000000
vn -1.000000 0.000000 0.000000
vn -1.000000 0.000000 0.000000
vn 0.000000 0.000000 -1.000000
vn 0.000000 0.000000 -1.000000
vn 0.000000 0.000000 -1.000000
vn 0.000000 0.000000 -1.000000
vn 1.000000 0.000000 0.000000
vn 1.000000 0.000000 0.000000
vn 1.000000 0.000000 0.000000
vn 1.000000 0.000000 0.000000
vn 0.000000 0.000000 -1.000000
vn 0.000000 0.000000 -1.000000
vn 0.000000 0.000000 -1.000000
vn 0.000000 0.000000 -1.000000
vn 0.000000 0.000000 1.000000
vn 0.000000 0.000000 1.000000
vn 0.000000 0.000000 1.000000
vn 0.000000 0.000000 1.000000
vn -1.000000 0.000000 0.000000
vn -1.000000 0.000000 0.000000
vn -1.000000 0.000000 0.000000
vn -1.000000 0.000000 0.000000
vn 0.000000 0.000000 -1.000000
vn 0.000000 0.000000 -1.000000
vn 0.000000 0.000000 -1.000000
vn 0.000000 0.000000 -1.000000
vn 1.000000 0.000000 0.000000
vn 1.000000 0.000000 0.000000
vn 1.000000 0.000000 0.000000
vn 1.000000 0.000000 0.000000
vn 0.000000 0.000000 -1.000000
vn 0.000000 0.000000 -1.000000
vn 0.000000 0.000000 -1.000000
vn 0.000000 0.000000 -1.000000
vn 0.000000 0.000000 1.000000
vn 0.000000 0.000000 1.000000
vn 0.000000 0.000000 1.000000
vn 0.000000 0.000000 1.000000
vn -1.000000 0.000000 0.000000
vn -1.000000 0.000000 0.000000
vn -1.000000 0.000000 0.000000
vn -1.000000 0.000000 0.000000
vn 0.000000 0.000000 -1.000000
vn 0.000000 0.000000 -1.000000
vn 0.000000 0.000000 -1.000000
vn 0.000000 0.000000 -1.000000
vn 1.000000 0.000000 0.000000
vn 1.000000 0.000000 0.000000
vn 1.000000 0.000000 0.000000
vn 1.000000 0.000000 0.000000
vn 0.000000 0.000000 -1.000000
vn 0.000000 0.000000 -1.000000
vn 0.000000 0.000000 -1.000000
vn 0.000000 0.000000 -1.000000
vn 0.000000 0.000000 1.000000
vn 0.000000 0.000000 1.000000
vn 0.000000 0.000000 1.000000
vn 0.000000 0.000000 1.000000
vn -1.000000 0.000000 0.000000
vn -1.000000 0.000000 0.000000
vn -1.000000 0.000000 0.000000
vn -1.000000 0.000000 0.000000
vn 0.000000 0.000000 -1.000000
vn 0.000000 0.000000 -1.000000
vn 0.000000 0.000000 -1.000000
vn 0.000000 0.000000 -1.000000
vn 1.000000 0.000000 0.000000
vn 1.000000 0.000000 0.000000
vn 1.000000 0.000000 0.000000
vn 1.000000 0.000000 0.000000
vn 0.000000 0.000000 -1.000000
vn 0.000000 0.000000 -1.000000
vn 0.000000 0.000000 -1.000000
vn 0.000000 0.000000 -1.000000
vn 0.000000 0.000000 1.000000
vn 0.000000 0.000000 1.000000
vn 0.000000 0.000000 1.000000
vn 0.000000 0.000000 1.000000
vn -1.000000 0.000000 0.000000
vn -1.000000 0.000000 0.000000
vn -1.000000 0.000000 0.000000
vn -1.000000 0.000000 0.000000
vn 0.000000 0.000000 -1.000000
vn 0.000000 0.000000 -1.000000
vn 0.000000 0.000000 -1.000000
vn 0.000000 0.000000 -1.000000
vn 1.000000 0.000000 0.000000
vn 1.000000 0.000000 0.000000
vn 1.000000 0.000000 0.000000
vn 1.000000 0.000000 0.000000
vn 0.000000 0.000000 -1.000000
vn 0.000000 0.000000 -1.000000
vn 0.000000 0.000000 -1.000000
vn 0.000000 0.000000 -1.000000
vn 1.000000 0.000000 0.000000
vn 1.000000 0.000000 0.000000
vn 1.000000 0.000000 0.000000
vn 1.000000 0.000000 0.000000
vn 0.000000 0.000000 1.000000
vn 0.000000 0.000000 1.000000
vn 0.000000 0.000000 1.000000
vn 0.000000 0.000000 1.000000
vn 0.000000 0.000000 1.000000
vn 0.000000 0.000000 1.000000
vn 0.000000 0.000000 1.000000
vn 0.000000 0.000000 1.000000
vn 0.000000 0.000000 -1.000000
vn 0.000000 0.000000 -1.000000
vn 0.000000 0.000000 -1.000000
vn 0.000000 0.000000 -1.000000
vn 0.000000 0.000000 1.000000
vn 0.000000 0.000000 1.000000
vn 0.000000 0.000000 1.000000
vn 0.000000 0.000000 1.000000
vn 0.000000 0.000000 -1.000000
vn 0.000000 0.000000 -1.000000
vn 0.000000 0.000000 -1.000000
vn 0.000000 0.000000 -1.000000
vn 0.000000 0.000000 1.000000
vn 0.000000 0.000000 1.000000
vn 0.000000 0.000000 1.000000
vn 0.000000 0.000000 1.000000
vn 0.000000 0.000000 -1.000000
vn 0.000000 0.000000 -1.000000
vn 0.000000 0.000000 -1.000000
vn 0.000000 0.000000 -1.000000
vn 0.000000 0.000000 1.000000
vn 0.000000 0.000000 1.000000
vn 0.000000 0.000000 1.000000
vn 0.000000 0.000000 1.000000
vn 0.000000 0.000000 -1.000000
vn 0.000000 0.000000 -1.000000
vn 0.000000 0.000000 -1.000000
vn 0.000000 0.000000 -1.000000
vn 0.000000 0.000000 1.000000
vn 0.000000 0.000000 1.000000
vn 0.000000 0.000000 1.000000
vn 0.000000 0.000000 1.000000
vn 0.000000 0.000000 -1.000000
vn 0.000000 0.000000 -1.000000
vn 0.000000 0.000000 -1.000000
vn 0.000000 0.000000 -1.000000
vn 0.000000 0.000000 1.000000
vn 0.000000 0.000000 1.000000
vn 0.000000 0.000000 1.000000
vn 0.000000 0.000000 1.000000
vn 0.000000 0.000000 -1.000000
vn 0.000000 0.000000 -1.000000
vn 0.000000 0.000000 -1.000000
vn 0.000000 0.000000 -1.000000
vn 0.000000 0.000000 1.000000
vn 0.000000 0.000000 1.000000
vn 0.000000 0.000000 1.000000
vn 0.000000 0.000000 1.000000
vn 0.000000 0.000000 -1.000000
vn 0.000000 0.000000 -1.000000
vn 0.000000 0.000000 -1.000000
vn 0.000000 0.000000 -1.000000
vn 0.000000 0.000000 1.000000
vn 0.000000 0.000000 1.000000
vn 0.000000 0.000000 1.000000
vn 0.000000 0.000000 1.000000
vn 0.000000 0.000000 -1.000000
vn 0.000000 0.000000 -1.000000
vn 0.000000 0.000000 -1.000000
vn 0.000000 0.000000 -1.000000
vn 0.000000 0.000000 1.000000
vn 0.000000 0.000000 1.000000
vn 0.000000 0.000000 1.000000
vn 0.000000 0.000000 1.000000
vn 0.000000 0.000000 -1.000000
vn 0.000000 0.000000 -1.000000
vn 0.000000 0.000000 -1.000000
vn 0.000000 0.000000 -1.000000
vn 1.000000 0.000000 0.000000
vn 1.000000 0.000000 0.000000
vn 1.000000 0.000000 0.000000
vn 1.000000 0.000000 0.000000
vn 0.000000 0.000000 1.000000
vn 0.000000 0.000000 1.000000
vn 0.000000 0.000000 1.000000
vn 0.000000 0.000000 1.000000
vn 0.000000 0.000000 -1.000000
vn 0.000000 0.000000 -1.000000
vn 0.000000 0.000000 -1.000000
vn 0.000000 0.000000 -1.000000
vn 1.000000 0.000000 0.000000
vn 1.000000 0.000000 0.000000
vn 1.000000 0.000000 0.000000
vn 1.000000 0.000000 0.000000
vn 0.000000 0.000000 1.000000
vn 0.000000 0.000000 1.000000
vn 0.000000 0.000000 1.000000
vn 0.000000 0.000000 1.000000
vn -1.000000 0.000000 0.000000
vn -1.000000 0.000000 0.000000
vn -1.000000 0.000000 0.000000
vn -1.000000 0.000000 0.000000
vn 1.000000 0.000000 0.000000
vn 1.000000 0.000000 0.000000
vn 1.000000 0.000000 0.000000
vn 1.000000 0.000000 0.000000
vn 0.000000 0.000000 1.000000
vn 0.000000 0.000000 1.000000
vn 0.000000 0.000000 1.000000
vn 0.000000 0.000000 1.000000
vn -1.000000 0.000000 0.000000
vn -1.000000 0.000000 0.000000
vn -1.000000 0.000000 0.000000
vn -1.000000 0.000000 0.000000
vn 1.000000 0.000000 0.000000
vn 1.000000 0.000000 0.000000
vn 1.000000 0.000000 0.000000
vn 1.000000 0.000000 0.000000
vn 0.000000 0.000000 1.000000
vn 0.000000 0.000000 1.000000
vn 0.000000 0.000000 1.000000
vn 0.000000 0.000000 1.000000
vn -1.000000 0.000000 0.000000
vn -1.000000 0.000000 0.000000
vn -1.000000 0.000000 0.000000
vn -1.000000 0.000000 0.000000
vn 1.000000 0.000000 0.000000
vn 1.000000 0.000000 0.000000
vn 1.000000 0.000000 0.000000
vn 1.000000 0.000000 0.000000
vn 0.000000 0.000000 1.000000
vn 0.000000 0.000000 1.000000
vn 0.000000 0.000000 1.000000
vn 0.000000 0.000000 1.000000
vn -1.000000 0.000000 0.000000
vn -1.000000 0.000000 0.000000
vn -1.000000 0.000000 0.000000
vn -1.000000 0.000000 0.000000
vn 1.000000 0.000000 0.000000
vn 1.000000 0.000000 0.000000
vn 1.000000 0.000000 0.000000
vn 1.000000 0.000000 0.000000
vn 0.000000 0.000000 1.000000
vn 0.000000 0.000000 1.000000
vn 0.000000 0.000000 1.000000
vn 0.000000 0.000000 1.000000
vn -1.000000 0.000000 0.000000
vn -1.000000 0.000000 0.000000
vn -1.000000 0.000000 0.000000
vn -1.000000 0.000000 0.000000
vn 1.000000 0.000000 0.000000
vn 1.000000 0.000000 0.000000
vn 1.000000 0.000000 0.000000
vn 1.000000 0.000000 0.000000
vn 0.000000 0.000000 1.000000
vn 0.000000 0.000000 1.000000
vn 0.000000 0.000000 1.000000
vn 0.000000 0.000000 1.000000
vn -1.000000 0.000000 0.000000
vn -1.000000 0.000000 0.000000
vn -1.000000 0.000000 0.000000
vn -1.000000 0.000000 0.000000
vn 1.000000 0.000000 0.000000
vn 1.000000 0.000000 0.000000
vn 1.000000 0.000000 0.000000
vn 1.000000 0.000000 0.000000
vn 0.000000 0.000000 1.000000
vn 0.000000 0.000000 1.000000
vn 0.000000 0.000000 1.000000
vn 0.000000 0.000000 1.000000
vn -1.000000 0.000000 0.000000
vn -1.000000 0.000000 0.000000
vn -1.000000 0.000000 0.000000
vn -1.000000 0.000000 0.000000
vn 1.000000 0.000000 0.000000
vn 1.000000 0.000000 0.000000
vn 1.000000 0.000000 0.000000
vn 1.000000 0.000000 0.000000
vn 0.000000 0.000000 1.000000
vn 0.000000 0.000000 1.000000
vn 0.000000 0.000000 1.000000
vn 0.000000 0.000000 1.000000
vn -1.000000 0.000000 0.000000
vn -1.000000 0.000000 0.000000
vn -1.000000 0.000000 0.000000
vn -1.000000 0.000000 0.000000
vn 1.000000 0.000000 0.000000
vn 1.000000 0.000000 0.000000
vn 1.000000 0.000000 0.000000
vn 1.000000 0.000000 0.000000
vn 0.000000 0.000000 1.000000
vn 0.000000 0.000000 1.000000
vn 0.000000 0.000000 1.000000
vn 0.000000 0.000000 1.000000
vn -1.000000 0.000000 0.000000
vn -1.000000 0.000000 0.000000
vn -1.000000 0.000000 0.000000
vn -1.000000 0.000000 0.000000
vn -1.000000 0.000000 0.000000
vn -1.000000 0.000000 0.000000
vn -1.000000 0.000000 0.000000
vn -1.000000 0.000000 0.000000
vn 1.000000 0.000000 0.000000
vn 1.000000 0.000000 0.000000
vn 1.000000 0.000000 0.000000
vn 1.000000 0.000000 0.000000
vn -1.000000 0.000000 0.000000
vn -1.000000 0.000000 0.000000
vn -1.000000 0.000000 0.000000
vn -1.000000 0.000000 0.000000
vn 1.000000 0.000000 0.000000
vn 1.000000 0.000000 0.000000
vn 1.000000 0.000000 0.000000
vn 1.000000 0.000000 0.000000
vn -1.000000 0.000000 0.000000
vn -1.000000 0.000000 0.000000
vn -1.000000 0.000000 0.000000
vn -1.000000 0.000000 0.000000
vn 1.000000 0.000000 0.000000
vn 1.000000 0.000000 0.000000
vn 1.000000 0.000000 0.000000
vn 1.000000 0.000000 0.000000
vn -1.000000 0.000000 0.000000
vn -1.000000 0.000000 0.000000
vn -1.000000 0.000000 0.000000
vn -1.000000 0.000000 0.000000
vn 1.000000 0.000000 0.000000
vn 1.000000 0.000000 0.000000
vn 1.000000 0.000000 0.000000
vn 1.000000 0.000000 0.000000
vn -1.000000 0.000000 0.000000
vn -1.000000 0.000000 0.000000
vn -1.000000 0.000000 0.000000
vn -1.000000 0.000000 0.000000
vn 1.000000 0.000000 0.000000
vn 1.000000 0.000000 0.000000
vn 1.000000 0.000000 0.000000
vn 1.000000 0.000000 0.000000
vn -1.000000 0.000000 0.000000
vn -1.000000 0.000000 0.000000
vn -1.000000 0.000000 0.000000
vn -1.000000 0.000000 0.000000
vn 1.000000 0.000000 0.000000
vn 1.000000 0.000000 0.000000
vn 1.000000 0.000000 0.000000
vn 1.000000 0.000000 0.000000
vn -1.000000 0.000000 0.000000
vn -1.000000 0.000000 0.000000
vn -1.000000 0.000000 0.000000
vn -1.000000 0.000000 0.000000
vn 1.000000 0.000000 0.000000
vn 1.000000 0.000000 0.000000
vn 1.000000 0.000000 0.000000
vn 1.000000 0.000000 0.000000
vn -1.000000 0.000000 0.000000
vn -1.000000 0.000000 0.000000
vn -1.000000 0.000000 0.000000
vn -1.000000 0.000000 0.000000
vn 1.000000 0.000000 0.000000
vn 1.000000 0.000000 0.000000
vn 1.000000 0.000000 0.000000
vn 1.000000 0.000000 0.000000
vn -1.000000 0.000000 0.000000
vn -1.000000 0.000000 0.000000
vn -1.000000 0.000000 0.000000
vn -1.000000 0.000000 0.000000
vn 1.000000 0.000000 0.000000
vn 1.000000 0.000000 0.000000
vn 1.000000 0.000000 0.000000
vn 1.000000 0.000000 0.000000
vn -1.000000 0.000000 0.000000
vn -1.000000 0.000000 0.000000
vn -1.000000 0.000000 0.000000
vn -1.000000 0.000000 0.000000
vn 0.000000 0.000000 -1.000000
vn 0.000000 0.000000 -1.000000
vn 0.000000 0.000000 -1.000000
vn 0.000000 0.000000 -1.000000
vn 1.000000 0.000000 0.000000
vn 1.000000 0.000000 0.000000
vn 1.000000 0.000000 0.000000
vn 1.000000 0.000000 0.000000
vn 0.000000 0.000000 1.000000
vn 0.000000 0.000000 1.000000
vn 0.000000 0.000000 1.000000
vn 0.000000 0.000000 1.000000
vn -1.000000 0.000000 0.000000
vn -1.000000 0.000000 0.000000
vn -1.000000 0.000000 0.000000
vn -1.000000 0.000000 0.000000
vn 1.000000 0.000000 0.000000
vn 1.000000 0.000000 0.000000
vn 1.000000 0.000000 0.000000
vn 1.000000 0.000000 0.000000
vn 0.000000 0.000000 1.000000
vn 0.000000 0.000000 1.000000
vn 0.000000 0.000000 1.000000
vn 0.000000 0.000000 1.000000
vn -1.000000 0.000000 0.000000
vn -1.000000 0.000000 0.000000
vn -1.000000 0.000000 0.000000
vn -1.000000 0.000000 0.000000
vn 0.000000 0.000000 -1.000000
vn 0.000000 0.000000 -1.000000
vn 0.000000 0.000000 -1.000000
vn 0.000000 0.000000 -1.000000
vn 0.000000 0.000000 1.000000
vn 0.000000 0.000000 1.000000
vn 0.000000 0.000000 1.000000
vn 0.000000 0.000000 1.000000
vn -1.000000 0.000000 0.000000
vn -1.000000 0.000000 0.000000
vn -1.000000 0.000000 0.000000
vn -1.000000 0.000000 0.000000
vn 0.000000 0.000000 -1.000000
vn 0.000000 0.000000 -1.000000
vn 0.000000 0.000000 -1.000000
vn 0.000000 0.000000 -1.000000
vn 0.000000 0.000000 1.000000
vn 0.000000 0.000000 1.000000
vn 0.000000 0.000000 1.000000
vn 0.000000 0.000000 1.000000
vn -1.000000 0.000000 0.000000
vn -1.000000 0.000000 0.000000
vn -1.000000 0.000000 0.000000
vn -1.000000 0.000000 0.000000
vn 0.000000 0.000000 -1.000000
vn 0.000000 0.000000 -1.000000
vn 0.000000 0.000000 -1.000000
vn 0.000000 0.000000 -1.000000
vn 0.000000 0.000000 1.000000
vn 0.000000 0.000000 1.000000
vn 0.000000 0.000000 1.000000
vn 0.000000 0.000000 1.000000
vn -1.000000 0.000000 0.000000
vn -1.000000 0.000000 0.000000
vn -1.000000 0.000000 0.000000
vn -1.000000 0.000000 0.000000
vn 0.000000 0.000000 -1.000000
vn 0.000000 0.000000 -1.000000
vn 0.000000 0.000000 -1.000000
vn 0.000000 0.000000 -1.000000
vn 0.000000 0.000000 1.000000
vn 0.000000 0.000000 1.000000
vn 0.000000 0.000000 1.000000
vn 0.000000 0.000000 1.000000
vn -1.000000 0.000000 0.000000
vn -1.000000 0.000000 0.000000
vn -1.000000 0.000000 0.000000
vn -1.000000 0.000000 0.000000
vn 0.000000 0.000000 -1.000000
vn 0.000000 0.000000 -1.000000
vn 0.000000 0.000000 -1.000000
vn 0.000000 0.000000 -1.000000
vn 0.000000 0.000000 1.000000
vn 0.000000 0.000000 1.000000
vn 0.000000 0.000000 1.000000
vn 0.000000 0.000000 1.000000
vn -1.000000 0.000000 0.000000
vn -1.000000 0.000000 0.000000
vn -1.000000 0.000000 0.000000
vn -1.000000 0.000000 0.000000
vn 0.000000 0.000000 -1.000000
vn 0.000000 0.000000 -1.000000
vn 0.000000 0.000000 -1.000000
vn 0.000000 0.000000 -1.000000
vn 0.000000 0.000000 1.000000
vn 0.000000 0.000000 1.000000
vn 0.000000 0.000000 1.000000
vn 0.000000 0.000000 1.000000
vn -1.000000 0.000000 0.000000
vn -1.000000 0.000000 0.000000
vn -1.000000 0.000000 0.000000
vn -1.000000 0.000000 0.000000
vn 0.000000 0.000000 -1.000000
vn 0.000000 0.000000 -1.000000
vn 0.000000 0.000000 -1.000000
vn 0.000000 0.000000 -1.000000
vn 0.000000 0.000000 1.000000
vn 0.000000 0.000000 1.000000
vn 0.000000 0.000000 1.000000
vn 0.000000 0.000000 1.000000
vn -1.000000 0.000000 0.000000
vn -1.000000 0.000000 0.000000
vn -1.000000 0.000000 0.000000
vn -1.000000 0.000000 0.000000
vn 0.000000 0.000000 -1.000000
vn 0.000000 0.000000 -1.000000
vn 0.000000 0.000000 -1.000000
vn 0.000000 0.000000 -1.000000
vn 0.000000 0.000000 1.000000
vn 0.000000 0.000000 1.000000
vn 0.000000 0.000000 1.000000
vn 0.000000 0.000000 1.000000
vn -1.000000 0.000000 0.000000
vn -1.000000 0.000000 0.000000
vn -1.000000 0.000000 0.000000
vn -1.000000 0.000000 0.000000
vn 0.000000 0.000000 -1.000000
vn 0.000000 0.000000 -1.000000
vn 0.000000 0.000000 -1.000000
vn 0.000000 0.000000 -1.000000
vn 0.000000 0.000000 1.000000
vn 0.000000 0.000000 1.000000
vn 0.000000 0.000000 1.000000
vn 0.000000 0.000000 1.000000
vn -1.000000 0.000000 0.000000
vn -1.000000 0.000000 0.000000
vn -1.000000 0.000000 0.000000
vn -1.000000 0.000000 0.000000
vn 0.000000 0.000000 -1.000000
vn 0.000000 0.000000 -1.000000
vn 0.000000 0.000000 -1.000000
vn 0.000000 0.000000 -1.000000
s off
g ceiling
usemtl initialShadingGroup
f 521/1041/1 522/1042/2 523/1043/3 524/1044/4
f 525/2081/5 521/2082/6 524/2083/7 526/2084/8
f 526/1/9 524/2/10 523/3/11 527/4/12
f 527/2085/13 523/2086/14 522/2087/15 528/2088/16
f 528/5/17 522/6/18 521/7/19 525/8/20
f 529/1045/21 530/1046/22 531/1047/23 532/1048/24
f 533/1049/25 534/1050/26 535/1051/27 536/1052/28
f 537/1053/29 538/1054/30 539/1055/31 540/1056/32
f 541/1057/33 542/1058/34 543/1059/35 544/1060/36
f 545/9/37 541/10/38 544/11/39 546/12/40
f 546/2089/41 544/2090/42 543/2091/43 547/2092/44
f 547/13/45 543/14/46 542/15/47 548/16/48
f 548/2093/49 542/2094/50 541/2095/51 545/2096/52
f 549/1061/53 550/1062/54 551/1063/55 552/1064/56
f 553/1065/57 554/1066/58 555/1067/59 556/1068/60
f 557/1069/61 558/1070/62 559/1071/63 560/1072/64
f 561/1073/65 562/1074/66 563/1075/67 564/1076/68
f 565/17/69 561/18/70 564/19/71 566/20/72
f 566/2097/73 564/2098/74 563/2099/75 567/2100/76
f 567/21/77 563/22/78 562/23/79 568/24/80
f 568/2101/81 562/2102/82 561/2103/83 565/2104/84
f 569/1077/85 570/1078/86 571/1079/87 572/1080/88
f 573/1081/89 574/1082/90 575/1083/91 576/1084/92
f 577/1085/93 578/1086/94 579/1087/95 580/1088/96
f 581/1089/97 582/1090/98 583/1091/99 584/1092/100
f 585/1093/101 586/1094/102 587/1095/103 588/1096/104
f 589/1097/105 590/1098/106 591/1099/107 592/1100/108
f 593/1101/109 594/1102/110 595/1103/111 596/1104/112
f 597/1105/113 598/1106/114 599/1107/115 600/1108/116
f 601/1109/117 602/1110/118 603/1111/119 604/1112/120
f 605/1113/121 606/1114/122 607/1115/123 608/1116/124
f 609/1117/125 610/1118/126 611/1119/127 612/1120/128
f 613/1121/129 614/1122/130 615/1123/131 616/1124/132
f 617/1125/133 618/1126/134 619/1127/135 620/1128/136
f 621/1129/137 622/1130/138 623/1131/139 624/1132/140
f 625/1133/141 626/1134/142 627/1135/143 628/1136/144
f 629/1137/145 630/1138/146 631/1139/147 632/1140/148
f 633/1141/149 634/1142/150 635/1143/151 636/1144/152
f 637/1145/153 638/1146/154 639/1147/155 640/1148/156
f 641/1149/157 642/1150/158 643/1151/159 644/1152/160
f 645/1153/161 646/1154/162 647/1155/163 648/1156/164
f 649/1157/165 650/1158/166 651/1159/167 652/1160/168
f 653/1161/169 654/1162/170 655/1163/171 656/1164/172
f 657/1165/173 658/1166/174 659/1167/175 660/1168/176
f 661/1169/177 662/1170/178 663/1171/179 664/1172/180
f 665/1173/181 666/1174/182 667/1175/183 668/1176/184
f 669/1177/185 670/1178/186 671/1179/187 672/1180/188
f 673/1181/189 674/1182/190 675/1183/191 676/1184/192
f 677/1185/193 678/1186/194 679/1187/195 680/1188/196
f 681/1189/197 682/1190/198 683/1191/199 684/1192/200
f 685/1193/201 686/1194/202 687/1195/203 688/1196/204
f 689/1197/205 690/1198/206 691/1199/207 692/1200/208
f 693/1201/209 694/1202/210 695/1203/211 696/1204/212
f 697/2105/213 693/2106/214 696/2107/215 698/2108/216
f 698/25/217 696/26/218 695/27/219 699/28/220
f 699/2109/221 695/2110/222 694/2111/223 700/2112/224
f 700/29/225 694/30/226 693/31/227 697/32/228
f 701/1205/229 702/1206/230 703/1207/231 704/1208/232
f 705/1209/233 706/1210/234 707/1211/235 708/1212/236
f 709/1213/237 710/1214/238 711/1215/239 712/1216/240
f 713/1217/241 714/1218/242 715/1219/243 716/1220/244
f 717/2113/245 713/2114/246 716/2115/247 718/2116/248
f 718/33/249 716/34/250 715/35/251 719/36/252
f 719/2117/253 715/2118/254 714/2119/255 720/2120/256
f 720/37/257 714/38/258 713/39/259 717/40/260
f 721/1221/261 722/1222/262 723/1223/263 724/1224/264
f 725/1225/265 726/1226/266 727/1227/267 728/1228/268
f 729/1229/269 730/1230/270 731/1231/271 732/1232/272
f 733/1233/273 734/1234/274 735/1235/275 736/1236/276
f 737/2121/277 733/2122/278 736/2123/279 738/2124/280
f 738/41/281 736/42/282 735/43/283 739/44/284
f 739/2125/285 735/2126/286 734/2127/287 740/2128/288
f 740/45/289 734/46/290 733/47/291 737/48/292
f 741/1237/293 742/1238/294 743/1239/295 744/1240/296
f 745/1241/297 746/1242/298 747/1243/299 748/1244/300
f 749/1245/301 750/1246/302 751/1247/303 752/1248/304
f 753/1249/305 754/1250/306 755/1251/307 756/1252/308
f 757/1253/309 758/1254/310 759/1255/311 760/1256/312
f 761/1257/313 762/1258/314 763/1259/315 764/1260/316
f 765/1261/317 766/1262/318 767/1263/319 768/1264/320
f 769/1265/321 770/1266/322 771/1267/323 772/1268/324
f 773/1269/325 774/1270/326 775/1271/327 776/1272/328
f 777/1273/329 778/1274/330 779/1275/331 780/1276/332
f 781/1277/333 782/1278/334 783/1279/335 784/1280/336
f 785/1281/337 786/1282/338 787/1283/339 788/1284/340
f 789/1285/341 790/1286/342 791/1287/343 792/1288/344
f 793/1289/345 794/1290/346 795/1291/347 796/1292/348
f 797/1293/349 798/1294/350 799/1295/351 800/1296/352
f 801/1297/353 802/1298/354 803/1299/355 804/1300/356
f 805/1301/357 806/1302/358 807/1303/359 808/1304/360
f 809/1305/361 810/1306/362 811/1307/363 812/1308/364
f 813/1309/365 814/1310/366 815/1311/367 816/1312/368
f 817/1313/369 818/1314/370 819/1315/371 820/1316/372
f 821/1317/373 822/1318/374 823/1319/375 824/1320/376
f 825/1321/377 826/1322/378 827/1323/379 828/1324/380
f 829/1325/381 830/1326/382 831/1327/383 832/1328/384
f 833/1329/385 834/1330/386 835/1331/387 836/1332/388
f 837/1333/389 838/1334/390 839/1335/391 840/1336/392
f 841/1337/393 842/1338/394 843/1339/395 844/1340/396
f 845/1341/397 846/1342/398 847/1343/399 848/1344/400
f 849/1345/401 850/1346/402 851/1347/403 852/1348/404
f 853/1349/405 854/1350/406 855/1351/407 856/1352/408
f 857/1353/409 858/1354/410 859/1355/411 860/1356/412
f 861/1357/413 862/1358/414 863/1359/415 864/1360/416
f 865/1361/417 866/1362/418 867/1363/419 868/1364/420
f 869/2129/421 865/2130/422 868/2131/423 870/2132/424
f 870/49/425 868/50/426 867/51/427 871/52/428
f 871/2133/429 867/2134/430 866/2135/431 872/2136/432
f 872/53/433 866/54/434 865/55/435 869/56/436
f 873/1365/437 874/1366/438 875/1367/439 876/1368/440
f 877/1369/441 878/1370/442 879/1371/443 880/1372/444
f 881/1373/445 882/1374/446 883/1375/447 884/1376/448
f 885/1377/449 886/1378/450 887/1379/451 888/1380/452
f 889/2137/453 885/2138/454 888/2139/455 890/2140/456
f 890/57/457 888/58/458 887/59/459 891/60/460
f 891/2141/461 887/2142/462 886/2143/463 892/2144/464
f 892/61/465 886/62/466 885/63/467 889/64/468
f 893/1381/469 894/1382/470 895/1383/471 896/1384/472
f 897/1385/473 898/1386/474 899/1387/475 900/1388/476
f 901/1389/477 902/1390/478 903/1391/479 904/1392/480
f 905/1393/481 906/1394/482 907/1395/483 908/1396/484
f 909/2145/485 905/2146/486 908/2147/487 910/2148/488
f 910/65/489 908/66/490 907/67/491 911/68/492
f 911/2149/493 907/2150/494 906/2151/495 912/2152/496
f 912/69/497 906/70/498 905/71/499 909/72/500
f 913/1397/501 914/1398/502 915/1399/503 916/1400/504
f 917/1401/505 918/1402/506 919/1403/507 920/1404/508
f 921/1405/509 922/1406/510 923/1407/511 924/1408/512
f 925/1409/513 926/1410/514 927/1411/515 928/1412/516
f 929/1413/517 930/1414/518 931/1415/519 932/1416/520
f 933/1417/521 934/1418/522 935/1419/523 936/1420/524
f 937/1421/525 938/1422/526 939/1423/527 940/1424/528
f 941/1425/529 942/1426/530 943/1427/531 944/1428/532
f 945/1429/533 946/1430/534 947/1431/535 948/1432/536
f 949/1433/537 950/1434/538 951/1435/539 952/1436/540
f 953/1437/541 954/1438/542 955/1439/543 956/1440/544
f 957/1441/545 958/1442/546 959/1443/547 960/1444/548
f 961/1445/549 962/1446/550 963/1447/551 964/1448/552
f 965/1449/553 966/1450/554 967/1451/555 968/1452/556
f 969/1453/557 970/1454/558 971/1455/559 972/1456/560
f 973/1457/561 974/1458/562 975/1459/563 976/1460/564
f 977/1461/565 978/1462/566 979/1463/567 980/1464/568
f 981/1465/569 982/1466/570 983/1467/571 984/1468/572
f 985/1469/573 986/1470/574 987/1471/575 988/1472/576
f 989/1473/577 990/1474/578 991/1475/579 992/1476/580
f 993/1477/581 994/1478/582 995/1479/583 996/1480/584
f 997/1481/585 998/1482/586 999/1483/587 1000/1484/588
f 1001/1485/589 1002/1486/590 1003/1487/591 1004/1488/592
f 1005/1489/593 1006/1490/594 1007/1491/595 1008/1492/596
f 1009/1493/597 1010/1494/598 1011/1495/599 1012/1496/600
f 1013/1497/601 1014/1498/602 1015/1499/603 1016/1500/604
f 1017/1501/605 1018/1502/606 1019/1503/607 1020/1504/608
f 1021/1505/609 1022/1506/610 1023/1507/611 1024/1508/612
f 1025/1509/613 1026/1510/614 1027/1511/615 1028/1512/616
f 1029/1513/617 1030/1514/618 1031/1515/619 1032/1516/620
f 1033/1517/621 1034/1518/622 1035/1519/623 1036/1520/624
f 1037/1521/625 1038/1522/626 1039/1523/627 1040/1524/628
f 5/1525/629 6/1526/630 7/1527/631 8/1528/632
f 1/2153/633 2/2154/634 6/2155/635 5/2156/636
f 2/73/637 3/74/638 7/75/639 6/76/640
f 3/2157/641 4/2158/642 8/2159/643 7/2160/644
f 4/77/645 1/78/646 5/79/647 8/80/648
f 10/1529/649 9/1530/650 11/1531/651 12/1532/652
f 14/1533/653 13/1534/654 15/1535/655 16/1536/656
f 18/1537/657 17/1538/658 19/1539/659 20/1540/660
f 26/1541/661 25/1542/662 27/1543/663 28/1544/664
f 22/81/665 21/82/666 25/83/667 26/84/668
f 21/2161/669 23/2162/670 27/2163/671 25/2164/672
f 23/85/673 24/86/674 28/87/675 27/88/676
f 24/2165/677 22/2166/678 26/2167/679 28/2168/680
f 30/1545/681 29/1546/682 31/1547/683 32/1548/684
f 34/1549/685 33/1550/686 35/1551/687 36/1552/688
f 38/1553/689 37/1554/690 39/1555/691 40/1556/692
f 46/1557/693 45/1558/694 47/1559/695 48/1560/696
f 42/89/697 41/90/698 45/91/699 46/92/700
f 41/2169/701 43/2170/702 47/2171/703 45/2172/704
f 43/93/705 44/94/706 48/95/707 47/96/708
f 44/2173/709 42/2174/710 46/2175/711 48/2176/712
f 51/1561/713 50/1562/714 49/1563/715 52/1564/716
f 54/1565/717 53/1566/718 55/1567/719 56/1568/720
f 57/1569/721 58/1570/722 60/1571/723 59/1572/724
f 61/1573/725 62/1574/726 64/1575/727 63/1576/728
f 65/1577/729 66/1578/730 68/1579/731 67/1580/732
f 69/1581/733 70/1582/734 72/1583/735 71/1584/736
f 73/1585/737 74/1586/738 76/1587/739 75/1588/740
f 77/1589/741 78/1590/742 80/1591/743 79/1592/744
f 81/1593/745 82/1594/746 84/1595/747 83/1596/748
f 85/1597/749 86/1598/750 88/1599/751 87/1600/752
f 89/1601/753 90/1602/754 92/1603/755 91/1604/756
f 94/1605/757 93/1606/758 95/1607/759 96/1608/760
f 97/1609/761 98/1610/762 100/1611/763 99/1612/764
f 101/1613/765 102/1614/766 104/1615/767 103/1616/768
f 105/1617/769 106/1618/770 108/1619/771 107/1620/772
f 109/1621/773 110/1622/774 112/1623/775 111/1624/776
f 113/1625/777 114/1626/778 116/1627/779 115/1628/780
f 117/1629/781 118/1630/782 120/1631/783 119/1632/784
f 121/1633/785 122/1634/786 124/1635/787 123/1636/788
f 125/1637/789 126/1638/790 128/1639/791 127/1640/792
f 129/1641/793 130/1642/794 132/1643/795 131/1644/796
f 134/1645/797 133/1646/798 135/1647/799 136/1648/800
f 137/1649/801 138/1650/802 140/1651/803 139/1652/804
f 141/1653/805 142/1654/806 144/1655/807 143/1656/808
f 145/1657/809 146/1658/810 148/1659/811 147/1660/812
f 149/1661/813 150/1662/814 152/1663/815 151/1664/816
f 153/1665/817 154/1666/818 156/1667/819 155/1668/820
f 157/1669/821 158/1670/822 160/1671/823 159/1672/824
f 161/1673/825 162/1674/826 164/1675/827 163/1676/828
f 165/1677/829 166/1678/830 168/1679/831 167/1680/832
f 169/1681/833 170/1682/834 172/1683/835 171/1684/836
f 178/1685/837 177/1686/838 179/1687/839 180/1688/840
f 174/2177/841 173/2178/842 177/2179/843 178/2180/844
f 173/97/845 175/98/846 179/99/847 177/100/848
f 175/2181/849 176/2182/850 180/2183/851 179/2184/852
f 176/101/853 174/102/854 178/103/855 180/104/856
f 181/1689/857 182/1690/858 184/1691/859 183/1692/860
f 185/1693/861 186/1694/862 188/1695/863 187/1696/864
f 189/1697/865 190/1698/866 192/1699/867 191/1700/868
f 198/1701/869 197/1702/870 199/1703/871 200/1704/872
f 193/2185/873 194/2186/874 197/2187/875 198/2188/876
f 194/105/877 196/106/878 199/107/879 197/108/880
f 196/2189/881 195/2190/882 200/2191/883 199/2192/884
f 195/109/885 193/110/886 198/111/887 200/112/888
f 201/1705/889 202/1706/890 204/1707/891 203/1708/892
f 205/1709/893 206/1710/894 208/1711/895 207/1712/896
f 209/1713/897 210/1714/898 212/1715/899 211/1716/900
f 218/1717/901 217/1718/902 219/1719/903 220/1720/904
f 213/2193/905 214/2194/906 217/2195/907 218/2196/908
f 214/113/909 216/114/910 219/115/911 217/116/912
f 216/2197/913 215/2198/914 220/2199/915 219/2200/916
f 215/117/917 213/118/918 218/119/919 220/120/920
f 221/1721/921 222/1722/922 224/1723/923 223/1724/924
f 226/1725/925 225/1726/926 227/1727/927 228/1728/928
f 229/1729/929 230/1730/930 232/1731/931 231/1732/932
f 233/1733/933 234/1734/934 236/1735/935 235/1736/936
f 237/1737/937 238/1738/938 240/1739/939 239/1740/940
f 241/1741/941 242/1742/942 244/1743/943 243/1744/944
f 245/1745/945 246/1746/946 248/1747/947 247/1748/948
f 249/1749/949 250/1750/950 252/1751/951 251/1752/952
f 253/1753/953 254/1754/954 256/1755/955 255/1756/956
f 257/1757/957 258/1758/958 260/1759/959 259/1760/960
f 261/1761/961 262/1762/962 264/1763/963 263/1764/964
f 266/1765/965 265/1766/966 267/1767/967 268/1768/968
f 269/1769/969 270/1770/970 272/1771/971 271/1772/972
f 273/1773/973 274/1774/974 276/1775/975 275/1776/976
f 277/1777/977 278/1778/978 280/1779/979 279/1780/980
f 281/1781/981 282/1782/982 284/1783/983 283/1784/984
f 285/1785/985 286/1786/986 288/1787/987 287/1788/988
f 289/1789/989 290/1790/990 292/1791/991 291/1792/992
f 293/1793/993 294/1794/994 296/1795/995 295/1796/996
f 297/1797/997 298/1798/998 300/1799/999 299/1800/1000
f 301/1801/1001 302/1802/1002 304/1803/1003 303/1804/1004
f 306/1805/1005 305/1806/1006 307/1807/1007 308/1808/1008
f 309/1809/1009 310/1810/1010 312/1811/1011 311/1812/1012
f 313/1813/1013 314/1814/1014 316/1815/1015 315/1816/1016
f 317/1817/1017 318/1818/1018 320/1819/1019 319/1820/1020
f 321/1821/1021 322/1822/1022 324/1823/1023 323/1824/1024
f 325/1825/1025 326/1826/1026 328/1827/1027 327/1828/1028
f 329/1829/1029 330/1830/1030 332/1831/1031 331/1832/1032
f 333/1833/1033 334/1834/1034 336/1835/1035 335/1836/1036
f 337/1837/1037 338/1838/1038 340/1839/1039 339/1840/1040
f 341/1841/1041 342/1842/1042 344/1843/1043 343/1844/1044
f 350/1845/1045 349/1846/1046 351/1847/1047 352/1848/1048
f 346/2201/1049 345/2202/1050 349/2203/1051 350/2204/1052
f 345/121/1053 347/122/1054 351/123/1055 349/124/1056
f 347/2205/1057 348/2206/1058 352/2207/1059 351/2208/1060
f 348/125/1061 346/126/1062 350/127/1063 352/128/1064
f 353/1849/1065 354/1850/1066 356/1851/1067 355/1852/1068
f 357/1853/1069 358/1854/1070 360/1855/1071 359/1856/1072
f 361/1857/1073 362/1858/1074 364/1859/1075 363/1860/1076
f 370/1861/1077 369/1862/1078 371/1863/1079 372/1864/1080
f 365/2209/1081 366/2210/1082 369/2211/1083 370/2212/1084
f 366/129/1085 368/130/1086 371/131/1087 369/132/1088
f 368/2213/1089 367/2214/1090 372/2215/1091 371/2216/1092
f 367/133/1093 365/134/1094 370/135/1095 372/136/1096
f 373/1865/1097 374/1866/1098 376/1867/1099 375/1868/1100
f 377/1869/1101 378/1870/1102 380/1871/1103 379/1872/1104
f 381/1873/1105 382/1874/1106 384/1875/1107 383/1876/1108
f 390/1877/1109 389/1878/1110 391/1879/1111 392/1880/1112
f 385/2217/1113 386/2218/1114 389/2219/1115 390/2220/1116
f 386/137/1117 388/138/1118 391/139/1119 389/140/1120
f 388/2221/1121 387/2222/1122 392/2223/1123 391/2224/1124
f 387/141/1125 385/142/1126 390/143/1127 392/144/1128
f 393/1881/1129 394/1882/1130 396/1883/1131 395/1884/1132
f 399/1885/1133 398/1886/1134 400/1887/1135 397/1888/1136
f 401/1889/1137 402/1890/1138 404/1891/1139 403/1892/1140
f 405/1893/1141 406/1894/1142 408/1895/1143 407/1896/1144
f 409/1897/1145 410/1898/1146 412/1899/1147 411/1900/1148
f 413/1901/1149 414/1902/1150 416/1903/1151 415/1904/1152
f 417/1905/1153 418/1906/1154 420/1907/1155 419/1908/1156
f 421/1909/1157 422/1910/1158 424/1911/1159 423/1912/1160
f 425/1913/1161 426/1914/1162 428/1915/1163 427/1916/1164
f 429/1917/1165 430/1918/1166 432/1919/1167 431/1920/1168
f 434/1921/1169 435/1922/1170 433/1923/1171 436/1924/1172
f 438/1925/1173 437/1926/1174 439/1927/1175 440/1928/1176
f 442/1929/1177 441/1930/1178 443/1931/1179 444/1932/1180
f 446/1933/1181 445/1934/1182 447/1935/1183 448/1936/1184
f 450/1937/1185 449/1938/1186 451/1939/1187 452/1940/1188
f 454/1941/1189 453/1942/1190 455/1943/1191 456/1944/1192
f 458/1945/1193 457/1946/1194 459/1947/1195 460/1948/1196
f 462/1949/1197 461/1950/1198 463/1951/1199 464/1952/1200
f 466/1953/1201 465/1954/1202 467/1955/1203 468/1956/1204
f 470/1957/1205 469/1958/1206 471/1959/1207 472/1960/1208
f 474/1961/1209 473/1962/1210 475/1963/1211 476/1964/1212
f 477/1965/1213 478/1966/1214 480/1967/1215 479/1968/1216
f 481/1969/1217 482/1970/1218 484/1971/1219 483/1972/1220
f 485/1973/1221 486/1974/1222 488/1975/1223 487/1976/1224
f 489/1977/1225 490/1978/1226 492/1979/1227 491/1980/1228
f 493/1981/1229 494/1982/1230 496/1983/1231 495/1984/1232
f 497/1985/1233 498/1986/1234 500/1987/1235 499/1988/1236
f 501/1989/1237 502/1990/1238 504/1991/1239 503/1992/1240
f 505/1993/1241 506/1994/1242 508/1995/1243 507/1996/1244
f 509/1997/1245 510/1998/1246 512/1999/1247 511/2000/1248
f 513/2001/1249 514/2002/1250 516/2003/1251 515/2004/1252
f 518/2005/1253 517/2006/1254 519/2007/1255 520/2008/1256
s 1
f 2/2009/1257 1/2010/1258 525/2011/1259 526/2012/1260
f 3/2015/1261 2/2009/1257 526/2012/1260 527/2016/1262
f 4/2013/1263 3/2015/1261 527/2016/1262 528/2014/1264
f 1/2010/1258 4/2013/1263 528/2014/1264 525/2011/1259
s off
f 10/2225/1265 12/2226/1266 530/2227/1267 529/2228/1268
f 12/145/1269 11/146/1270 531/147/1271 530/148/1272
f 11/2229/1273 9/2230/1274 532/2231/1275 531/2232/1276
f 9/149/1277 10/150/1278 529/151/1279 532/152/1280
f 14/2233/1281 16/2234/1282 534/2235/1283 533/2236/1284
f 16/153/1285 15/154/1286 535/155/1287 534/156/1288
f 15/2237/1289 13/2238/1290 536/2239/1291 535/2240/1292
f 13/157/1293 14/158/1294 533/159/1295 536/160/1296
f 18/2241/1297 20/2242/1298 538/2243/1299 537/2244/1300
f 20/161/1301 19/162/1302 539/163/1303 538/164/1304
f 19/2245/1305 17/2246/1306 540/2247/1307 539/2248/1308
f 17/165/1309 18/166/1310 537/167/1311 540/168/1312
s 2
f 21/2017/1313 22/2018/1314 545/2019/1315 546/2020/1316
f 23/2023/1317 21/2017/1313 546/2020/1316 547/2024/1318
f 24/2021/1319 23/2023/1317 547/2024/1318 548/2022/1320
f 22/2018/1314 24/2021/1319 548/2022/1320 545/2019/1315
s off
f 30/2249/1321 32/2250/1322 550/2251/1323 549/2252/1324
f 32/169/1325 31/170/1326 551/171/1327 550/172/1328
f 31/2253/1329 29/2254/1330 552/2255/1331 551/2256/1332
f 29/173/1333 30/174/1334 549/175/1335 552/176/1336
f 34/2257/1337 36/2258/1338 554/2259/1339 553/2260/1340
f 36/177/1341 35/178/1342 555/179/1343 554/180/1344
f 35/2261/1345 33/2262/1346 556/2263/1347 555/2264/1348
f 33/181/1349 34/182/1350 553/183/1351 556/184/1352
f 38/2265/1353 40/2266/1354 558/2267/1355 557/2268/1356
f 40/185/1357 39/186/1358 559/187/1359 558/188/1360
f 39/2269/1361 37/2270/1362 560/2271/1363 559/2272/1364
f 37/189/1365 38/190/1366 557/191/1367 560/192/1368
s 3
f 41/2025/1369 42/2026/1370 565/2027/1371 566/2028/1372
f 43/2031/1373 41/2025/1369 566/2028/1372 567/2032/1374
f 44/2029/1375 43/2031/1373 567/2032/1374 568/2030/1376
f 42/2026/1370 44/2029/1375 568/2030/1376 565/2027/1371
s off
f 51/2273/1377 52/2274/1378 570/2275/1379 569/2276/1380
f 52/193/1381 49/194/1382 571/195/1383 570/196/1384
f 49/2277/1385 50/2278/1386 572/2279/1387 571/2280/1388
f 50/197/1389 51/198/1390 569/199/1391 572/200/1392
f 54/201/1393 56/202/1394 574/203/1395 573/204/1396
f 56/2281/1397 55/2282/1398 575/2283/1399 574/2284/1400
f 55/205/1401 53/206/1402 576/207/1403 575/208/1404
f 53/2285/1405 54/2286/1406 573/2287/1407 576/2288/1408
f 57/209/1409 59/210/1410 578/211/1411 577/212/1412
f 59/2289/1413 60/2290/1414 579/2291/1415 578/2292/1416
f 60/213/1417 58/214/1418 580/215/1419 579/216/1420
f 58/2293/1421 57/2294/1422 577/2295/1423 580/2296/1424
f 61/217/1425 63/218/1426 582/219/1427 581/220/1428
f 63/2297/1429 64/2298/1430 583/2299/1431 582/2300/1432
f 64/221/1433 62/222/1434 584/223/1435 583/224/1436
f 62/2301/1437 61/2302/1438 581/2303/1439 584/2304/1440
f 65/225/1441 67/226/1442 586/227/1443 585/228/1444
f 67/2305/1445 68/2306/1446 587/2307/1447 586/2308/1448
f 68/229/1449 66/230/1450 588/231/1451 587/232/1452
f 66/2309/1453 65/2310/1454 585/2311/1455 588/2312/1456
f 69/233/1457 71/234/1458 590/235/1459 589/236/1460
f 71/2313/1461 72/2314/1462 591/2315/1463 590/2316/1464
f 72/237/1465 70/238/1466 592/239/1467 591/240/1468
f 70/2317/1469 69/2318/1470 589/2319/1471 592/2320/1472
f 73/241/1473 75/242/1474 594/243/1475 593/244/1476
f 75/2321/1477 76/2322/1478 595/2323/1479 594/2324/1480
f 76/245/1481 74/246/1482 596/247/1483 595/248/1484
f 74/2325/1485 73/2326/1486 593/2327/1487 596/2328/1488
f 77/249/1489 79/250/1490 598/251/1491 597/252/1492
f 79/2329/1493 80/2330/1494 599/2331/1495 598/2332/1496
f 80/253/1497 78/254/1498 600/255/1499 599/256/1500
f 78/2333/1501 77/2334/1502 597/2335/1503 600/2336/1504
f 81/257/1505 83/258/1506 602/259/1507 601/260/1508
f 83/2337/1509 84/2338/1510 603/2339/1511 602/2340/1512
f 84/261/1513 82/262/1514 604/263/1515 603/264/1516
f 82/2341/1517 81/2342/1518 601/2343/1519 604/2344/1520
f 85/265/1521 87/266/1522 606/267/1523 605/268/1524
f 87/2345/1525 88/2346/1526 607/2347/1527 606/2348/1528
f 88/269/1529 86/270/1530 608/271/1531 607/272/1532
f 86/2349/1533 85/2350/1534 605/2351/1535 608/2352/1536
f 89/273/1537 91/274/1538 610/275/1539 609/276/1540
f 91/2353/1541 92/2354/1542 611/2355/1543 610/2356/1544
f 92/277/1545 90/278/1546 612/279/1547 611/280/1548
f 90/2357/1549 89/2358/1550 609/2359/1551 612/2360/1552
f 94/281/1553 96/282/1554 614/283/1555 613/284/1556
f 96/2361/1557 95/2362/1558 615/2363/1559 614/2364/1560
f 95/285/1561 93/286/1562 616/287/1563 615/288/1564
f 93/2365/1565 94/2366/1566 613/2367/1567 616/2368/1568
f 97/289/1569 99/290/1570 618/291/1571 617/292/1572
f 99/2369/1573 100/2370/1574 619/2371/1575 618/2372/1576
f 100/293/1577 98/294/1578 620/295/1579 619/296/1580
f 98/2373/1581 97/2374/1582 617/2375/1583 620/2376/1584
f 101/297/1585 103/298/1586 622/299/1587 621/300/1588
f 103/2377/1589 104/2378/1590 623/2379/1591 622/2380/1592
f 104/301/1593 102/302/1594 624/303/1595 623/304/1596
f 102/2381/1597 101/2382/1598 621/2383/1599 624/2384/1600
f 105/305/1601 107/306/1602 626/307/1603 625/308/1604
f 107/2385/1605 108/2386/1606 627/2387/1607 626/2388/1608
f 108/309/1609 106/310/1610 628/311/1611 627/312/1612
f 106/2389/1613 105/2390/1614 625/2391/1615 628/2392/1616
f 109/313/1617 111/314/1618 630/315/1619 629/316/1620
f 111/2393/1621 112/2394/1622 631/2395/1623 630/2396/1624
f 112/317/1625 110/318/1626 632/319/1627 631/320/1628
f 110/2397/1629 109/2398/1630 629/2399/1631 632/2400/1632
f 113/321/1633 115/322/1634 634/323/1635 633/324/1636
f 115/2401/1637 116/2402/1638 635/2403/1639 634/2404/1640
f 116/325/1641 114/326/1642 636/327/1643 635/328/1644
f 114/2405/1645 113/2406/1646 633/2407/1647 636/2408/1648
f 117/329/1649 119/330/1650 638/331/1651 637/332/1652
f 119/2409/1653 120/2410/1654 639/2411/1655 638/2412/1656
f 120/333/1657 118/334/1658 640/335/1659 639/336/1660
f 118/2413/1661 117/2414/1662 637/2415/1663 640/2416/1664
f 121/337/1665 123/338/1666 642/339/1667 641/340/1668
f 123/2417/1669 124/2418/1670 643/2419/1671 642/2420/1672
f 124/341/1673 122/342/1674 644/343/1675 643/344/1676
f 122/2421/1677 121/2422/1678 641/2423/1679 644/2424/1680
f 125/345/1681 127/346/1682 646/347/1683 645/348/1684
f 127/2425/1685 128/2426/1686 647/2427/1687 646/2428/1688
f 128/349/1689 126/350/1690 648/351/1691 647/352/1692
f 126/2429/1693 125/2430/1694 645/2431/1695 648/2432/1696
f 129/353/1697 131/354/1698 650/355/1699 649/356/1700
f 131/2433/1701 132/2434/1702 651/2435/1703 650/2436/1704
f 132/357/1705 130/358/1706 652/359/1707 651/360/1708
f 130/2437/1709 129/2438/1710 649/2439/1711 652/2440/1712
f 134/361/1713 136/362/1714 654/363/1715 653/364/1716
f 136/2441/1717 135/2442/1718 655/2443/1719 654/2444/1720
f 135/365/1721 133/366/1722 656/367/1723 655/368/1724
f 133/2445/1725 134/2446/1726 653/2447/1727 656/2448/1728
f 137/369/1729 139/370/1730 658/371/1731 657/372/1732
f 139/2449/1733 140/2450/1734 659/2451/1735 658/2452/1736
f 140/373/1737 138/374/1738 660/375/1739 659/376/1740
f 138/2453/1741 137/2454/1742 657/2455/1743 660/2456/1744
f 141/377/1745 143/378/1746 662/379/1747 661/380/1748
f 143/2457/1749 144/2458/1750 663/2459/1751 662/2460/1752
f 144/381/1753 142/382/1754 664/383/1755 663/384/1756
f 142/2461/1757 141/2462/1758 661/2463/1759 664/2464/1760
f 145/385/1761 147/386/1762 666/387/1763 665/388/1764
f 147/2465/1765 148/2466/1766 667/2467/1767 666/2468/1768
f 148/389/1769 146/390/1770 668/391/1771 667/392/1772
f 146/2469/1773 145/2470/1774 665/2471/1775 668/2472/1776
f 149/393/1777 151/394/1778 670/395/1779 669/396/1780
f 151/2473/1781 152/2474/1782 671/2475/1783 670/2476/1784
f 152/397/1785 150/398/1786 672/399/1787 671/400/1788
f 150/2477/1789 149/2478/1790 669/2479/1791 672/2480/1792
f 153/401/1793 155/402/1794 674/403/1795 673/404/1796
f 155/2481/1797 156/2482/1798 675/2483/1799 674/2484/1800
f 156/405/1801 154/406/1802 676/407/1803 675/408/1804
f 154/2485/1805 153/2486/1806 673/2487/1807 676/2488/1808
f 157/409/1809 159/410/1810 678/411/1811 677/412/1812
f 159/2489/1813 160/2490/1814 679/2491/1815 678/2492/1816
f 160/413/1817 158/414/1818 680/415/1819 679/416/1820
f 158/2493/1821 157/2494/1822 677/2495/1823 680/2496/1824
f 161/417/1825 163/418/1826 682/419/1827 681/420/1828
f 163/2497/1829 164/2498/1830 683/2499/1831 682/2500/1832
f 164/421/1833 162/422/1834 684/423/1835 683/424/1836
f 162/2501/1837 161/2502/1838 681/2503/1839 684/2504/1840
f 165/425/1841 167/426/1842 686/427/1843 685/428/1844
f 167/2505/1845 168/2506/1846 687/2507/1847 686/2508/1848
f 168/429/1849 166/430/1850 688/431/1851 687/432/1852
f 166/2509/1853 165/2510/1854 685/2511/1855 688/2512/1856
f 169/433/1857 171/434/1858 690/435/1859 689/436/1860
f 171/2513/1861 172/2514/1862 691/2515/1863 690/2516/1864
f 172/437/1865 170/438/1866 692/439/1867 691/440/1868
f 170/2517/1869 169/2518/1870 689/2519/1871 692/2520/1872
s 4
f 173/2033/1873 174/2034/1874 697/2035/1875 698/2036/1876
f 175/2039/1877 173/2033/1873 698/2036/1876 699/2040/1878
f 176/2037/1879 175/2039/1877 699/2040/1878 700/2038/1880
f 174/2034/1874 176/2037/1879 700/2038/1880 697/2035/1875
s off
f 181/441/1881 183/442/1882 702/443/1883 701/444/1884
f 183/2521/1885 184/2522/1886 703/2523/1887 702/2524/1888
f 184/445/1889 182/446/1890 704/447/1891 703/448/1892
f 182/2525/1893 181/2526/1894 701/2527/1895 704/2528/1896
f 185/449/1897 187/450/1898 706/451/1899 705/452/1900
f 187/2529/1901 188/2530/1902 707/2531/1903 706/2532/1904
f 188/453/1905 186/454/1906 708/455/1907 707/456/1908
f 186/2533/1909 185/2534/1910 705/2535/1911 708/2536/1912
f 189/457/1913 191/458/1914 710/459/1915 709/460/1916
f 191/2537/1917 192/2538/1918 711/2539/1919 710/2540/1920
f 192/461/1921 190/462/1922 712/463/1923 711/464/1924
f 190/2541/1925 189/2542/1926 709/2543/1927 712/2544/1928
s 5
f 194/2041/1929 193/2042/1930 717/2043/1931 718/2044/1932
f 196/2047/1933 194/2041/1929 718/2044/1932 719/2048/1934
f 195/2045/1935 196/2047/1933 719/2048/1934 720/2046/1936
f 193/2042/1930 195/2045/1935 720/2046/1936 717/2043/1931
s off
f 201/465/1937 203/466/1938 722/467/1939 721/468/1940
f 203/2545/1941 204/2546/1942 723/2547/1943 722/2548/1944
f 204/469/1945 202/470/1946 724/471/1947 723/472/1948
f 202/2549/1949 201/2550/1950 721/2551/1951 724/2552/1952
f 205/473/1953 207/474/1954 726/475/1955 725/476/1956
f 207/2553/1957 208/2554/1958 727/2555/1959 726/2556/1960
f 208/477/1961 206/478/1962 728/479/1963 727/480/1964
f 206/2557/1965 205/2558/1966 725/2559/1967 728/2560/1968
f 209/481/1969 211/482/1970 730/483/1971 729/484/1972
f 211/2561/1973 212/2562/1974 731/2563/1975 730/2564/1976
f 212/485/1977 210/486/1978 732/487/1979 731/488/1980
f 210/2565/1981 209/2566/1982 729/2567/1983 732/2568/1984
s 6
f 214/2049/1985 213/2050/1986 737/2051/1987 738/2052/1988
f 216/2055/1989 214/2049/1985 738/2052/1988 739/2056/1990
f 215/2053/1991 216/2055/1989 739/2056/1990 740/2054/1992
f 213/2050/1986 215/2053/1991 740/2054/1992 737/2051/1987
s off
f 221/489/1993 223/490/1994 742/491/1995 741/492/1996
f 223/2569/1997 224/2570/1998 743/2571/1999 742/2572/2000
f 224/493/2001 222/494/2002 744/495/2003 743/496/2004
f 222/2573/2005 221/2574/2006 741/2575/2007 744/2576/2008
f 226/497/2009 228/498/2010 746/499/2011 745/500/2012
f 228/2577/2013 227/2578/2014 747/2579/2015 746/2580/2016
f 227/501/2017 225/502/2018 748/503/2019 747/504/2020
f 225/2581/2021 226/2582/2022 745/2583/2023 748/2584/2024
f 229/505/2025 231/506/2026 750/507/2027 749/508/2028
f 231/2585/2029 232/2586/2030 751/2587/2031 750/2588/2032
f 232/509/2033 230/510/2034 752/511/2035 751/512/2036
f 230/2589/2037 229/2590/2038 749/2591/2039 752/2592/2040
f 233/513/2041 235/514/2042 754/515/2043 753/516/2044
f 235/2593/2045 236/2594/2046 755/2595/2047 754/2596/2048
f 236/517/2049 234/518/2050 756/519/2051 755/520/2052
f 234/2597/2053 233/2598/2054 753/2599/2055 756/2600/2056
f 237/521/2057 239/522/2058 758/523/2059 757/524/2060
f 239/2601/2061 240/2602/2062 759/2603/2063 758/2604/2064
f 240/525/2065 238/526/2066 760/527/2067 759/528/2068
f 238/2605/2069 237/2606/2070 757/2607/2071 760/2608/2072
f 241/529/2073 243/530/2074 762/531/2075 761/532/2076
f 243/2609/2077 244/2610/2078 763/2611/2079 762/2612/2080
f 244/533/2081 242/534/2082 764/535/2083 763/536/2084
f 242/2613/2085 241/2614/2086 761/2615/2087 764/2616/2088
f 245/537/2089 247/538/2090 766/539/2091 765/540/2092
f 247/2617/2093 248/2618/2094 767/2619/2095 766/2620/2096
f 248/541/2097 246/542/2098 768/543/2099 767/544/2100
f 246/2621/2101 245/2622/2102 765/2623/2103 768/2624/2104
f 249/545/2105 251/546/2106 770/547/2107 769/548/2108
f 251/2625/2109 252/2626/2110 771/2627/2111 770/2628/2112
f 252/549/2113 250/550/2114 772/551/2115 771/552/2116
f 250/2629/2117 249/2630/2118 769/2631/2119 772/2632/2120
f 253/553/2121 255/554/2122 774/555/2123 773/556/2124
f 255/2633/2125 256/2634/2126 775/2635/2127 774/2636/2128
f 256/557/2129 254/558/2130 776/559/2131 775/560/2132
f 254/2637/2133 253/2638/2134 773/2639/2135 776/2640/2136
f 257/561/2137 259/562/2138 778/563/2139 777/564/2140
f 259/2641/2141 260/2642/2142 779/2643/2143 778/2644/2144
f 260/565/2145 258/566/2146 780/567/2147 779/568/2148
f 258/2645/2149 257/2646/2150 777/2647/2151 780/2648/2152
f 261/569/2153 263/570/2154 782/571/2155 781/572/2156
f 263/2649/2157 264/2650/2158 783/2651/2159 782/2652/2160
f 264/573/2161 262/574/2162 784/575/2163 783/576/2164
f 262/2653/2165 261/2654/2166 781/2655/2167 784/2656/2168
f 266/577/2169 268/578/2170 786/579/2171 785/580/2172
f 268/2657/2173 267/2658/2174 787/2659/2175 786/2660/2176
f 267/581/2177 265/582/2178 788/583/2179 787/584/2180
f 265/2661/2181 266/2662/2182 785/2663/2183 788/2664/2184
f 269/585/2185 271/586/2186 790/587/2187 789/588/2188
f 271/2665/2189 272/2666/2190 791/2667/2191 790/2668/2192
f 272/589/2193 270/590/2194 792/591/2195 791/592/2196
f 270/2669/2197 269/2670/2198 789/2671/2199 792/2672/2200
f 273/593/2201 275/594/2202 794/595/2203 793/596/2204
f 275/2673/2205 276/2674/2206 795/2675/2207 794/2676/2208
f 276/597/2209 274/598/2210 796/599/2211 795/600/2212
f 274/2677/2213 273/2678/2214 793/2679/2215 796/2680/2216
f 277/601/2217 279/602/2218 798/603/2219 797/604/2220
f 279/2681/2221 280/2682/2222 799/2683/2223 798/2684/2224
f 280/605/2225 278/606/2226 800/607/2227 799/608/2228
f 278/2685/2229 277/2686/2230 797/2687/2231 800/2688/2232
f 281/609/2233 283/610/2234 802/611/2235 801/612/2236
f 283/2689/2237 284/2690/2238 803/2691/2239 802/2692/2240
f 284/613/2241 282/614/2242 804/615/2243 803/616/2244
f 282/2693/2245 281/2694/2246 801/2695/2247 804/2696/2248
f 285/617/2249 287/618/2250 806/619/2251 805/620/2252
f 287/2697/2253 288/2698/2254 807/2699/2255 806/2700/2256
f 288/621/2257 286/622/2258 808/623/2259 807/624/2260
f 286/2701/2261 285/2702/2262 805/2703/2263 808/2704/2264
f 289/625/2265 291/626/2266 810/627/2267 809/628/2268
f 291/2705/2269 292/2706/2270 811/2707/2271 810/2708/2272
f 292/629/2273 290/630/2274 812/631/2275 811/632/2276
f 290/2709/2277 289/2710/2278 809/2711/2279 812/2712/2280
f 293/633/2281 295/634/2282 814/635/2283 813/636/2284
f 295/2713/2285 296/2714/2286 815/2715/2287 814/2716/2288
f 296/637/2289 294/638/2290 816/639/2291 815/640/2292
f 294/2717/2293 293/2718/2294 813/2719/2295 816/2720/2296
f 297/641/2297 299/642/2298 818/643/2299 817/644/2300
f 299/2721/2301 300/2722/2302 819/2723/2303 818/2724/2304
f 300/645/2305 298/646/2306 820/647/2307 819/648/2308
f 298/2725/2309 297/2726/2310 817/2727/2311 820/2728/2312
f 301/649/2313 303/650/2314 822/651/2315 821/652/2316
f 303/2729/2317 304/2730/2318 823/2731/2319 822/2732/2320
f 304/653/2321 302/654/2322 824/655/2323 823/656/2324
f 302/2733/2325 301/2734/2326 821/2735/2327 824/2736/2328
f 306/657/2329 308/658/2330 826/659/2331 825/660/2332
f 308/2737/2333 307/2738/2334 827/2739/2335 826/2740/2336
f 307/661/2337 305/662/2338 828/663/2339 827/664/2340
f 305/2741/2341 306/2742/2342 825/2743/2343 828/2744/2344
f 309/665/2345 311/666/2346 830/667/2347 829/668/2348
f 311/2745/2349 312/2746/2350 831/2747/2351 830/2748/2352
f 312/669/2353 310/670/2354 832/671/2355 831/672/2356
f 310/2749/2357 309/2750/2358 829/2751/2359 832/2752/2360
f 313/673/2361 315/674/2362 834/675/2363 833/676/2364
f 315/2753/2365 316/2754/2366 835/2755/2367 834/2756/2368
f 316/677/2369 314/678/2370 836/679/2371 835/680/2372
f 314/2757/2373 313/2758/2374 833/2759/2375 836/2760/2376
f 317/681/2377 319/682/2378 838/683/2379 837/684/2380
f 319/2761/2381 320/2762/2382 839/2763/2383 838/2764/2384
f 320/685/2385 318/686/2386 840/687/2387 839/688/2388
f 318/2765/2389 317/2766/2390 837/2767/2391 840/2768/2392
f 321/689/2393 323/690/2394 842/691/2395 841/692/2396
f 323/2769/2397 324/2770/2398 843/2771/2399 842/2772/2400
f 324/693/2401 322/694/2402 844/695/2403 843/696/2404
f 322/2773/2405 321/2774/2406 841/2775/2407 844/2776/2408
f 325/697/2409 327/698/2410 846/699/2411 845/700/2412
f 327/2777/2413 328/2778/2414 847/2779/2415 846/2780/2416
f 328/701/2417 326/702/2418 848/703/2419 847/704/2420
f 326/2781/2421 325/2782/2422 845/2783/2423 848/2784/2424
f 329/705/2425 331/706/2426 850/707/2427 849/708/2428
f 331/2785/2429 332/2786/2430 851/2787/2431 850/2788/2432
f 332/709/2433 330/710/2434 852/711/2435 851/712/2436
f 330/2789/2437 329/2790/2438 849/2791/2439 852/2792/2440
f 333/713/2441 335/714/2442 854/715/2443 853/716/2444
f 335/2793/2445 336/2794/2446 855/2795/2447 854/2796/2448
f 336/717/2449 334/718/2450 856/719/2451 855/720/2452
f 334/2797/2453 333/2798/2454 853/2799/2455 856/2800/2456
f 337/721/2457 339/722/2458 858/723/2459 857/724/2460
f 339/2801/2461 340/2802/2462 859/2803/2463 858/2804/2464
f 340/725/2465 338/726/2466 860/727/2467 859/728/2468
f 338/2805/2469 337/2806/2470 857/2807/2471 860/2808/2472
f 341/729/2473 343/730/2474 862/731/2475 861/732/2476
f 343/2809/2477 344/2810/2478 863/2811/2479 862/2812/2480
f 344/733/2481 342/734/2482 864/735/2483 863/736/2484
f 342/2813/2485 341/2814/2486 861/2815/2487 864/2816/2488
s 7
f 345/2057/2489 346/2058/2490 869/2059/2491 870/2060/2492
f 347/2063/2493 345/2057/2489 870/2060/2492 871/2064/2494
f 348/2061/2495 347/2063/2493 871/2064/2494 872/2062/2496
f 346/2058/2490 348/2061/2495 872/2062/2496 869/2059/2491
s off
f 353/737/2497 355/738/2498 874/739/2499 873/740/2500
f 355/2817/2501 356/2818/2502 875/2819/2503 874/2820/2504
f 356/741/2505 354/742/2506 876/743/2507 875/744/2508
f 354/2821/2509 353/2822/2510 873/2823/2511 876/2824/2512
f 357/745/2513 359/746/2514 878/747/2515 877/748/2516
f 359/2825/2517 360/2826/2518 879/2827/2519 878/2828/2520
f 360/749/2521 358/750/2522 880/751/2523 879/752/2524
f 358/2829/2525 357/2830/2526 877/2831/2527 880/2832/2528
f 361/753/2529 363/754/2530 882/755/2531 881/756/2532
f 363/2833/2533 364/2834/2534 883/2835/2535 882/2836/2536
f 364/757/2537 362/758/2538 884/759/2539 883/760/2540
f 362/2837/2541 361/2838/2542 881/2839/2543 884/2840/2544
s 8
f 366/2065/2545 365/2066/2546 889/2067/2547 890/2068/2548
f 368/2071/2549 366/2065/2545 890/2068/2548 891/2072/2550
f 367/2069/2551 368/2071/2549 891/2072/2550 892/2070/2552
f 365/2066/2546 367/2069/2551 892/2070/2552 889/2067/2547
s off
f 373/761/2553 375/762/2554 894/763/2555 893/764/2556
f 375/2841/2557 376/2842/2558 895/2843/2559 894/2844/2560
f 376/765/2561 374/766/2562 896/767/2563 895/768/2564
f 374/2845/2565 373/2846/2566 893/2847/2567 896/2848/2568
f 377/769/2569 379/770/2570 898/771/2571 897/772/2572
f 379/2849/2573 380/2850/2574 899/2851/2575 898/2852/2576
f 380/773/2577 378/774/2578 900/775/2579 899/776/2580
f 378/2853/2581 377/2854/2582 897/2855/2583 900/2856/2584
f 381/777/2585 383/778/2586 902/779/2587 901/780/2588
f 383/2857/2589 384/2858/2590 903/2859/2591 902/2860/2592
f 384/781/2593 382/782/2594 904/783/2595 903/784/2596
f 382/2861/2597 381/2862/2598 901/2863/2599 904/2864/2600
s 9
f 386/2073/2601 385/2074/2602 909/2075/2603 910/2076/2604
f 388/2079/2605 386/2073/2601 910/2076/2604 911/2080/2606
f 387/2077/2607 388/2079/2605 911/2080/2606 912/2078/2608
f 385/2074/2602 387/2077/2607 912/2078/2608 909/2075/2603
s off
f 393/785/2609 395/786/2610 914/787/2611 913/788/2612
f 395/2865/2613 396/2866/2614 915/2867/2615 914/2868/2616
f 396/789/2617 394/790/2618 916/791/2619 915/792/2620
f 394/2869/2621 393/2870/2622 913/2871/2623 916/2872/2624
f 399/793/2625 397/794/2626 918/795/2627 917/796/2628
f 397/2873/2629 400/2874/2630 919/2875/2631 918/2876/2632
f 400/797/2633 398/798/2634 920/799/2635 919/800/2636
f 398/2877/2637 399/2878/2638 917/2879/2639 920/2880/2640
f 401/801/2641 403/802/2642 922/803/2643 921/804/2644
f 403/2881/2645 404/2882/2646 923/2883/2647 922/2884/2648
f 404/805/2649 402/806/2650 924/807/2651 923/808/2652
f 402/2885/2653 401/2886/2654 921/2887/2655 924/2888/2656
f 405/809/2657 407/810/2658 926/811/2659 925/812/2660
f 407/2889/2661 408/2890/2662 927/2891/2663 926/2892/2664
f 408/813/2665 406/814/2666 928/815/2667 927/816/2668
f 406/2893/2669 405/2894/2670 925/2895/2671 928/2896/2672
f 409/817/2673 411/818/2674 930/819/2675 929/820/2676
f 411/2897/2677 412/2898/2678 931/2899/2679 930/2900/2680
f 412/821/2681 410/822/2682 932/823/2683 931/824/2684
f 410/2901/2685 409/2902/2686 929/2903/2687 932/2904/2688
f 413/825/2689 415/826/2690 934/827/2691 933/828/2692
f 415/2905/2693 416/2906/2694 935/2907/2695 934/2908/2696
f 416/829/2697 414/830/2698 936/831/2699 935/832/2700
f 414/2909/2701 413/2910/2702 933/2911/2703 936/2912/2704
f 417/833/2705 419/834/2706 938/835/2707 937/836/2708
f 419/2913/2709 420/2914/2710 939/2915/2711 938/2916/2712
f 420/837/2713 418/838/2714 940/839/2715 939/840/2716
f 418/2917/2717 417/2918/2718 937/2919/2719 940/2920/2720
f 421/841/2721 423/842/2722 942/843/2723 941/844/2724
f 423/2921/2725 424/2922/2726 943/2923/2727 942/2924/2728
f 424/845/2729 422/846/2730 944/847/2731 943/848/2732
f 422/2925/2733 421/2926/2734 941/2927/2735 944/2928/2736
f 425/849/2737 427/850/2738 946/851/2739 945/852/2740
f 427/2929/2741 428/2930/2742 947/2931/2743 946/2932/2744
f 428/853/2745 426/854/2746 948/855/2747 947/856/2748
f 426/2933/2749 425/2934/2750 945/2935/2751 948/2936/2752
f 429/857/2753 431/858/2754 950/859/2755 949/860/2756
f 431/2937/2757 432/2938/2758 951/2939/2759 950/2940/2760
f 432/861/2761 430/862/2762 952/863/2763 951/864/2764
f 430/2941/2765 429/2942/2766 949/2943/2767 952/2944/2768
f 434/865/2769 436/866/2770 954/867/2771 953/868/2772
f 436/2945/2773 433/2946/2774 955/2947/2775 954/2948/2776
f 433/869/2777 435/870/2778 956/871/2779 955/872/2780
f 435/2949/2781 434/2950/2782 953/2951/2783 956/2952/2784
f 438/873/2785 440/874/2786 958/875/2787 957/876/2788
f 440/2953/2789 439/2954/2790 959/2955/2791 958/2956/2792
f 439/877/2793 437/878/2794 960/879/2795 959/880/2796
f 437/2957/2797 438/2958/2798 957/2959/2799 960/2960/2800
f 442/881/2801 444/882/2802 962/883/2803 961/884/2804
f 444/2961/2805 443/2962/2806 963/2963/2807 962/2964/2808
f 443/885/2809 441/886/2810 964/887/2811 963/888/2812
f 441/2965/2813 442/2966/2814 961/2967/2815 964/2968/2816
f 446/889/2817 448/890/2818 966/891/2819 965/892/2820
f 448/2969/2821 447/2970/2822 967/2971/2823 966/2972/2824
f 447/893/2825 445/894/2826 968/895/2827 967/896/2828
f 445/2973/2829 446/2974/2830 965/2975/2831 968/2976/2832
f 450/897/2833 452/898/2834 970/899/2835 969/900/2836
f 452/2977/2837 451/2978/2838 971/2979/2839 970/2980/2840
f 451/901/2841 449/902/2842 972/903/2843 971/904/2844
f 449/2981/2845 450/2982/2846 969/2983/2847 972/2984/2848
f 454/905/2849 456/906/2850 974/907/2851 973/908/2852
f 456/2985/2853 455/2986/2854 975/2987/2855 974/2988/2856
f 455/909/2857 453/910/2858 976/911/2859 975/912/2860
f 453/2989/2861 454/2990/2862 973/2991/2863 976/2992/2864
f 458/913/2865 460/914/2866 978/915/2867 977/916/2868
f 460/2993/2869 459/2994/2870 979/2995/2871 978/2996/2872
f 459/917/2873 457/918/2874 980/919/2875 979/920/2876
f 457/2997/2877 458/2998/2878 977/2999/2879 980/3000/2880
f 462/921/2881 464/922/2882 982/923/2883 981/924/2884
f 464/3001/2885 463/3002/2886 983/3003/2887 982/3004/2888
f 463/925/2889 461/926/2890 984/927/2891 983/928/2892
f 461/3005/2893 462/3006/2894 981/3007/2895 984/3008/2896
f 466/929/2897 468/930/2898 986/931/2899 985/932/2900
f 468/3009/2901 467/3010/2902 987/3011/2903 986/3012/2904
f 467/933/2905 465/934/2906 988/935/2907 987/936/2908
f 465/3013/2909 466/3014/2910 985/3015/2911 988/3016/2912
f 470/937/2913 472/938/2914 990/939/2915 989/940/2916
f 472/3017/2917 471/3018/2918 991/3019/2919 990/3020/2920
f 471/941/2921 469/942/2922 992/943/2923 991/944/2924
f 469/3021/2925 470/3022/2926 989/3023/2927 992/3024/2928
f 474/945/2929 476/946/2930 994/947/2931 993/948/2932
f 476/3025/2933 475/3026/2934 995/3027/2935 994/3028/2936
f 475/949/2937 473/950/2938 996/951/2939 995/952/2940
f 473/3029/2941 474/3030/2942 993/3031/2943 996/3032/2944
f 477/3033/2945 479/3034/2946 998/3035/2947 997/3036/2948
f 479/953/2949 480/954/2950 999/955/2951 998/956/2952
f 480/3037/2953 478/3038/2954 1000/3039/2955 999/3040/2956
f 478/957/2957 477/958/2958 997/959/2959 1000/960/2960
f 481/3041/2961 483/3042/2962 1002/3043/2963 1001/3044/2964
f 483/961/2965 484/962/2966 1003/963/2967 1002/964/2968
f 484/3045/2969 482/3046/2970 1004/3047/2971 1003/3048/2972
f 482/965/2973 481/966/2974 1001/967/2975 1004/968/2976
f 485/3049/2977 487/3050/2978 1006/3051/2979 1005/3052/2980
f 487/969/2981 488/970/2982 1007/971/2983 1006/972/2984
f 488/3053/2985 486/3054/2986 1008/3055/2987 1007/3056/2988
f 486/973/2989 485/974/2990 1005/975/2991 1008/976/2992
f 489/3057/2993 491/3058/2994 1010/3059/2995 1009/3060/2996
f 491/977/2997 492/978/2998 1011/979/2999 1010/980/3000
f 492/3061/3001 490/3062/3002 1012/3063/3003 1011/3064/3004
f 490/981/3005 489/982/3006 1009/983/3007 1012/984/3008
f 493/3065/3009 495/3066/3010 1014/3067/3011 1013/3068/3012
f 495/985/3013 496/986/3014 1015/987/3015 1014/988/3016
f 496/3069/3017 494/3070/3018 1016/3071/3019 1015/3072/3020
f 494/989/3021 493/990/3022 1013/991/3023 1016/992/3024
f 497/3073/3025 499/3074/3026 1018/3075/3027 1017/3076/3028
f 499/993/3029 500/994/3030 1019/995/3031 1018/996/3032
f 500/3077/3033 498/3078/3034 1020/3079/3035 1019/3080/3036
f 498/997/3037 497/998/3038 1017/999/3039 1020/1000/3040
f 501/3081/3041 503/3082/3042 1022/3083/3043 1021/3084/3044
f 503/1001/3045 504/1002/3046 1023/1003/3047 1022/1004/3048
f 504/3085/3049 502/3086/3050 1024/3087/3051 1023/3088/3052
f 502/1005/3053 501/1006/3054 1021/1007/3055 1024/1008/3056
f 505/3089/3057 507/3090/3058 1026/3091/3059 1025/3092/3060
f 507/1009/3061 508/1010/3062 1027/1011/3063 1026/1012/3064
f 508/3093/3065 506/3094/3066 1028/3095/3067 1027/3096/3068
f 506/1013/3069 505/1014/3070 1025/1015/3071 1028/1016/3072
f 509/3097/3073 511/3098/3074 1030/3099/3075 1029/3100/3076
f 511/1017/3077 512/1018/3078 1031/1019/3079 1030/1020/3080
f 512/3101/3081 510/3102/3082 1032/3103/3083 1031/3104/3084
f 510/1021/3085 509/1022/3086 1029/1023/3087 1032/1024/3088
f 513/3105/3089 515/3106/3090 1034/3107/3091 1033/3108/3092
f 515/1025/3093 516/1026/3094 1035/1027/3095 1034/1028/3096
f 516/3109/3097 514/3110/3098 1036/3111/3099 1035/3112/3100
f 514/1029/3101 513/1030/3102 1033/1031/3103 1036/1032/3104
f 518/3113/3105 520/3114/3106 1038/3115/3107 1037/3116/3108
f 520/1033/3109 519/1034/3110 1039/1035/3111 1038/1036/3112
f 519/3117/3113 517/3118/3114 1040/3119/3115 1039/3120/3116
f 517/1037/3117 518/1038/3118 1037/1039/3119 1040/1040/3120
f 1041/3121/3121 1042/3122/3122 1044/3123/3123 1043/3124/3124
f 1043/3125/3125 1044/3126/3126 1046/3127/3127 1045/3128/3128
f 1045/3129/3129 1046/3130/3130 1048/3131/3131 1047/3132/3132
f 1047/3133/3133 1048/3134/3134 1042/3135/3135 1041/3136/3136
f 1042/3137/3137 1048/3138/3138 1046/3139/3139 1044/3140/3140
f 1047/3141/3141 1041/3142/3142 1043/3143/3143 1045/3144/3144
f 1049/3145/3145 1050/3146/3146 1052/3147/3147 1051/3148/3148
f 1051/3149/3149 1052/3150/3150 1054/3151/3151 1053/3152/3152
f 1053/3153/3153 1054/3154/3154 1056/3155/3155 1055/3156/3156
f 1055/3157/3157 1056/3158/3158 1050/3159/3159 1049/3160/3160
f 1050/3161/3161 1056/3162/3162 1054/3163/3163 1052/3164/3164
f 1055/3165/3165 1049/3166/3166 1051/3167/3167 1053/3168/3168
f 1057/3169/3169 1058/3170/3170 1060/3171/3171 1059/3172/3172
f 1059/3173/3173 1060/3174/3174 1062/3175/3175 1061/3176/3176
f 1061/3177/3177 1062/3178/3178 1064/3179/3179 1063/3180/3180
f 1063/3181/3181 1064/3182/3182 1058/3183/3183 1057/3184/3184
f 1058/3185/3185 1064/3186/3186 1062/3187/3187 1060/3188/3188
f 1063/3189/3189 1057/3190/3190 1059/3191/3191 1061/3192/3192
f 1065/3193/3193 1066/3194/3194 1068/3195/3195 1067/3196/3196
f 1067/3197/3197 1068/3198/3198 1070/3199/3199 1069/3200/3200
f 1069/3201/3201 1070/3202/3202 1072/3203/3203 1071/3204/3204
f 1071/3205/3205 1072/3206/3206 1066/3207/3207 1065/3208/3208
f 1066/3209/3209 1072/3210/3210 1070/3211/3211 1068/3212/3212
f 1071/3213/3213 1065/3214/3214 1067/3215/3215 1069/3216/3216
f 1073/3217/3217 1074/3218/3218 1076/3219/3219 1075/3220/3220
f 1075/3221/3221 1076/3222/3222 1078/3223/3223 1077/3224/3224
f 1077/3225/3225 1078/3226/3226 1080/3227/3227 1079/3228/3228
f 1079/3229/3229 1080/3230/3230 1074/3231/3231 1073/3232/3232
f 1074/3233/3233 1080/3234/3234 1078/3235/3235 1076/3236/3236
f 1079/3237/3237 1073/3238/3238 1075/3239/3239 1077/3240/3240
f 1081/3241/3241 1082/3242/3242 1084/3243/3243 1083/3244/3244
f 1083/3245/3245 1084/3246/3246 1086/3247/3247 1085/3248/3248
f 1085/3249/3249 1086/3250/3250 1088/3251/3251 1087/3252/3252
f 1087/3253/3253 1088/3254/3254 1082/3255/3255 1081/3256/3256
f 1082/3257/3257 1088/3258/3258 1086/3259/3259 1084/3260/3260
f 1087/3261/3261 1081/3262/3262 1083/3263/3263 1085/3264/3264
f 1089/3265/3265 1090/3266/3266 1092/3267/3267 1091/3268/3268
f 1091/3269/3269 1092/3270/3270 1094/3271/3271 1093/3272/3272
f 1093/3273/3273 1094/3274/3274 1096/3275/3275 1095/3276/3276
f 1095/3277/3277 1096/3278/3278 1090/3279/3279 1089/3280/3280
f 1090/3281/3281 1096/3282/3282 1094/3283/3283 1092/3284/3284
f 1095/3285/3285 1089/3286/3286 1091/3287/3287 1093/3288/3288
f 1097/3289/3289 1098/3290/3290 1100/3291/3291 1099/3292/3292
f 1099/3293/3293 1100/3294/3294 1102/3295/3295 1101/3296/3296
f 1101/3297/3297 1102/3298/3298 1104/3299/3299 1103/3300/3300
f 1103/3301/3301 1104/3302/3302 1098/3303/3303 1097/3304/3304
f 1098/3305/3305 1104/3306/3306 1102/3307/3307 1100/3308/3308
f 1103/3309/3309 1097/3310/3310 1099/3311/3311 1101/3312/3312
f 1105/3313/3313 1106/3314/3314 1108/3315/3315 1107/3316/3316
f 1107/3317/3317 1108/3318/3318 1110/3319/3319 1109/3320/3320
f 1109/3321/3321 1110/3322/3322 1112/3323/3323 1111/3324/3324
f 1111/3325/3325 1112/3326/3326 1106/3327/3327 1105/3328/3328
f 1106/3329/3329 1112/3330/3330 1110/3331/3331 1108/3332/3332
f 1111/3333/3333 1105/3334/3334 1107/3335/3335 1109/3336/3336
f 1113/3337/3337 1114/3338/3338 1116/3339/3339 1115/3340/3340
f 1115/3341/3341 1116/3342/3342 1118/3343/3343 1117/3344/3344
f 1117/3345/3345 1118/3346/3346 1120/3347/3347 1119/3348/3348
f 1119/3349/3349 1120/3350/3350 1114/3351/3351 1113/3352/3352
f 1114/3353/3353 1120/3354/3354 1118/3355/3355 1116/3356/3356
f 1119/3357/3357 1113/3358/3358 1115/3359/3359 1117/3360/3360
f 1121/3361/3361 1122/3362/3362 1124/3363/3363 1123/3364/3364
f 1123/3365/3365 1124/3366/3366 1126/3367/3367 1125/3368/3368
f 1125/3369/3369 1126/3370/3370 1128/3371/3371 1127/3372/3372
f 1127/3373/3373 1128/3374/3374 1122/3375/3375 1121/3376/3376
f 1122/3377/3377 1128/3378/3378 1126/3379/3379 1124/3380/3380
f 1127/3381/3381 1121/3382/3382 1123/3383/3383 1125/3384/3384
f 1129/3385/3385 1130/3386/3386 1132/3387/3387 1131/3388/3388
f 1131/3389/3389 1132/3390/3390 1134/3391/3391 1133/3392/3392
f 1133/3393/3393 1134/3394/3394 1136/3395/3395 1135/3396/3396
f 1135/3397/3397 1136/3398/3398 1130/3399/3399 1129/3400/3400
f 1130/3401/3401 1136/3402/3402 1134/3403/3403 1132/3404/3404
f 1135/3405/3405 1129/3406/3406 1131/3407/3407 1133/3408/3408
f 1137/3409/3409 1138/3410/3410 1140/3411/3411 1139/3412/3412
f 1139/3413/3413 1140/3414/3414 1142/3415/3415 1141/3416/3416
f 1141/3417/3417 1142/3418/3418 1144/3419/3419 1143/3420/3420
f 1143/3421/3421 1144/3422/3422 1138/3423/3423 1137/3424/3424
f 1138/3425/3425 1144/3426/3426 1142/3427/3427 1140/3428/3428
f 1143/3429/3429 1137/3430/3430 1139/3431/3431 1141/3432/3432
f 1145/3433/3433 1146/3434/3434 1148/3435/3435 1147/3436/3436
f 1147/3437/3437 1148/3438/3438 1150/3439/3439 1149/3440/3440
f 1149/3441/3441 1150/3442/3442 1152/3443/3443 1151/3444/3444
f 1151/3445/3445 1152/3446/3446 1146/3447/3447 1145/3448/3448
f 1146/3449/3449 1152/3450/3450 1150/3451/3451 1148/3452/3452
f 1151/3453/3453 1145/3454/3454 1147/3455/3455 1149/3456/3456
f 1153/3457/3457 1154/3458/3458 1156/3459/3459 1155/3460/3460
f 1155/3461/3461 1156/3462/3462 1158/3463/3463 1157/3464/3464
f 1157/3465/3465 1158/3466/3466 1160/3467/3467 1159/3468/3468
f 1159/3469/3469 1160/3470/3470 1154/3471/3471 1153/3472/3472
f 1154/3473/3473 1160/3474/3474 1158/3475/3475 1156/3476/3476
f 1159/3477/3477 1153/3478/3478 1155/3479/3479 1157/3480/3480
f 1161/3481/3481 1162/3482/3482 1164/3483/3483 1163/3484/3484
f 1163/3485/3485 1164/3486/3486 1166/3487/3487 1165/3488/3488
f 1165/3489/3489 1166/3490/3490 1168/3491/3491 1167/3492/3492
f 1167/3493/3493 1168/3494/3494 1162/3495/3495 1161/3496/3496
f 1162/3497/3497 1168/3498/3498 1166/3499/3499 1164/3500/3500
f 1167/3501/3501 1161/3502/3502 1163/3503/3503 1165/3504/3504
f 1169/3505/3505 1170/3506/3506 1172/3507/3507 1171/3508/3508
f 1171/3509/3509 1172/3510/3510 1174/3511/3511 1173/3512/3512
f 1173/3513/3513 1174/3514/3514 1176/3515/3515 1175/3516/3516
f 1175/3517/3517 1176/3518/3518 1170/3519/3519 1169/3520/3520
f 1170/3521/3521 1176/3522/3522 1174/3523/3523 1172/3524/3524
f 1175/3525/3525 1169/3526/3526 1171/3527/3527 1173/3528/3528
f 1177/3529/3529 1178/3530/3530 1180/3531/3531 1179/3532/3532
f 1179/3533/3533 1180/3534/3534 1182/3535/3535 1181/3536/3536
f 1181/3537/3537 1182/3538/3538 1184/3539/3539 1183/3540/3540
f 1183/3541/3541 1184/3542/3542 1178/3543/3543 1177/3544/3544
f 1178/3545/3545 1184/3546/3546 1182/3547/3547 1180/3548/3548
f 1183/3549/3549 1177/3550/3550 1179/3551/3551 1181/3552/3552
f 1185/3553/3553 1186/3554/3554 1188/3555/3555 1187/3556/3556
f 1187/3557/3557 1188/3558/3558 1190/3559/3559 1189/3560/3560
f 1189/3561/3561 1190/3562/3562 1192/3563/3563 1191/3564/3564
f 1191/3565/3565 1192/3566/3566 1186/3567/3567 1185/3568/3568
f 1186/3569/3569 1192/3570/3570 1190/3571/3571 1188/3572/3572
f 1191/3573/3573 1185/3574/3574 1187/3575/3575 1189/3576/3576
f 1193/3577/3577 1194/3578/3578 1196/3579/3579 1195/3580/3580
f 1195/3581/3581 1196/3582/3582 1198/3583/3583 1197/3584/3584
f 1197/3585/3585 1198/3586/3586 1200/3587/3587 1199/3588/3588
f 1199/3589/3589 1200/3590/3590 1194/3591/3591 1193/3592/3592
f 1194/3593/3593 1200/3594/3594 1198/3595/3595 1196/3596/3596
f 1199/3597/3597 1193/3598/3598 1195/3599/3599 1197/3600/3600
f 1201/3601/3601 1202/3602/3602 1204/3603/3603 1203/3604/3604
f 1203/3605/3605 1204/3606/3606 1206/3607/3607 1205/3608/3608
f 1205/3609/3609 1206/3610/3610 1208/3611/3611 1207/3612/3612
f 1207/3613/3613 1208/3614/3614 1202/3615/3615 1201/3616/3616
f 1202/3617/3617 1208/3618/3618 1206/3619/3619 1204/3620/3620
f 1207/3621/3621 1201/3622/3622 1203/3623/3623 1205/3624/3624
f 1209/3625/3625 1210/3626/3626 1212/3627/3627 1211/3628/3628
f 1211/3629/3629 1212/3630/3630 1214/3631/3631 1213/3632/3632
f 1213/3633/3633 1214/3634/3634 1216/3635/3635 1215/3636/3636
f 1215/3637/3637 1216/3638/3638 1210/3639/3639 1209/3640/3640
f 1210/3641/3641 1216/3642/3642 1214/3643/3643 1212/3644/3644
f 1215/3645/3645 1209/3646/3646 1211/3647/3647 1213/3648/3648
f 1217/3649/3649 1218/3650/3650 1220/3651/3651 1219/3652/3652
f 1219/3653/3653 1220/3654/3654 1222/3655/3655 1221/3656/3656
f 1221/3657/3657 1222/3658/3658 1224/3659/3659 1223/3660/3660
f 1223/3661/3661 1224/3662/3662 1218/3663/3663 1217/3664/3664
f 1218/3665/3665 1224/3666/3666 1222/3667/3667 1220/3668/3668
f 1223/3669/3669 1217/3670/3670 1219/3671/3671 1221/3672/3672
f 1225/3673/3673 1226/3674/3674 1228/3675/3675 1227/3676/3676
f 1227/3677/3677 1228/3678/3678 1230/3679/3679 1229/3680/3680
f 1229/3681/3681 1230/3682/3682 1232/3683/3683 1231/3684/3684
f 1231/3685/3685 1232/3686/3686 1226/3687/3687 1225/3688/3688
f 1226/3689/3689 1232/3690/3690 1230/3691/3691 1228/3692/3692
f 1231/3693/3693 1225/3694/3694 1227/3695/3695 1229/3696/3696
f 1233/3697/3697 1234/3698/3698 1236/3699/3699 1235/3700/3700
f 1235/3701/3701 1236/3702/3702 1238/3703/3703 1237/3704/3704
f 1237/3705/3705 1238/3706/3706 1240/3707/3707 1239/3708/3708
f 1239/3709/3709 1240/3710/3710 1234/3711/3711 1233/3712/3712
f 1234/3713/3713 1240/3714/3714 1238/3715/3715 1236/3716/3716
f 1239/3717/3717 1233/3718/3718 1235/3719/3719 1237/3720/3720
f 1241/3721/3721 1242/3722/3722 1244/3723/3723 1243/3724/3724
f 1243/3725/3725 1244/3726/3726 1246/3727/3727 1245/3728/3728
f 1245/3729/3729 1246/3730/3730 1248/3731/3731 1247/3732/3732
f 1247/3733/3733 1248/3734/3734 1242/3735/3735 1241/3736/3736
f 1242/3737/3737 1248/3738/3738 1246/3739/3739 1244/3740/3740
f 1247/3741/3741 1241/3742/3742 1243/3743/3743 1245/3744/3744
f 1249/3745/3745 1250/3746/3746 1252/3747/3747 1251/3748/3748
f 1251/3749/3749 1252/3750/3750 1254/3751/3751 1253/3752/3752
f 1253/3753/3753 1254/3754/3754 1256/3755/3755 1255/3756/3756
f 1255/3757/3757 1256/3758/3758 1250/3759/3759 1249/3760/3760
f 1250/3761/3761 1256/3762/3762 1254/3763/3763 1252/3764/3764
f 1255/3765/3765 1249/3766/3766 1251/3767/3767 1253/3768/3768
f 1257/3769/3769 1258/3770/3770 1260/3771/3771 1259/3772/3772
f 1259/3773/3773 1260/3774/3774 1262/3775/3775 1261/3776/3776
f 1261/3777/3777 1262/3778/3778 1264/3779/3779 1263/3780/3780
f 1263/3781/3781 1264/3782/3782 1258/3783/3783 1257/3784/3784
f 1258/3785/3785 1264/3786/3786 1262/3787/3787 1260/3788/3788
f 1263/3789/3789 1257/3790/3790 1259/3791/3791 1261/3792/3792
f 1265/3793/3793 1266/3794/3794 1268/3795/3795 1267/3796/3796
f 1267/3797/3797 1268/3798/3798 1270/3799/3799 1269/3800/3800
f 1269/3801/3801 1270/3802/3802 1272/3803/3803 1271/3804/3804
f 1271/3805/3805 1272/3806/3806 1266/3807/3807 1265/3808/3808
f 1266/3809/3809 1272/3810/3810 1270/3811/3811 1268/3812/3812
f 1271/3813/3813 1265/3814/3814 1267/3815/3815 1269/3816/3816
f 1273/3817/3817 1274/3818/3818 1276/3819/3819 1275/3820/3820
f 1275/3821/3821 1276/3822/3822 1278/3823/3823 1277/3824/3824
f 1277/3825/3825 1278/3826/3826 1280/3827/3827 1279/3828/3828
f 1279/3829/3829 1280/3830/3830 1274/3831/3831 1273/3832/3832
f 1274/3833/3833 1280/3834/3834 1278/3835/3835 1276/3836/3836
f 1279/3837/3837 1273/3838/3838 1275/3839/3839 1277/3840/3840
f 1281/3841/3841 1282/3842/3842 1284/3843/3843 1283/3844/3844
f 1283/3845/3845 1284/3846/3846 1286/3847/3847 1285/3848/3848
f 1285/3849/3849 1286/3850/3850 1288/3851/3851 1287/3852/3852
f 1287/3853/3853 1288/3854/3854 1282/3855/3855 1281/3856/3856
f 1282/3857/3857 1288/3858/3858 1286/3859/3859 1284/3860/3860
f 1287/3861/3861 1281/3862/3862 1283/3863/3863 1285/3864/3864
f 1289/3865/3865 1290/3866/3866 1292/3867/3867 1291/3868/3868
f 1291/3869/3869 1292/3870/3870 1294/3871/3871 1293/3872/3872
f 1293/3873/3873 1294/3874/3874 1296/3875/3875 1295/3876/3876
f 1295/3877/3877 1296/3878/3878 1290/3879/3879 1289/3880/3880
f 1290/3881/3881 1296/3882/3882 1294/3883/3883 1292/3884/3884
f 1295/3885/3885 1289/3886/3886 1291/3887/3887 1293/3888/3888
f 1297/3889/3889 1298/3890/3890 1300/3891/3891 1299/3892/3892
f 1299/3893/3893 1300/3894/3894 1302/3895/3895 1301/3896/3896
f 1301/3897/3897 1302/3898/3898 1304/3899/3899 1303/3900/3900
f 1303/3901/3901 1304/3902/3902 1298/3903/3903 1297/3904/3904
f 1298/3905/3905 1304/3906/3906 1302/3907/3907 1300/3908/3908
f 1303/3909/3909 1297/3910/3910 1299/3911/3911 1301/3912/3912
f 1305/3913/3913 1306/3914/3914 1308/3915/3915 1307/3916/3916
f 1307/3917/3917 1308/3918/3918 1310/3919/3919 1309/3920/3920
f 1309/3921/3921 1310/3922/3922 1312/3923/3923 1311/3924/3924
f 1311/3925/3925 1312/3926/3926 1306/3927/3927 1305/3928/3928
f 1306/3929/3929 1312/3930/3930 1310/3931/3931 1308/3932/3932
f 1311/3933/3933 1305/3934/3934 1307/3935/3935 1309/3936/3936
f 1313/3937/3937 1314/3938/3938 1316/3939/3939 1315/3940/3940
f 1315/3941/3941 1316/3942/3942 1318/3943/3943 1317/3944/3944
f 1317/3945/3945 1318/3946/3946 1320/3947/3947 1319/3948/3948
f 1319/3949/3949 1320/3950/3950 1314/3951/3951 1313/3952/3952
f 1314/3953/3953 1320/3954/3954 1318/3955/3955 1316/3956/3956
f 1319/3957/3957 1313/3958/3958 1315/3959/3959 1317/3960/3960
f 1321/3961/3961 1322/3962/3962 1324/3963/3963 1323/3964/3964
f 1323/3965/3965 1324/3966/3966 1326/3967/3967 1325/3968/3968
f 1325/3969/3969 1326/3970/3970 1328/3971/3971 1327/3972/3972
f 1327/3973/3973 1328/3974/3974 1322/3975/3975 1321/3976/3976
f 1322/3977/3977 1328/3978/3978 1326/3979/3979 1324/3980/3980
f 1327/3981/3981 1321/3982/3982 1323/3983/3983 1325/3984/3984
f 1329/3985/3985 1330/3986/3986 1332/3987/3987 1331/3988/3988
f 1331/3989/3989 1332/3990/3990 1334/3991/3991 1333/3992/3992
f 1333/3993/3993 1334/3994/3994 1336/3995/3995 1335/3996/3996
f 1335/3997/3997 1336/3998/3998 1330/3999/3999 1329/4000/4000
f 1330/4001/4001 1336/4002/4002 1334/4003/4003 1332/4004/4004
f 1335/4005/4005 1329/4006/4006 1331/4007/4007 1333/4008/4008
f 1337/4009/4009 1338/4010/4010 1340/4011/4011 1339/4012/4012
f 1339/4013/4013 1340/4014/4014 1342/4015/4015 1341/4016/4016
f 1341/4017/4017 1342/4018/4018 1344/4019/4019 1343/4020/4020
f 1343/4021/4021 1344/4022/4022 1338/4023/4023 1337/4024/4024
f 1338/4025/4025 1344/4026/4026 1342/4027/4027 1340/4028/4028
f 1343/4029/4029 1337/4030/4030 1339/4031/4031 1341/4032/4032
f 1345/4033/4033 1346/4034/4034 1348/4035/4035 1347/4036/4036
f 1347/4037/4037 1348/4038/4038 1350/4039/4039 1349/4040/4040
f 1349/4041/4041 1350/4042/4042 1352/4043/4043 1351/4044/4044
f 1351/4045/4045 1352/4046/4046 1346/4047/4047 1345/4048/4048
f 1346/4049/4049 1352/4050/4050 1350/4051/4051 1348/4052/4052
f 1351/4053/4053 1345/4054/4054 1347/4055/4055 1349/4056/4056
f 1353/4057/4057 1354/4058/4058 1356/4059/4059 1355/4060/4060
f 1355/4061/4061 1356/4062/4062 1358/4063/4063 1357/4064/4064
f 1357/4065/4065 1358/4066/4066 1360/4067/4067 1359/4068/4068
f 1359/4069/4069 1360/4070/4070 1354/4071/4071 1353/4072/4072
f 1354/4073/4073 1360/4074/4074 1358/4075/4075 1356/4076/4076
f 1359/4077/4077 1353/4078/4078 1355/4079/4079 1357/4080/4080
f 1361/4081/4081 1362/4082/4082 1364/4083/4083 1363/4084/4084
f 1363/4085/4085 1364/4086/4086 1366/4087/4087 1365/4088/4088
f 1365/4089/4089 1366/4090/4090 1368/4091/4091 1367/4092/4092
f 1367/4093/4093 1368/4094/4094 1362/4095/4095 1361/4096/4096
f 1362/4097/4097 1368/4098/4098 1366/4099/4099 1364/4100/4100
f 1367/4101/4101 1361/4102/4102 1363/4103/4103 1365/4104/4104
f 1369/4105/4105 1370/4106/4106 1372/4107/4107 1371/4108/4108
f 1371/4109/4109 1372/4110/4110 1374/4111/4111 1373/4112/4112
f 1373/4113/4113 1374/4114/4114 1376/4115/4115 1375/4116/4116
f 1375/4117/4117 1376/4118/4118 1370/4119/4119 1369/4120/4120
f 1370/4121/4121 1376/4122/4122 1374/4123/4123 1372/4124/4124
f 1375/4125/4125 1369/4126/4126 1371/4127/4127 1373/4128/4128
f 1377/4129/4129 1378/4130/4130 1380/4131/4131 1379/4132/4132
f 1379/4133/4133 1380/4134/4134 1382/4135/4135 1381/4136/4136
f 1381/4137/4137 1382/4138/4138 1384/4139/4139 1383/4140/4140
f 1383/4141/4141 1384/4142/4142 1378/4143/4143 1377/4144/4144
f 1378/4145/4145 1384/4146/4146 1382/4147/4147 1380/4148/4148
f 1383/4149/4149 1377/4150/4150 1379/4151/4151 1381/4152/4152
f 1385/4153/4153 1386/4154/4154 1388/4155/4155 1387/4156/4156
f 1387/4157/4157 1388/4158/4158 1390/4159/4159 1389/4160/4160
f 1389/4161/4161 1390/4162/4162 1392/4163/4163 1391/4164/4164
f 1391/4165/4165 1392/4166/4166 1386/4167/4167 1385/4168/4168
f 1386/4169/4169 1392/4170/4170 1390/4171/4171 1388/4172/4172
f 1391/4173/4173 1385/4174/4174 1387/4175/4175 1389/4176/4176
f 1393/4177/4177 1394/4178/4178 1396/4179/4179 1395/4180/4180
f 1395/4181/4181 1396/4182/4182 1398/4183/4183 1397/4184/4184
f 1397/4185/4185 1398/4186/4186 1400/4187/4187 1399/4188/4188
f 1399/4189/4189 1400/4190/4190 1394/4191/4191 1393/4192/4192
f 1394/4193/4193 1400/4194/4194 1398/4195/4195 1396/4196/4196
f 1399/4197/4197 1393/4198/4198 1395/4199/4199 1397/4200/4200
f 1401/4201/4201 1402/4202/4202 1404/4203/4203 1403/4204/4204
f 1403/4205/4205 1404/4206/4206 1406/4207/4207 1405/4208/4208
f 1405/4209/4209 1406/4210/4210 1408/4211/4211 1407/4212/4212
f 1407/4213/4213 1408/4214/4214 1402/4215/4215 1401/4216/4216
f 1402/4217/4217 1408/4218/4218 1406/4219/4219 1404/4220/4220
f 1407/4221/4221 1401/4222/4222 1403/4223/4223 1405/4224/4224
f 1409/4225/4225 1410/4226/4226 1412/4227/4227 1411/4228/4228
f 1411/4229/4229 1412/4230/4230 1414/4231/4231 1413/4232/4232
f 1413/4233/4233 1414/4234/4234 1416/4235/4235 1415/4236/4236
f 1415/4237/4237 1416/4238/4238 1410/4239/4239 1409/4240/4240
f 1410/4241/4241 1416/4242/4242 1414/4243/4243 1412/4244/4244
f 1415/4245/4245 1409/4246/4246 1411/4247/4247 1413/4248/4248
f 1417/4249/4249 1418/4250/4250 1420/4251/4251 1419/4252/4252
f 1419/4253/4253 1420/4254/4254 1422/4255/4255 1421/4256/4256
f 1421/4257/4257 1422/4258/4258 1424/4259/4259 1423/4260/4260
f 1423/4261/4261 1424/4262/4262 1418/4263/4263 1417/4264/4264
f 1418/4265/4265 1424/4266/4266 1422/4267/4267 1420/4268/4268
f 1423/4269/4269 1417/4270/4270 1419/4271/4271 1421/4272/4272
f 1425/4273/4273 1426/4274/4274 1428/4275/4275 1427/4276/4276
f 1427/4277/4277 1428/4278/4278 1430/4279/4279 1429/4280/4280
f 1429/4281/4281 1430/4282/4282 1432/4283/4283 1431/4284/4284
f 1431/4285/4285 1432/4286/4286 1426/4287/4287 1425/4288/4288
f 1426/4289/4289 1432/4290/4290 1430/4291/4291 1428/4292/4292
f 1431/4293/4293 1425/4294/4294 1427/4295/4295 1429/4296/4296
f 1433/4297/4297 1434/4298/4298 1436/4299/4299 1435/4300/4300
f 1435/4301/4301 1436/4302/4302 1438/4303/4303 1437/4304/4304
f 1437/4305/4305 1438/4306/4306 1440/4307/4307 1439/4308/4308
f 1439/4309/4309 1440/4310/4310 1434/4311/4311 1433/4312/4312
f 1434/4313/4313 1440/4314/4314 1438/4315/4315 1436/4316/4316
f 1439/4317/4317 1433/4318/4318 1435/4319/4319 1437/4320/4320
f 1441/4321/4321 1442/4322/4322 1444/4323/4323 1443/4324/4324
f 1443/4325/4325 1444/4326/4326 1446/4327/4327 1445/4328/4328
f 1445/4329/4329 1446/4330/4330 1448/4331/4331 1447/4332/4332
f 1447/4333/4333 1448/4334/4334 1442/4335/4335 1441/4336/4336
f 1442/4337/4337 1448/4338/4338 1446/4339/4339 1444/4340/4340
f 1447/4341/4341 1441/4342/4342 1443/4343/4343 1445/4344/4344
f 1449/4345/4345 1450/4346/4346 1452/4347/4347 1451/4348/4348
f 1451/4349/4349 1452/4350/4350 1454/4351/4351 1453/4352/4352
f 1453/4353/4353 1454/4354/4354 1456/4355/4355 1455/4356/4356
f 1455/4357/4357 1456/4358/4358 1450/4359/4359 1449/4360/4360
f 1450/4361/4361 1456/4362/4362 1454/4363/4363 1452/4364/4364
f 1455/4365/4365 1449/4366/4366 1451/4367/4367 1453/4368/4368
f 1457/4369/4369 1458/4370/4370 1460/4371/4371 1459/4372/4372
f 1459/4373/4373 1460/4374/4374 1462/4375/4375 1461/4376/4376
f 1461/4377/4377 1462/4378/4378 1464/4379/4379 1463/4380/4380
f 1463/4381/4381 1464/4382/4382 1458/4383/4383 1457/4384/4384
f 1458/4385/4385 1464/4386/4386 1462/4387/4387 1460/4388/4388
f 1463/4389/4389 1457/4390/4390 1459/4391/4391 1461/4392/4392
f 1465/4393/4393 1466/4394/4394 1468/4395/4395 1467/4396/4396
f 1467/4397/4397 1468/4398/4398 1470/4399/4399 1469/4400/4400
f 1469/4401/4401 1470/4402/4402 1472/4403/4403 1471/4404/4404
f 1471/4405/4405 1472/4406/4406 1466/4407/4407 1465/4408/4408
f 1466/4409/4409 1472/4410/4410 1470/4411/4411 1468/4412/4412
f 1471/4413/4413 1465/4414/4414 1467/4415/4415 1469/4416/4416
f 1473/4417/4417 1474/4418/4418 1476/4419/4419 1475/4420/4420
f 1475/4421/4421 1476/4422/4422 1478/4423/4423 1477/4424/4424
f 1477/4425/4425 1478/4426/4426 1480/4427/4427 1479/4428/4428
f 1479/4429/4429 1480/4430/4430 1474/4431/4431 1473/4432/4432
f 1474/4433/4433 1480/4434/4434 1478/4435/4435 1476/4436/4436
f 1479/4437/4437 1473/4438/4438 1475/4439/4439 1477/4440/4440
f 1481/4441/4441 1482/4442/4442 1484/4443/4443 1483/4444/4444
f 1483/4445/4445 1484/4446/4446 1486/4447/4447 1485/4448/4448
f 1485/4449/4449 1486/4450/4450 1488/4451/4451 1487/4452/4452
f 1487/4453/4453 1488/4454/4454 1482/4455/4455 1481/4456/4456
f 1482/4457/4457 1488/4458/4458 1486/4459/4459 1484/4460/4460
f 1487/4461/4461 1481/4462/4462 1483/4463/4463 1485/4464/4464
f 1489/4465/4465 1490/4466/4466 1492/4467/4467 1491/4468/4468
f 1491/4469/4469 1492/4470/4470 1494/4471/4471 1493/4472/4472
f 1493/4473/4473 1494/4474/4474 1496/4475/4475 1495/4476/4476
f 1495/4477/4477 1496/4478/4478 1490/4479/4479 1489/4480/4480
f 1490/4481/4481 1496/4482/4482 1494/4483/4483 1492/4484/4484
f 1495/4485/4485 1489/4486/4486 1491/4487/4487 1493/4488/4488
f 1497/4489/4489 1498/4490/4490 1500/4491/4491 1499/4492/4492
f 1499/4493/4493 1500/4494/4494 1502/4495/4495 1501/4496/4496
f 1501/4497/4497 1502/4498/4498 1504/4499/4499 1503/4500/4500
f 1503/4501/4501 1504/4502/4502 1498/4503/4503 1497/4504/4504
f 1498/4505/4505 1504/4506/4506 1502/4507/4507 1500/4508/4508
f 1503/4509/4509 1497/4510/4510 1499/4511/4511 1501/4512/4512
f 1505/4513/4513 1506/4514/4514 1508/4515/4515 1507/4516/4516
f 1507/4517/4517 1508/4518/4518 1510/4519/4519 1509/4520/4520
f 1509/4521/4521 1510/4522/4522 1512/4523/4523 1511/4524/4524
f 1511/4525/4525 1512/4526/4526 1506/4527/4527 1505/4528/4528
f 1506/4529/4529 1512/4530/4530 1510/4531/4531 1508/4532/4532
f 1511/4533/4533 1505/4534/4534 1507/4535/4535 1509/4536/4536
f 1513/4537/4537 1514/4538/4538 1516/4539/4539 1515/4540/4540
f 1515/4541/4541 1516/4542/4542 1518/4543/4543 1517/4544/4544
f 1517/4545/4545 1518/4546/4546 1520/4547/4547 1519/4548/4548
f 1519/4549/4549 1520/4550/4550 1514/4551/4551 1513/4552/4552
f 1514/4553/4553 1520/4554/4554 1518/4555/4555 1516/4556/4556
f 1519/4557/4557 1513/4558/4558 1515/4559/4559 1517/4560/4560
f 1521/4561/4561 1522/4562/4562 1524/4563/4563 1523/4564/4564
f 1523/4565/4565 1524/4566/4566 1526/4567/4567 1525/4568/4568
f 1525/4569/4569 1526/4570/4570 1528/4571/4571 1527/4572/4572
f 1527/4573/4573 1528/4574/4574 1522/4575/4575 1521/4576/4576
f 1522/4577/4577 1528/4578/4578 1526/4579/4579 1524/4580/4580
f 1527/4581/4581 1521/4582/4582 1523/4583/4583 1525/4584/4584
f 1529/4585/4585 1530/4586/4586 1532/4587/4587 1531/4588/4588
f 1531/4589/4589 1532/4590/4590 1534/4591/4591 1533/4592/4592
f 1533/4593/4593 1534/4594/4594 1536/4595/4595 1535/4596/4596
f 1535/4597/4597 1536/4598/4598 1530/4599/4599 1529/4600/4600
f 1530/4601/4601 1536/4602/4602 1534/4603/4603 1532/4604/4604
f 1535/4605/4605 1529/4606/4606 1531/4607/4607 1533/4608/4608
f 1537/4609/4609 1538/4610/4610 1540/4611/4611 1539/4612/4612
f 1539/4613/4613 1540/4614/4614 1542/4615/4615 1541/4616/4616
f 1541/4617/4617 1542/4618/4618 1544/4619/4619 1543/4620/4620
f 1543/4621/4621 1544/4622/4622 1538/4623/4623 1537/4624/4624
f 1538/4625/4625 1544/4626/4626 1542/4627/4627 1540/4628/4628
f 1543/4629/4629 1537/4630/4630 1539/4631/4631 1541/4632/4632
s 10
f 1546/4633/4633 1545/4634/4634 1547/4635/4635 1548/4636/4636
f 1550/4637/4637 1549/4638/4638 1551/4639/4639 1552/4640/4640
f 1545/4634/4634 1553/4641/4641 1554/4642/4642 1550/4637/4637
f 1552/4640/4640 1555/4643/4643 1556/4644/4644 1547/4635/4635
f 1557/4645/4645 1556/4644/4644 1558/4646/4646 1559/4647/4647
f 1555/4643/4643 1560/4648/4648 1561/4649/4649 1562/4650/4650
f 1562/4650/4650 1563/4651/4651 1564/4652/4652 1558/4646/4646
f 1565/4653/4653 1564/4652/4652 1566/4654/4654 1567/4655/4655
f 1563/4651/4651 1568/4656/4656 1569/4657/4657 1570/4658/4658
f 1570/4658/4658 1571/4659/4659 1572/4660/4660 1566/4654/4654
f 1573/4661/4661 1572/4660/4660 1574/4662/4662 1575/4663/4663
f 1571/4659/4659 1576/4664/4664 1577/4665/4665 1578/4666/4666
f 1578/4666/4666 1579/4667/4667 1580/4668/4668 1574/4662/4662
f 1581/4669/4669 1580/4668/4668 1582/4670/4670 1583/4671/4671
f 1579/4667/4667 1584/4672/4672 1585/4673/4673 1586/4674/4674
f 1586/4674/4674 1587/4675/4675 1588/4676/4676 1582/4670/4670
f 1589/4677/4677 1588/4676/4676 1590/4678/4678 1591/4679/4679
f 1587/4675/4675 1592/4680/4680 1593/4681/4681 1594/4682/4682
f 1594/4682/4682 1595/4683/4683 1596/4684/4684 1590/4678/4678
f 1597/4685/4685 1596/4684/4684 1598/4686/4686 1599/4687/4687
f 1595/4683/4683 1600/4688/4688 1601/4689/4689 1602/4690/4690
f 1602/4690/4690 1603/4691/4691 1604/4692/4692 1598/4686/4686
f 1605/4693/4693 1604/4692/4692 1606/4694/4694 1607/4695/4695
f 1603/4691/4691 1608/4696/4696 1609/4697/4697 1610/4698/4698
f 1610/4698/4698 1611/4699/4699 1612/4700/4700 1606/4694/4694
f 1613/4701/4701 1612/4700/4700 1614/4702/4702 1615/4703/4703
f 1611/4699/4699 1616/4704/4704 1617/4705/4705 1618/4706/4706
f 1618/4706/4706 1619/4707/4707 1620/4708/4708 1614/4702/4702
f 1622/4709/4709 1621/4710/4710 1623/4711/4711 1624/4712/4712
f 1549/4638/4638 1625/4713/4713 1626/4714/4714 1622/4709/4709
f 1624/4712/4712 1627/4715/4715 1560/4648/4648 1551/4639/4639
f 1627/4715/4715 1628/4716/4716 1629/4717/4717 1630/4718/4718
f 1630/4718/4718 1631/4719/4719 1568/4656/4656 1561/4649/4649
f 1631/4719/4719 1632/4720/4720 1633/4721/4721 1634/4722/4722
f 1634/4722/4722 1635/4723/4723 1576/4664/4664 1569/4657/4657
f 1635/4723/4723 1636/4724/4724 1637/4725/4725 1638/4726/4726
f 1638/4726/4726 1639/4727/4727 1584/4672/4672 1577/4665/4665
f 1639/4727/4727 1640/4728/4728 1641/4729/4729 1642/4730/4730
f 1642/4730/4730 1643/4731/4731 1592/4680/4680 1585/4673/4673
f 1643/4731/4731 1644/4732/4732 1645/4733/4733 1646/4734/4734
f 1646/4734/4734 1647/4735/4735 1600/4688/4688 1593/4681/4681
f 1647/4735/4735 1648/4736/4736 1649/4737/4737 1650/4738/4738
f 1650/4738/4738 1651/4739/4739 1608/4696/4696 1601/4689/4689
f 1651/4739/4739 1652/4740/4740 1653/4741/4741 1654/4742/4742
f 1654/4742/4742 1655/4743/4743 1616/4704/4704 1609/4697/4697
f 1655/4743/4743 1656/4744/4744 1657/4745/4745 1658/4746/4746
f 1658/4746/4746 1659/4747/4747 1660/4748/4748 1617/4705/4705
f 1662/4749/4749 1661/4750/4750 1663/4751/4751 1664/4752/4752
f 1621/4710/4710 1665/4753/4753 1666/4754/4754 1662/4749/4749
f 1664/4752/4752 1667/4755/4755 1628/4716/4716 1623/4711/4711
f 1667/4755/4755 1668/4756/4756 1669/4757/4757 1670/4758/4758
f 1670/4758/4758 1671/4759/4759 1632/4720/4720 1629/4717/4717
f 1671/4759/4759 1672/4760/4760 1673/4761/4761 1674/4762/4762
f 1674/4762/4762 1675/4763/4763 1636/4724/4724 1633/4721/4721
f 1675/4763/4763 1676/4764/4764 1677/4765/4765 1678/4766/4766
f 1678/4766/4766 1679/4767/4767 1640/4728/4728 1637/4725/4725
f 1679/4767/4767 1680/4768/4768 1681/4769/4769 1682/4770/4770
f 1682/4770/4770 1683/4771/4771 1644/4732/4732 1641/4729/4729
f 1683/4771/4771 1684/4772/4772 1685/4773/4773 1686/4774/4774
f 1686/4774/4774 1687/4775/4775 1648/4736/4736 1645/4733/4733
f 1687/4775/4775 1688/4776/4776 1689/4777/4777 1690/4778/4778
f 1690/4778/4778 1691/4779/4779 1652/4740/4740 1649/4737/4737
f 1691/4779/4779 1692/4780/4780 1693/4781/4781 1694/4782/4782
f 1694/4782/4782 1695/4783/4783 1656/4744/4744 1653/4741/4741
f 1695/4783/4783 1696/4784/4784 1697/4785/4785 1698/4786/4786
f 1698/4786/4786 1699/4787/4787 1700/4788/4788 1657/4745/4745
f 1702/4789/4789 1701/4790/4790 1703/4791/4791 1704/4792/4792
f 1661/4750/4750 1705/4793/4793 1706/4794/4794 1702/4789/4789
f 1704/4792/4792 1707/4795/4795 1668/4756/4756 1663/4751/4751
f 1707/4795/4795 1708/4796/4796 1709/4797/4797 1710/4798/4798
f 1710/4798/4798 1711/4799/4799 1672/4760/4760 1669/4757/4757
f 1711/4799/4799 1712/4800/4800 1713/4801/4801 1714/4802/4802
f 1714/4802/4802 1715/4803/4803 1676/4764/4764 1673/4761/4761
f 1715/4803/4803 1716/4804/4804 1717/4805/4805 1718/4806/4806
f 1718/4806/4806 1719/4807/4807 1680/4768/4768 1677/4765/4765
f 1719/4807/4807 1720/4808/4808 1721/4809/4809 1722/4810/4810
f 1722/4810/4810 1723/4811/4811 1684/4772/4772 1681/4769/4769
f 1723/4811/4811 1724/4812/4812 1725/4813/4813 1726/4814/4814
f 1726/4814/4814 1727/4815/4815 1688/4776/4776 1685/4773/4773
f 1727/4815/4815 1728/4816/4816 1729/4817/4817 1730/4818/4818
f 1730/4818/4818 1731/4819/4819 1692/4780/4780 1689/4777/4777
f 1731/4819/4819 1732/4820/4820 1733/4821/4821 1734/4822/4822
f 1734/4822/4822 1735/4823/4823 1696/4784/4784 1693/4781/4781
f 1735/4823/4823 1736/4824/4824 1737/4825/4825 1738/4826/4826
f 1738/4826/4826 1739/4827/4827 1740/4828/4828 1697/4785/4785
f 1742/4829/4829 1741/4830/4830 1743/4831/4831 1744/4832/4832
f 1701/4790/4790 1745/4833/4833 1746/4834/4834 1742/4829/4829
f 1744/4832/4832 1747/4835/4835 1708/4796/4796 1703/4791/4791
f 1747/4835/4835 1748/4836/4836 1749/4837/4837 1750/4838/4838
f 1750/4838/4838 1751/4839/4839 1712/4800/4800 1709/4797/4797
f 1751/4839/4839 1752/4840/4840 1753/4841/4841 1754/4842/4842
f 1754/4842/4842 1755/4843/4843 1716/4804/4804 1713/4801/4801
f 1755/4843/4843 1756/4844/4844 1757/4845/4845 1758/4846/4846
f 1758/4846/4846 1759/4847/4847 1720/4808/4808 1717/4805/4805
f 1759/4847/4847 1760/4848/4848 1761/4849/4849 1762/4850/4850
f 1762/4850/4850 1763/4851/4851 1724/4812/4812 1721/4809/4809
f 1763/4851/4851 1764/4852/4852 1765/4853/4853 1766/4854/4854
f 1766/4854/4854 1767/4855/4855 1728/4816/4816 1725/4813/4813
f 1767/4855/4855 1768/4856/4856 1769/4857/4857 1770/4858/4858
f 1770/4858/4858 1771/4859/4859 1732/4820/4820 1729/4817/4817
f 1771/4859/4859 1772/4860/4860 1773/4861/4861 1774/4862/4862
f 1774/4862/4862 1775/4863/4863 1736/4824/4824 1733/4821/4821
f 1775/4863/4863 1776/4864/4864 1777/4865/4865 1778/4866/4866
f 1778/4866/4866 1779/4867/4867 1780/4868/4868 1737/4825/4825
f 1782/4869/4869 1781/4870/4870 1783/4871/4871 1784/4872/4872
f 1741/4830/4830 1785/4873/4873 1786/4874/4874 1782/4869/4869
f 1784/4872/4872 1787/4875/4875 1748/4836/4836 1743/4831/4831
f 1787/4875/4875 1788/4876/4876 1789/4877/4877 1790/4878/4878
f 1790/4878/4878 1791/4879/4879 1752/4840/4840 1749/4837/4837
f 1791/4879/4879 1792/4880/4880 1793/4881/4881 1794/4882/4882
f 1794/4882/4882 1795/4883/4883 1756/4844/4844 1753/4841/4841
f 1795/4883/4883 1796/4884/4884 1797/4885/4885 1798/4886/4886
f 1798/4886/4886 1799/4887/4887 1760/4848/4848 1757/4845/4845
f 1799/4887/4887 1800/4888/4888 1801/4889/4889 1802/4890/4890
f 1802/4890/4890 1803/4891/4891 1764/4852/4852 1761/4849/4849
f 1803/4891/4891 1804/4892/4892 1805/4893/4893 1806/4894/4894
f 1806/4894/4894 1807/4895/4895 1768/4856/4856 1765/4853/4853
f 1807/4895/4895 1808/4896/4896 1809/4897/4897 1810/4898/4898
f 1810/4898/4898 1811/4899/4899 1772/4860/4860 1769/4857/4857
f 1811/4899/4899 1812/4900/4900 1813/4901/4901 1814/4902/4902
f 1814/4902/4902 1815/4903/4903 1776/4864/4864 1773/4861/4861
f 1815/4903/4903 1816/4904/4904 1817/4905/4905 1818/4906/4906
f 1818/4906/4906 1819/4907/4907 1820/4908/4908 1777/4865/4865
f 1822/4909/4909 1821/4910/4910 1823/4911/4911 1824/4912/4912
f 1781/4870/4870 1825/4913/4913 1826/4914/4914 1822/4909/4909
f 1824/4912/4912 1827/4915/4915 1788/4876/4876 1783/4871/4871
f 1827/4915/4915 1828/4916/4916 1829/4917/4917 1830/4918/4918
f 1830/4918/4918 1831/4919/4919 1792/4880/4880 1789/4877/4877
f 1831/4919/4919 1832/4920/4920 1833/4921/4921 1834/4922/4922
f 1834/4922/4922 1835/4923/4923 1796/4884/4884 1793/4881/4881
f 1835/4923/4923 1836/4924/4924 1837/4925/4925 1838/4926/4926
f 1838/4926/4926 1839/4927/4927 1800/4888/4888 1797/4885/4885
f 1839/4927/4927 1840/4928/4928 1841/4929/4929 1842/4930/4930
f 1842/4930/4930 1843/4931/4931 1804/4892/4892 1801/4889/4889
f 1843/4931/4931 1844/4932/4932 1845/4933/4933 1846/4934/4934
f 1846/4934/4934 1847/4935/4935 1808/4896/4896 1805/4893/4893
f 1847/4935/4935 1848/4936/4936 1849/4937/4937 1850/4938/4938
f 1850/4938/4938 1851/4939/4939 1812/4900/4900 1809/4897/4897
f 1851/4939/4939 1852/4940/4940 1853/4941/4941 1854/4942/4942
f 1854/4942/4942 1855/4943/4943 1816/4904/4904 1813/4901/4901
f 1855/4943/4943 1856/4944/4944 1857/4945/4945 1858/4946/4946
f 1858/4946/4946 1859/4947/4947 1860/4948/4948 1817/4905/4905
f 1862/4949/4949 1861/4950/4950 1863/4951/4951 1864/4952/4952
f 1821/4910/4910 1865/4953/4953 1866/4954/4954 1862/4949/4949
f 1864/4952/4952 1867/4955/4955 1828/4916/4916 1823/4911/4911
f 1867/4955/4955 1868/4956/4956 1869/4957/4957 1870/4958/4958
f 1870/4958/4958 1871/4959/4959 1832/4920/4920 1829/4917/4917
f 1871/4959/4959 1872/4960/4960 1873/4961/4961 1874/4962/4962
f 1874/4962/4962 1875/4963/4963 1836/4924/4924 1833/4921/4921
f 1875/4963/4963 1876/4964/4964 1877/4965/4965 1878/4966/4966
f 1878/4966/4966 1879/4967/4967 1840/4928/4928 1837/4925/4925
f 1879/4967/4967 1880/4968/4968 1881/4969/4969 1882/4970/4970
f 1882/4970/4970 1883/4971/4971 1844/4932/4932 1841/4929/4929
f 1883/4971/4971 1884/4972/4972 1885/4973/4973 1886/4974/4974
f 1886/4974/4974 1887/4975/4975 1848/4936/4936 1845/4933/4933
f 1887/4975/4975 1888/4976/4976 1889/4977/4977 1890/4978/4978
f 1890/4978/4978 1891/4979/4979 1852/4940/4940 1849/4937/4937
f 1891/4979/4979 1892/4980/4980 1893/4981/4981 1894/4982/4982
f 1894/4982/4982 1895/4983/4983 1856/4944/4944 1853/4941/4941
f 1895/4983/4983 1896/4984/4984 1897/4985/4985 1898/4986/4986
f 1898/4986/4986 1899/4987/4987 1900/4988/4988 1857/4945/4945
f 1902/4989/4989 1901/4990/4990 1903/4991/4991 1904/4992/4992
f 1861/4950/4950 1905/4993/4993 1906/4994/4994 1902/4989/4989
f 1904/4992/4992 1907/4995/4995 1868/4956/4956 1863/4951/4951
f 1907/4995/4995 1908/4996/4996 1909/4997/4997 1910/4998/4998
f 1910/4998/4998 1911/4999/4999 1872/4960/4960 1869/4957/4957
f 1911/4999/4999 1912/5000/5000 1913/5001/5001 1914/5002/5002
f 1914/5002/5002 1915/5003/5003 1876/4964/4964 1873/4961/4961
f 1915/5003/5003 1916/5004/5004 1917/5005/5005 1918/5006/5006
f 1918/5006/5006 1919/5007/5007 1880/4968/4968 1877/4965/4965
f 1919/5007/5007 1920/5008/5008 1921/5009/5009 1922/5010/5010
f 1922/5010/5010 1923/5011/5011 1884/4972/4972 1881/4969/4969
f 1923/5011/5011 1924/5012/5012 1925/5013/5013 1926/5014/5014
f 1926/5014/5014 1927/5015/5015 1888/4976/4976 1885/4973/4973
f 1927/5015/5015 1928/5016/5016 1929/5017/5017 1930/5018/5018
f 1930/5018/5018 1931/5019/5019 1892/4980/4980 1889/4977/4977
f 1931/5019/5019 1932/5020/5020 1933/5021/5021 1934/5022/5022
f 1934/5022/5022 1935/5023/5023 1896/4984/4984 1893/4981/4981
f 1935/5023/5023 1936/5024/5024 1937/5025/5025 1938/5026/5026
f 1938/5026/5026 1939/5027/5027 1940/5028/5028 1897/4985/4985
f 1550/4637/4637 1552/4640/4640 1547/4635/4635 1545/4634/4634
f 1555/4643/4643 1562/4650/4650 1558/4646/4646 1556/4644/4644
f 1563/4651/4651 1570/4658/4658 1566/4654/4654 1564/4652/4652
f 1571/4659/4659 1578/4666/4666 1574/4662/4662 1572/4660/4660
f 1579/4667/4667 1586/4674/4674 1582/4670/4670 1580/4668/4668
f 1587/4675/4675 1594/4682/4682 1590/4678/4678 1588/4676/4676
f 1595/4683/4683 1602/4690/4690 1598/4686/4686 1596/4684/4684
f 1603/4691/4691 1610/4698/4698 1606/4694/4694 1604/4692/4692
f 1611/4699/4699 1618/4706/4706 1614/4702/4702 1612/4700/4700
f 1622/4709/4709 1624/4712/4712 1551/4639/4639 1549/4638/4638
f 1627/4715/4715 1630/4718/4718 1561/4649/4649 1560/4648/4648
f 1631/4719/4719 1634/4722/4722 1569/4657/4657 1568/4656/4656
f 1635/4723/4723 1638/4726/4726 1577/4665/4665 1576/4664/4664
f 1639/4727/4727 1642/4730/4730 1585/4673/4673 1584/4672/4672
f 1643/4731/4731 1646/4734/4734 1593/4681/4681 1592/4680/4680
f 1647/4735/4735 1650/4738/4738 1601/4689/4689 1600/4688/4688
f 1651/4739/4739 1654/4742/4742 1609/4697/4697 1608/4696/4696
f 1655/4743/4743 1658/4746/4746 1617/4705/4705 1616/4704/4704
f 1662/4749/4749 1664/4752/4752 1623/4711/4711 1621/4710/4710
f 1667/4755/4755 1670/4758/4758 1629/4717/4717 1628/4716/4716
f 1671/4759/4759 1674/4762/4762 1633/4721/4721 1632/4720/4720
f 1675/4763/4763 1678/4766/4766 1637/4725/4725 1636/4724/4724
f 1679/4767/4767 1682/4770/4770 1641/4729/4729 1640/4728/4728
f 1683/4771/4771 1686/4774/4774 1645/4733/4733 1644/4732/4732
f 1687/4775/4775 1690/4778/4778 1649/4737/4737 1648/4736/4736
f 1691/4779/4779 1694/4782/4782 1653/4741/4741 1652/4740/4740
f 1695/4783/4783 1698/4786/4786 1657/4745/4745 1656/4744/4744
f 1702/4789/4789 1704/4792/4792 1663/4751/4751 1661/4750/4750
f 1707/4795/4795 1710/4798/4798 1669/4757/4757 1668/4756/4756
f 1711/4799/4799 1714/4802/4802 1673/4761/4761 1672/4760/4760
f 1715/4803/4803 1718/4806/4806 1677/4765/4765 1676/4764/4764
f 1719/4807/4807 1722/4810/4810 1681/4769/4769 1680/4768/4768
f 1723/4811/4811 1726/4814/4814 1685/4773/4773 1684/4772/4772
f 1727/4815/4815 1730/4818/4818 1689/4777/4777 1688/4776/4776
f 1731/4819/4819 1734/4822/4822 1693/4781/4781 1692/4780/4780
f 1735/4823/4823 1738/4826/4826 1697/4785/4785 1696/4784/4784
f 1742/4829/4829 1744/4832/4832 1703/4791/4791 1701/4790/4790
f 1747/4835/4835 1750/4838/4838 1709/4797/4797 1708/4796/4796
f 1751/4839/4839 1754/4842/4842 1713/4801/4801 1712/4800/4800
f 1755/4843/4843 1758/4846/4846 1717/4805/4805 1716/4804/4804
f 1759/4847/4847 1762/4850/4850 1721/4809/4809 1720/4808/4808
f 1763/4851/4851 1766/4854/4854 1725/4813/4813 1724/4812/4812
f 1767/4855/4855 1770/4858/4858 1729/4817/4817 1728/4816/4816
f 1771/4859/4859 1774/4862/4862 1733/4821/4821 1732/4820/4820
f 1775/4863/4863 1778/4866/4866 1737/4825/4825 1736/4824/4824
f 1782/4869/4869 1784/4872/4872 1743/4831/4831 1741/4830/4830
f 1787/4875/4875 1790/4878/4878 1749/4837/4837 1748/4836/4836
f 1791/4879/4879 1794/4882/4882 1753/4841/4841 1752/4840/4840
f 1795/4883/4883 1798/4886/4886 1757/4845/4845 1756/4844/4844
f 1799/4887/4887 1802/4890/4890 1761/4849/4849 1760/4848/4848
f 1803/4891/4891 1806/4894/4894 1765/4853/4853 1764/4852/4852
f 1807/4895/4895 1810/4898/4898 1769/4857/4857 1768/4856/4856
f 1811/4899/4899 1814/4902/4902 1773/4861/4861 1772/4860/4860
f 1815/4903/4903 1818/4906/4906 1777/4865/4865 1776/4864/4864
f 1822/4909/4909 1824/4912/4912 1783/4871/4871 1781/4870/4870
f 1827/4915/4915 1830/4918/4918 1789/4877/4877 1788/4876/4876
f 1831/4919/4919 1834/4922/4922 1793/4881/4881 1792/4880/4880
f 1835/4923/4923 1838/4926/4926 1797/4885/4885 1796/4884/4884
f 1839/4927/4927 1842/4930/4930 1801/4889/4889 1800/4888/4888
f 1843/4931/4931 1846/4934/4934 1805/4893/4893 1804/4892/4892
f 1847/4935/4935 1850/4938/4938 1809/4897/4897 1808/4896/4896
f 1851/4939/4939 1854/4942/4942 1813/4901/4901 1812/4900/4900
f 1855/4943/4943 1858/4946/4946 1817/4905/4905 1816/4904/4904
f 1862/4949/4949 1864/4952/4952 1823/4911/4911 1821/4910/4910
f 1867/4955/4955 1870/4958/4958 1829/4917/4917 1828/4916/4916
f 1871/4959/4959 1874/4962/4962 1833/4921/4921 1832/4920/4920
f 1875/4963/4963 1878/4966/4966 1837/4925/4925 1836/4924/4924
f 1879/4967/4967 1882/4970/4970 1841/4929/4929 1840/4928/4928
f 1883/4971/4971 1886/4974/4974 1845/4933/4933 1844/4932/4932
f 1887/4975/4975 1890/4978/4978 1849/4937/4937 1848/4936/4936
f 1891/4979/4979 1894/4982/4982 1853/4941/4941 1852/4940/4940
f 1895/4983/4983 1898/4986/4986 1857/4945/4945 1856/4944/4944
f 1902/4989/4989 1904/4992/4992 1863/4951/4951 1861/4950/4950
f 1907/4995/4995 1910/4998/4998 1869/4957/4957 1868/4956/4956
f 1911/4999/4999 1914/5002/5002 1873/4961/4961 1872/4960/4960
f 1915/5003/5003 1918/5006/5006 1877/4965/4965 1876/4964/4964
f 1919/5007/5007 1922/5010/5010 1881/4969/4969 1880/4968/4968
f 1923/5011/5011 1926/5014/5014 1885/4973/4973 1884/4972/4972
f 1927/5015/5015 1930/5018/5018 1889/4977/4977 1888/4976/4976
f 1931/5019/5019 1934/5022/5022 1893/4981/4981 1892/4980/4980
f 1935/5023/5023 1938/5026/5026 1897/4985/4985 1896/4984/4984
s off
f 1546/4633/5029 1941/5029/5030 1942/5030/5031 1943/5031/5032
f 1557/4645/5033 1944/5032/5034 1945/5033/5035 1548/4636/5036
f 1565/4653/5037 1946/5034/5038 1947/5035/5039 1559/4647/5040
f 1573/4661/5041 1948/5036/5042 1949/5037/5043 1567/4655/5044
f 1581/4669/5045 1950/5038/5046 1951/5039/5047 1575/4663/5048
f 1589/4677/5049 1952/5040/5050 1953/5041/5051 1583/4671/5052
f 1597/4685/5053 1954/5042/5054 1955/5043/5055 1591/4679/5056
f 1605/4693/5057 1956/5044/5058 1957/5045/5059 1599/4687/5060
f 1613/4701/5061 1958/5046/5062 1959/5047/5063 1607/4695/5064
f 1960/5048/5065 1961/5049/5066 1962/5050/5067 1615/4703/5068
f 1548/4636/5069 1945/5033/5070 1941/5029/5071 1546/4633/5072
f 1559/4647/5073 1947/5035/5074 1944/5032/5075 1557/4645/5076
f 1567/4655/5077 1949/5037/5078 1946/5034/5079 1565/4653/5080
f 1575/4663/5081 1951/5039/5082 1948/5036/5083 1573/4661/5084
f 1583/4671/5085 1953/5041/5086 1950/5038/5087 1581/4669/5088
f 1591/4679/5089 1955/5043/5090 1952/5040/5091 1589/4677/5092
f 1599/4687/5093 1957/5045/5094 1954/5042/5095 1597/4685/5096
f 1607/4695/5097 1959/5047/5098 1956/5044/5099 1605/4693/5100
f 1615/4703/5101 1962/5050/5102 1958/5046/5103 1613/4701/5104
f 1945/5033/5105 1963/5051/5106 1964/5052/5107 1941/5029/5108
f 1947/5035/5109 1965/5053/5110 1966/5054/5111 1944/5032/5112
f 1949/5037/5113 1967/5055/5114 1968/5056/5115 1946/5034/5116
f 1951/5039/5117 1969/5057/5118 1970/5058/5119 1948/5036/5120
f 1953/5041/5121 1971/5059/5122 1972/5060/5123 1950/5038/5124
f 1955/5043/5125 1973/5061/5126 1974/5062/5127 1952/5040/5128
f 1957/5045/5129 1975/5063/5130 1976/5064/5131 1954/5042/5132
f 1959/5047/5133 1977/5065/5134 1978/5066/5135 1956/5044/5136
f 1962/5050/5137 1979/5067/5138 1980/5068/5139 1958/5046/5140
f 1943/5031/5141 1981/5069/5142 1982/5070/5143 1553/4641/5144
f 1554/4642/5145 1983/5071/5146 1984/5072/5147 1625/4713/5148
f 1626/4714/5149 1985/5073/5150 1986/5074/5151 1665/4753/5152
f 1666/4754/5153 1987/5075/5154 1988/5076/5155 1705/4793/5156
f 1706/4794/5157 1989/5077/5158 1990/5078/5159 1745/4833/5160
f 1746/4834/5161 1991/5079/5162 1992/5080/5163 1785/4873/5164
f 1786/4874/5165 1993/5081/5166 1994/5082/5167 1825/4913/5168
f 1826/4914/5169 1995/5083/5170 1996/5084/5171 1865/4953/5172
f 1866/4954/5173 1997/5085/5174 1998/5086/5175 1905/4993/5176
f 1906/4994/5177 1999/5087/5178 2000/5088/5179 2001/5089/5180
f 1553/4641/5181 1982/5070/5182 1983/5071/5183 1554/4642/5184
f 1625/4713/5185 1984/5072/5186 1985/5073/5187 1626/4714/5188
f 1665/4753/5189 1986/5074/5190 1987/5075/5191 1666/4754/5192
f 1705/4793/5193 1988/5076/5194 1989/5077/5195 1706/4794/5196
f 1745/4833/5197 1990/5078/5198 1991/5079/5199 1746/4834/5200
f 1785/4873/5201 1992/5080/5202 1993/5081/5203 1786/4874/5204
f 1825/4913/5205 1994/5082/5206 1995/5083/5207 1826/4914/5208
f 1865/4953/5209 1996/5084/5210 1997/5085/5211 1866/4954/5212
f 1905/4993/5213 1998/5086/5214 1999/5087/5215 1906/4994/5216
f 1942/5030/5217 2002/5090/5218 1981/5069/5219 1943/5031/5220
f 2003/5091/5221 2004/5092/5222 2002/5090/5223 1942/5030/5224
f 1982/5070/5225 2005/5093/5226 2006/5094/5227 1983/5071/5228
f 1984/5072/5229 2007/5095/5230 2008/5096/5231 1985/5073/5232
f 1986/5074/5233 2009/5097/5234 2010/5098/5235 1987/5075/5236
f 1988/5076/5237 2011/5099/5238 2012/5100/5239 1989/5077/5240
f 1990/5078/5241 2013/5101/5242 2014/5102/5243 1991/5079/5244
f 1992/5080/5245 2015/5103/5246 2016/5104/5247 1993/5081/5248
f 1994/5082/5249 2017/5105/5250 2018/5106/5251 1995/5083/5252
f 1996/5084/5253 2019/5107/5254 2020/5108/5255 1997/5085/5256
f 1998/5086/5257 2021/5109/5258 2022/5110/5259 1999/5087/5260
f 2002/5090/5261 2023/5111/5262 2024/5112/5263 1981/5069/5264
f 2025/5113/5265 2026/5114/5266 1545/5115/5267 1546/5116/5268
f 2027/5117/5269 2028/5118/5270 1548/5119/5271 1547/5120/5272
f 2029/5121/5273 2030/5122/5274 1549/5123/5275 1550/5124/5276
f 2031/5125/5277 2032/5126/5278 1552/5127/5279 1551/5128/5280
f 2026/5129/5281 2033/5130/5282 1553/5131/5283 1545/5132/5284
f 2034/5133/5285 2029/5134/5286 1550/5135/5287 1554/5136/5288
f 2032/5137/5289 2035/5138/5290 1555/5139/5291 1552/5140/5292
f 2036/5141/5293 2027/5142/5294 1547/5143/5295 1556/5144/5296
f 2037/5145/5297 2036/5146/5298 1556/5147/5299 1557/5148/5300
f 2038/5149/5301 2039/5150/5302 1559/5151/5303 1558/5152/5304
f 2035/5153/5305 2040/5154/5306 1560/5155/5307 1555/5156/5308
f 2041/5157/5309 2042/5158/5310 1562/5159/5311 1561/5160/5312
f 2042/5161/5313 2043/5162/5314 1563/5163/5315 1562/5164/5316
f 2044/5165/5317 2038/5166/5318 1558/5167/5319 1564/5168/5320
f 2045/5169/5321 2044/5170/5322 1564/5171/5323 1565/5172/5324
f 2046/5173/5325 2047/5174/5326 1567/5175/5327 1566/5176/5328
f 2043/5177/5329 2048/5178/5330 1568/5179/5331 1563/5180/5332
f 2049/5181/5333 2050/5182/5334 1570/5183/5335 1569/5184/5336
f 2050/5185/5337 2051/5186/5338 1571/5187/5339 1570/5188/5340
f 2052/5189/5341 2046/5190/5342 1566/5191/5343 1572/5192/5344
f 2053/5193/5345 2052/5194/5346 1572/5195/5347 1573/5196/5348
f 2054/5197/5349 2055/5198/5350 1575/5199/5351 1574/5200/5352
f 2051/5201/5353 2056/5202/5354 1576/5203/5355 1571/5204/5356
f 2057/5205/5357 2058/5206/5358 1578/5207/5359 1577/5208/5360
f 2058/5209/5361 2059/5210/5362 1579/5211/5363 1578/5212/5364
f 2060/5213/5365 2054/5214/5366 1574/5215/5367 1580/5216/5368
f 2061/5217/5369 2060/5218/5370 1580/5219/5371 1581/5220/5372
f 2062/5221/5373 2063/5222/5374 1583/5223/5375 1582/5224/5376
f 2059/5225/5377 2064/5226/5378 1584/5227/5379 1579/5228/5380
f 2065/5229/5381 2066/5230/5382 1586/5231/5383 1585/5232/5384
f 2066/5233/5385 2067/5234/5386 1587/5235/5387 1586/5236/5388
f 2068/5237/5389 2062/5238/5390 1582/5239/5391 1588/5240/5392
f 2069/5241/5393 2068/5242/5394 1588/5243/5395 1589/5244/5396
f 2070/5245/5397 2071/5246/5398 1591/5247/5399 1590/5248/5400
f 2067/5249/5401 2072/5250/5402 1592/5251/5403 1587/5252/5404
f 2073/5253/5405 2074/5254/5406 1594/5255/5407 1593/5256/5408
f 2074/5257/5409 2075/5258/5410 1595/5259/5411 1594/5260/5412
f 2076/5261/5413 2070/5262/5414 1590/5263/5415 1596/5264/5416
f 2077/5265/5417 2076/5266/5418 1596/5267/5419 1597/5268/5420
f 2078/5269/5421 2079/5270/5422 1599/5271/5423 1598/5272/5424
f 2075/5273/5425 2080/5274/5426 1600/5275/5427 1595/5276/5428
f 2081/5277/5429 2082/5278/5430 1602/5279/5431 1601/5280/5432
f 2082/5281/5433 2083/5282/5434 1603/5283/5435 1602/5284/5436
f 2084/5285/5437 2078/5286/5438 1598/5287/5439 1604/5288/5440
f 2085/5289/5441 2084/5290/5442 1604/5291/5443 1605/5292/5444
f 2086/5293/5445 2087/5294/5446 1607/5295/5447 1606/5296/5448
f 2083/5297/5449 2088/5298/5450 1608/5299/5451 1603/5300/5452
f 2089/5301/5453 2090/5302/5454 1610/5303/5455 1609/5304/5456
f 2090/5305/5457 2091/5306/5458 1611/5307/5459 1610/5308/5460
f 2092/5309/5461 2086/5310/5462 1606/5311/5463 1612/5312/5464
f 2093/5313/5465 2092/5314/5466 1612/5315/5467 1613/5316/5468
f 2094/5317/5469 2095/5318/5470 1615/5319/5471 1614/5320/5472
f 2091/5321/5473 2096/5322/5474 1616/5323/5475 1611/5324/5476
f 2097/5325/5477 2098/5326/5478 1618/5327/5479 1617/5328/5480
f 2098/5329/5481 2099/5330/5482 1619/5331/5483 1618/5332/5484
f 2099/5333/5485 2100/5334/5486 1620/5335/5487 1619/5336/5488
f 2100/5337/5489 2094/5338/5490 1614/5339/5491 1620/5340/5492
f 2101/5341/5493 2102/5342/5494 1621/5343/5495 1622/5344/5496
f 2103/5345/5497 2104/5346/5498 1624/5347/5499 1623/5348/5500
f 2030/5349/5501 2105/5350/5502 1625/5351/5503 1549/5352/5504
f 2106/5353/5505 2101/5354/5506 1622/5355/5507 1626/5356/5508
f 2104/5357/5509 2107/5358/5510 1627/5359/5511 1624/5360/5512
f 2040/5361/5513 2031/5362/5514 1551/5363/5515 1560/5364/5516
f 2107/5365/5517 2108/5366/5518 1628/5367/5519 1627/5368/5520
f 2109/5369/5521 2110/5370/5522 1630/5371/5523 1629/5372/5524
f 2110/5373/5525 2111/5374/5526 1631/5375/5527 1630/5376/5528
f 2048/5377/5529 2041/5378/5530 1561/5379/5531 1568/5380/5532
f 2111/5381/5533 2112/5382/5534 1632/5383/5535 1631/5384/5536
f 2113/5385/5537 2114/5386/5538 1634/5387/5539 1633/5388/5540
f 2114/5389/5541 2115/5390/5542 1635/5391/5543 1634/5392/5544
f 2056/5393/5545 2049/5394/5546 1569/5395/5547 1576/5396/5548
f 2115/5397/5549 2116/5398/5550 1636/5399/5551 1635/5400/5552
f 2117/5401/5553 2118/5402/5554 1638/5403/5555 1637/5404/5556
f 2118/5405/5557 2119/5406/5558 1639/5407/5559 1638/5408/5560
f 2064/5409/5561 2057/5410/5562 1577/5411/5563 1584/5412/5564
f 2119/5413/5565 2120/5414/5566 1640/5415/5567 1639/5416/5568
f 2121/5417/5569 2122/5418/5570 1642/5419/5571 1641/5420/5572
f 2122/5421/5573 2123/5422/5574 1643/5423/5575 1642/5424/5576
f 2072/5425/5577 2065/5426/5578 1585/5427/5579 1592/5428/5580
f 2123/5429/5581 2124/5430/5582 1644/5431/5583 1643/5432/5584
f 2125/5433/5585 2126/5434/5586 1646/5435/5587 1645/5436/5588
f 2126/5437/5589 2127/5438/5590 1647/5439/5591 1646/5440/5592
f 2080/5441/5593 2073/5442/5594 1593/5443/5595 1600/5444/5596
f 2127/5445/5597 2128/5446/5598 1648/5447/5599 1647/5448/5600
f 2129/5449/5601 2130/5450/5602 1650/5451/5603 1649/5452/5604
f 2130/5453/5605 2131/5454/5606 1651/5455/5607 1650/5456/5608
f 2088/5457/5609 2081/5458/5610 1601/5459/5611 1608/5460/5612
f 2131/5461/5613 2132/5462/5614 1652/5463/5615 1651/5464/5616
f 2133/5465/5617 2134/5466/5618 1654/5467/5619 1653/5468/5620
f 2134/5469/5621 2135/5470/5622 1655/5471/5623 1654/5472/5624
f 2096/5473/5625 2089/5474/5626 1609/5475/5627 1616/5476/5628
f 2135/5477/5629 2136/5478/5630 1656/5479/5631 1655/5480/5632
f 2137/5481/5633 2138/5482/5634 1658/5483/5635 1657/5484/5636
f 2138/5485/5637 2139/5486/5638 1659/5487/5639 1658/5488/5640
f 2139/5489/5641 2140/5490/5642 1660/5491/5643 1659/5492/5644
f 2140/5493/5645 2097/5494/5646 1617/5495/5647 1660/5496/5648
f 2141/5497/5649 2142/5498/5650 1661/5499/5651 1662/5500/5652
f 2143/5501/5653 2144/5502/5654 1664/5503/5655 1663/5504/5656
f 2102/5505/5657 2145/5506/5658 1665/5507/5659 1621/5508/5660
f 2146/5509/5661 2141/5510/5662 1662/5511/5663 1666/5512/5664
f 2144/5513/5665 2147/5514/5666 1667/5515/5667 1664/5516/5668
f 2108/5517/5669 2103/5518/5670 1623/5519/5671 1628/5520/5672
f 2147/5521/5673 2148/5522/5674 1668/5523/5675 1667/5524/5676
f 2149/5525/5677 2150/5526/5678 1670/5527/5679 1669/5528/5680
f 2150/5529/5681 2151/5530/5682 1671/5531/5683 1670/5532/5684
f 2112/5533/5685 2109/5534/5686 1629/5535/5687 1632/5536/5688
f 2151/5537/5689 2152/5538/5690 1672/5539/5691 1671/5540/5692
f 2153/5541/5693 2154/5542/5694 1674/5543/5695 1673/5544/5696
f 2154/5545/5697 2155/5546/5698 1675/5547/5699 1674/5548/5700
f 2116/5549/5701 2113/5550/5702 1633/5551/5703 1636/5552/5704
f 2155/5553/5705 2156/5554/5706 1676/5555/5707 1675/5556/5708
f 2157/5557/5709 2158/5558/5710 1678/5559/5711 1677/5560/5712
f 2158/5561/5713 2159/5562/5714 1679/5563/5715 1678/5564/5716
f 2120/5565/5717 2117/5566/5718 1637/5567/5719 1640/5568/5720
f 2159/5569/5721 2160/5570/5722 1680/5571/5723 1679/5572/5724
f 2161/5573/5725 2162/5574/5726 1682/5575/5727 1681/5576/5728
f 2162/5577/5729 2163/5578/5730 1683/5579/5731 1682/5580/5732
f 2124/5581/5733 2121/5582/5734 1641/5583/5735 1644/5584/5736
f 2163/5585/5737 2164/5586/5738 1684/5587/5739 1683/5588/5740
f 2165/5589/5741 2166/5590/5742 1686/5591/5743 1685/5592/5744
f 2166/5593/5745 2167/5594/5746 1687/5595/5747 1686/5596/5748
f 2128/5597/5749 2125/5598/5750 1645/5599/5751 1648/5600/5752
f 2167/5601/5753 2168/5602/5754 1688/5603/5755 1687/5604/5756
f 2169/5605/5757 2170/5606/5758 1690/5607/5759 1689/5608/5760
f 2170/5609/5761 2171/5610/5762 1691/5611/5763 1690/5612/5764
f 2132/5613/5765 2129/5614/5766 1649/5615/5767 1652/5616/5768
f 2171/5617/5769 2172/5618/5770 1692/5619/5771 1691/5620/5772
f 2173/5621/5773 2174/5622/5774 1694/5623/5775 1693/5624/5776
f 2174/5625/5777 2175/5626/5778 1695/5627/5779 1694/5628/5780
f 2136/5629/5781 2133/5630/5782 1653/5631/5783 1656/5632/5784
f 2175/5633/5785 2176/5634/5786 1696/5635/5787 1695/5636/5788
f 2177/5637/5789 2178/5638/5790 1698/5639/5791 1697/5640/5792
f 2178/5641/5793 2179/5642/5794 1699/5643/5795 1698/5644/5796
f 2179/5645/5797 2180/5646/5798 1700/5647/5799 1699/5648/5800
f 2180/5649/5801 2137/5650/5802 1657/5651/5803 1700/5652/5804
f 2181/5653/5805 2182/5654/5806 1701/5655/5807 1702/5656/5808
f 2183/5657/5809 2184/5658/5810 1704/5659/5811 1703/5660/5812
f 2142/5661/5813 2185/5662/5814 1705/5663/5815 1661/5664/5816
f 2186/5665/5817 2181/5666/5818 1702/5667/5819 1706/5668/5820
f 2184/5669/5821 2187/5670/5822 1707/5671/5823 1704/5672/5824
f 2148/5673/5825 2143/5674/5826 1663/5675/5827 1668/5676/5828
f 2187/5677/5829 2188/5678/5830 1708/5679/5831 1707/5680/5832
f 2189/5681/5833 2190/5682/5834 1710/5683/5835 1709/5684/5836
f 2190/5685/5837 2191/5686/5838 1711/5687/5839 1710/5688/5840
f 2152/5689/5841 2149/5690/5842 1669/5691/5843 1672/5692/5844
f 2191/5693/5845 2192/5694/5846 1712/5695/5847 1711/5696/5848
f 2193/5697/5849 2194/5698/5850 1714/5699/5851 1713/5700/5852
f 2194/5701/5853 2195/5702/5854 1715/5703/5855 1714/5704/5856
f 2156/5705/5857 2153/5706/5858 1673/5707/5859 1676/5708/5860
f 2195/5709/5861 2196/5710/5862 1716/5711/5863 1715/5712/5864
f 2197/5713/5865 2198/5714/5866 1718/5715/5867 1717/5716/5868
f 2198/5717/5869 2199/5718/5870 1719/5719/5871 1718/5720/5872
f 2160/5721/5873 2157/5722/5874 1677/5723/5875 1680/5724/5876
f 2199/5725/5877 2200/5726/5878 1720/5727/5879 1719/5728/5880
f 2201/5729/5881 2202/5730/5882 1722/5731/5883 1721/5732/5884
f 2202/5733/5885 2203/5734/5886 1723/5735/5887 1722/5736/5888
f 2164/5737/5889 2161/5738/5890 1681/5739/5891 1684/5740/5892
f 2203/5741/5893 2204/5742/5894 1724/5743/5895 1723/5744/5896
f 2205/5745/5897 2206/5746/5898 1726/5747/5899 1725/5748/5900
f 2206/5749/5901 2207/5750/5902 1727/5751/5903 1726/5752/5904
f 2168/5753/5905 2165/5754/5906 1685/5755/5907 1688/5756/5908
f 2207/5757/5909 2208/5758/5910 1728/5759/5911 1727/5760/5912
f 2209/5761/5913 2210/5762/5914 1730/5763/5915 1729/5764/5916
f 2210/5765/5917 2211/5766/5918 1731/5767/5919 1730/5768/5920
f 2172/5769/5921 2169/5770/5922 1689/5771/5923 1692/5772/5924
f 2211/5773/5925 2212/5774/5926 1732/5775/5927 1731/5776/5928
f 2213/5777/5929 2214/5778/5930 1734/5779/5931 1733/5780/5932
f 2214/5781/5933 2215/5782/5934 1735/5783/5935 1734/5784/5936
f 2176/5785/5937 2173/5786/5938 1693/5787/5939 1696/5788/5940
f 2215/5789/5941 2216/5790/5942 1736/5791/5943 1735/5792/5944
f 2217/5793/5945 2218/5794/5946 1738/5795/5947 1737/5796/5948
f 2218/5797/5949 2219/5798/5950 1739/5799/5951 1738/5800/5952
f 2219/5801/5953 2220/5802/5954 1740/5803/5955 1739/5804/5956
f 2220/5805/5957 2177/5806/5958 1697/5807/5959 1740/5808/5960
f 2221/5809/5961 2222/5810/5962 1741/5811/5963 1742/5812/5964
f 2223/5813/5965 2224/5814/5966 1744/5815/5967 1743/5816/5968
f 2182/5817/5969 2225/5818/5970 1745/5819/5971 1701/5820/5972
f 2226/5821/5973 2221/5822/5974 1742/5823/5975 1746/5824/5976
f 2224/5825/5977 2227/5826/5978 1747/5827/5979 1744/5828/5980
f 2188/5829/5981 2183/5830/5982 1703/5831/5983 1708/5832/5984
f 2227/5833/5985 2228/5834/5986 1748/5835/5987 1747/5836/5988
f 2229/5837/5989 2230/5838/5990 1750/5839/5991 1749/5840/5992
f 2230/5841/5993 2231/5842/5994 1751/5843/5995 1750/5844/5996
f 2192/5845/5997 2189/5846/5998 1709/5847/5999 1712/5848/6000
f 2231/5849/6001 2232/5850/6002 1752/5851/6003 1751/5852/6004
f 2233/5853/6005 2234/5854/6006 1754/5855/6007 1753/5856/6008
f 2234/5857/6009 2235/5858/6010 1755/5859/6011 1754/5860/6012
f 2196/5861/6013 2193/5862/6014 1713/5863/6015 1716/5864/6016
f 2235/5865/6017 2236/5866/6018 1756/5867/6019 1755/5868/6020
f 2237/5869/6021 2238/5870/6022 1758/5871/6023 1757/5872/6024
f 2238/5873/6025 2239/5874/6026 1759/5875/6027 1758/5876/6028
f 2200/5877/6029 2197/5878/6030 1717/5879/6031 1720/5880/6032
f 2239/5881/6033 2240/5882/6034 1760/5883/6035 1759/5884/6036
f 2241/5885/6037 2242/5886/6038 1762/5887/6039 1761/5888/6040
f 2242/5889/6041 2243/5890/6042 1763/5891/6043 1762/5892/6044
f 2204/5893/6045 2201/5894/6046 1721/5895/6047 1724/5896/6048
f 2243/5897/6049 2244/5898/6050 1764/5899/6051 1763/5900/6052
f 2245/5901/6053 2246/5902/6054 1766/5903/6055 1765/5904/6056
f 2246/5905/6057 2247/5906/6058 1767/5907/6059 1766/5908/6060
f 2208/5909/6061 2205/5910/6062 1725/5911/6063 1728/5912/6064
f 2247/5913/6065 2248/5914/6066 1768/5915/6067 1767/5916/6068
f 2249/5917/6069 2250/5918/6070 1770/5919/6071 1769/5920/6072
f 2250/5921/6073 2251/5922/6074 1771/5923/6075 1770/5924/6076
f 2212/5925/6077 2209/5926/6078 1729/5927/6079 1732/5928/6080
f 2251/5929/6081 2252/5930/6082 1772/5931/6083 1771/5932/6084
f 2253/5933/6085 2254/5934/6086 1774/5935/6087 1773/5936/6088
f 2254/5937/6089 2255/5938/6090 1775/5939/6091 1774/5940/6092
f 2216/5941/6093 2213/5942/6094 1733/5943/6095 1736/5944/6096
f 2255/5945/6097 2256/5946/6098 1776/5947/6099 1775/5948/6100
f 2257/5949/6101 2258/5950/6102 1778/5951/6103 1777/5952/6104
f 2258/5953/6105 2259/5954/6106 1779/5955/6107 1778/5956/6108
f 2259/5957/6109 2260/5958/6110 1780/5959/6111 1779/5960/6112
f 2260/5961/6113 2217/5962/6114 1737/5963/6115 1780/5964/6116
f 2261/5965/6117 2262/5966/6118 1781/5967/6119 1782/5968/6120
f 2263/5969/6121 2264/5970/6122 1784/5971/6123 1783/5972/6124
f 2222/5973/6125 2265/5974/6126 1785/5975/6127 1741/5976/6128
f 2266/5977/6129 2261/5978/6130 1782/5979/6131 1786/5980/6132
f 2264/5981/6133 2267/5982/6134 1787/5983/6135 1784/5984/6136
f 2228/5985/6137 2223/5986/6138 1743/5987/6139 1748/5988/6140
f 2267/5989/6141 2268/5990/6142 1788/5991/6143 1787/5992/6144
f 2269/5993/6145 2270/5994/6146 1790/5995/6147 1789/5996/6148
f 2270/5997/6149 2271/5998/6150 1791/5999/6151 1790/6000/6152
f 2232/6001/6153 2229/6002/6154 1749/6003/6155 1752/6004/6156
f 2271/6005/6157 2272/6006/6158 1792/6007/6159 1791/6008/6160
f 2273/6009/6161 2274/6010/6162 1794/6011/6163 1793/6012/6164
f 2274/6013/6165 2275/6014/6166 1795/6015/6167 1794/6016/6168
f 2236/6017/6169 2233/6018/6170 1753/6019/6171 1756/6020/6172
f 2275/6021/6173 2276/6022/6174 1796/6023/6175 1795/6024/6176
f 2277/6025/6177 2278/6026/6178 1798/6027/6179 1797/6028/6180
f 2278/6029/6181 2279/6030/6182 1799/6031/6183 1798/6032/6184
f 2240/6033/6185 2237/6034/6186 1757/6035/6187 1760/6036/6188
f 2279/6037/6189 2280/6038/6190 1800/6039/6191 1799/6040/6192
f 2281/6041/6193 2282/6042/6194 1802/6043/6195 1801/6044/6196
f 2282/6045/6197 2283/6046/6198 1803/6047/6199 1802/6048/6200
f 2244/6049/6201 2241/6050/6202 1761/6051/6203 1764/6052/6204
f 2283/6053/6205 2284/6054/6206 1804/6055/6207 1803/6056/6208
f 2285/6057/6209 2286/6058/6210 1806/6059/6211 1805/6060/6212
f 2286/6061/6213 2287/6062/6214 1807/6063/6215 1806/6064/6216
f 2248/6065/6217 2245/6066/6218 1765/6067/6219 1768/6068/6220
f 2287/6069/6221 2288/6070/6222 1808/6071/6223 1807/6072/6224
f 2289/6073/6225 2290/6074/6226 1810/6075/6227 1809/6076/6228
f 2290/6077/6229 2291/6078/6230 1811/6079/6231 1810/6080/6232
f 2252/6081/6233 2249/6082/6234 1769/6083/6235 1772/6084/6236
f 2291/6085/6237 2292/6086/6238 1812/6087/6239 1811/6088/6240
f 2293/6089/6241 2294/6090/6242 1814/6091/6243 1813/6092/6244
f 2294/6093/6245 2295/6094/6246 1815/6095/6247 1814/6096/6248
f 2256/6097/6249 2253/6098/6250 1773/6099/6251 1776/6100/6252
f 2295/6101/6253 2296/6102/6254 1816/6103/6255 1815/6104/6256
f 2297/6105/6257 2298/6106/6258 1818/6107/6259 1817/6108/6260
f 2298/6109/6261 2299/6110/6262 1819/6111/6263 1818/6112/6264
f 2299/6113/6265 2300/6114/6266 1820/6115/6267 1819/6116/6268
f 2300/6117/6269 2257/6118/6270 1777/6119/6271 1820/6120/6272
f 2301/6121/6273 2302/6122/6274 1821/6123/6275 1822/6124/6276
f 2303/6125/6277 2304/6126/6278 1824/6127/6279 1823/6128/6280
f 2262/6129/6281 2305/6130/6282 1825/6131/6283 1781/6132/6284
f 2306/6133/6285 2301/6134/6286 1822/6135/6287 1826/6136/6288
f 2304/6137/6289 2307/6138/6290 1827/6139/6291 1824/6140/6292
f 2268/6141/6293 2263/6142/6294 1783/6143/6295 1788/6144/6296
f 2307/6145/6297 2308/6146/6298 1828/6147/6299 1827/6148/6300
f 2309/6149/6301 2310/6150/6302 1830/6151/6303 1829/6152/6304
f 2310/6153/6305 2311/6154/6306 1831/6155/6307 1830/6156/6308
f 2272/6157/6309 2269/6158/6310 1789/6159/6311 1792/6160/6312
f 2311/6161/6313 2312/6162/6314 1832/6163/6315 1831/6164/6316
f 2313/6165/6317 2314/6166/6318 1834/6167/6319 1833/6168/6320
f 2314/6169/6321 2315/6170/6322 1835/6171/6323 1834/6172/6324
f 2276/6173/6325 2273/6174/6326 1793/6175/6327 1796/6176/6328
f 2315/6177/6329 2316/6178/6330 1836/6179/6331 1835/6180/6332
f 2317/6181/6333 2318/6182/6334 1838/6183/6335 1837/6184/6336
f 2318/6185/6337 2319/6186/6338 1839/6187/6339 1838/6188/6340
f 2280/6189/6341 2277/6190/6342 1797/6191/6343 1800/6192/6344
f 2319/6193/6345 2320/6194/6346 1840/6195/6347 1839/6196/6348
f 2321/6197/6349 2322/6198/6350 1842/6199/6351 1841/6200/6352
f 2322/6201/6353 2323/6202/6354 1843/6203/6355 1842/6204/6356
f 2284/6205/6357 2281/6206/6358 1801/6207/6359 1804/6208/6360
f 2323/6209/6361 2324/6210/6362 1844/6211/6363 1843/6212/6364
f 2325/6213/6365 2326/6214/6366 1846/6215/6367 1845/6216/6368
f 2326/6217/6369 2327/6218/6370 1847/6219/6371 1846/6220/6372
f 2288/6221/6373 2285/6222/6374 1805/6223/6375 1808/6224/6376
f 2327/6225/6377 2328/6226/6378 1848/6227/6379 1847/6228/6380
f 2329/6229/6381 2330/6230/6382 1850/6231/6383 1849/6232/6384
f 2330/6233/6385 2331/6234/6386 1851/6235/6387 1850/6236/6388
f 2292/6237/6389 2289/6238/6390 1809/6239/6391 1812/6240/6392
f 2331/6241/6393 2332/6242/6394 1852/6243/6395 1851/6244/6396
f 2333/6245/6397 2334/6246/6398 1854/6247/6399 1853/6248/6400
f 2334/6249/6401 2335/6250/6402 1855/6251/6403 1854/6252/6404
f 2296/6253/6405 2293/6254/6406 1813/6255/6407 1816/6256/6408
f 2335/6257/6409 2336/6258/6410 1856/6259/6411 1855/6260/6412
f 2337/6261/6413 2338/6262/6414 1858/6263/6415 1857/6264/6416
f 2338/6265/6417 2339/6266/6418 1859/6267/6419 1858/6268/6420
f 2339/6269/6421 2340/6270/6422 1860/6271/6423 1859/6272/6424
f 2340/6273/6425 2297/6274/6426 1817/6275/6427 1860/6276/6428
f 2341/6277/6429 2342/6278/6430 1861/6279/6431 1862/6280/6432
f 2343/6281/6433 2344/6282/6434 1864/6283/6435 1863/6284/6436
f 2302/6285/6437 2345/6286/6438 1865/6287/6439 1821/6288/6440
f 2346/6289/6441 2341/6290/6442 1862/6291/6443 1866/6292/6444
f 2344/6293/6445 2347/6294/6446 1867/6295/6447 1864/6296/6448
f 2308/6297/6449 2303/6298/6450 1823/6299/6451 1828/6300/6452
f 2347/6301/6453 2348/6302/6454 1868/6303/6455 1867/6304/6456
f 2349/6305/6457 2350/6306/6458 1870/6307/6459 1869/6308/6460
f 2350/6309/6461 2351/6310/6462 1871/6311/6463 1870/6312/6464
f 2312/6313/6465 2309/6314/6466 1829/6315/6467 1832/6316/6468
f 2351/6317/6469 2352/6318/6470 1872/6319/6471 1871/6320/6472
f 2353/6321/6473 2354/6322/6474 1874/6323/6475 1873/6324/6476
f 2354/6325/6477 2355/6326/6478 1875/6327/6479 1874/6328/6480
f 2316/6329/6481 2313/6330/6482 1833/6331/6483 1836/6332/6484
f 2355/6333/6485 2356/6334/6486 1876/6335/6487 1875/6336/6488
f 2357/6337/6489 2358/6338/6490 1878/6339/6491 1877/6340/6492
f 2358/6341/6493 2359/6342/6494 1879/6343/6495 1878/6344/6496
f 2320/6345/6497 2317/6346/6498 1837/6347/6499 1840/6348/6500
f 2359/6349/6501 2360/6350/6502 1880/6351/6503 1879/6352/6504
f 2361/6353/6505 2362/6354/6506 1882/6355/6507 1881/6356/6508
f 2362/6357/6509 2363/6358/6510 1883/6359/6511 1882/6360/6512
f 2324/6361/6513 2321/6362/6514 1841/6363/6515 1844/6364/6516
f 2363/6365/6517 2364/6366/6518 1884/6367/6519 1883/6368/6520
f 2365/6369/6521 2366/6370/6522 1886/6371/6523 1885/6372/6524
f 2366/6373/6525 2367/6374/6526 1887/6375/6527 1886/6376/6528
f 2328/6377/6529 2325/6378/6530 1845/6379/6531 1848/6380/6532
f 2367/6381/6533 2368/6382/6534 1888/6383/6535 1887/6384/6536
f 2369/6385/6537 2370/6386/6538 1890/6387/6539 1889/6388/6540
f 2370/6389/6541 2371/6390/6542 1891/6391/6543 1890/6392/6544
f 2332/6393/6545 2329/6394/6546 1849/6395/6547 1852/6396/6548
f 2371/6397/6549 2372/6398/6550 1892/6399/6551 1891/6400/6552
f 2373/6401/6553 2374/6402/6554 1894/6403/6555 1893/6404/6556
f 2374/6405/6557 2375/6406/6558 1895/6407/6559 1894/6408/6560
f 2336/6409/6561 2333/6410/6562 1853/6411/6563 1856/6412/6564
f 2375/6413/6565 2376/6414/6566 1896/6415/6567 1895/6416/6568
f 2377/6417/6569 2378/6418/6570 1898/6419/6571 1897/6420/6572
f 2378/6421/6573 2379/6422/6574 1899/6423/6575 1898/6424/6576
f 2379/6425/6577 2380/6426/6578 1900/6427/6579 1899/6428/6580
f 2380/6429/6581 2337/6430/6582 1857/6431/6583 1900/6432/6584
f 2381/6433/6585 2382/6434/6586 1901/6435/6587 1902/6436/6588
f 2382/6437/6589 2383/6438/6590 1903/6439/6591 1901/6440/6592
f 2383/6441/6593 2384/6442/6594 1904/6443/6595 1903/6444/6596
f 2342/6445/6597 2385/6446/6598 1905/6447/6599 1861/6448/6600
f 2386/6449/6601 2381/6450/6602 1902/6451/6603 1906/6452/6604
f 2384/6453/6605 2387/6454/6606 1907/6455/6607 1904/6456/6608
f 2348/6457/6609 2343/6458/6610 1863/6459/6611 1868/6460/6612
f 2387/6461/6613 2388/6462/6614 1908/6463/6615 1907/6464/6616
f 2388/6465/6617 2389/6466/6618 1909/6467/6619 1908/6468/6620
f 2389/6469/6621 2390/6470/6622 1910/6471/6623 1909/6472/6624
f 2390/6473/6625 2391/6474/6626 1911/6475/6627 1910/6476/6628
f 2352/6477/6629 2349/6478/6630 1869/6479/6631 1872/6480/6632
f 2391/6481/6633 2392/6482/6634 1912/6483/6635 1911/6484/6636
f 2392/6485/6637 2393/6486/6638 1913/6487/6639 1912/6488/6640
f 2393/6489/6641 2394/6490/6642 1914/6491/6643 1913/6492/6644
f 2394/6493/6645 2395/6494/6646 1915/6495/6647 1914/6496/6648
f 2356/6497/6649 2353/6498/6650 1873/6499/6651 1876/6500/6652
f 2395/6501/6653 2396/6502/6654 1916/6503/6655 1915/6504/6656
f 2396/6505/6657 2397/6506/6658 1917/6507/6659 1916/6508/6660
f 2397/6509/6661 2398/6510/6662 1918/6511/6663 1917/6512/6664
f 2398/6513/6665 2399/6514/6666 1919/6515/6667 1918/6516/6668
f 2360/6517/6669 2357/6518/6670 1877/6519/6671 1880/6520/6672
f 2399/6521/6673 2400/6522/6674 1920/6523/6675 1919/6524/6676
f 2400/6525/6677 2401/6526/6678 1921/6527/6679 1920/6528/6680
f 2401/6529/6681 2402/6530/6682 1922/6531/6683 1921/6532/6684
f 2402/6533/6685 2403/6534/6686 1923/6535/6687 1922/6536/6688
f 2364/6537/6689 2361/6538/6690 1881/6539/6691 1884/6540/6692
f 2403/6541/6693 2404/6542/6694 1924/6543/6695 1923/6544/6696
f 2404/6545/6697 2405/6546/6698 1925/6547/6699 1924/6548/6700
f 2405/6549/6701 2406/6550/6702 1926/6551/6703 1925/6552/6704
f 2406/6553/6705 2407/6554/6706 1927/6555/6707 1926/6556/6708
f 2368/6557/6709 2365/6558/6710 1885/6559/6711 1888/6560/6712
f 2407/6561/6713 2408/6562/6714 1928/6563/6715 1927/6564/6716
f 2408/6565/6717 2409/6566/6718 1929/6567/6719 1928/6568/6720
f 2409/6569/6721 2410/6570/6722 1930/6571/6723 1929/6572/6724
f 2410/6573/6725 2411/6574/6726 1931/6575/6727 1930/6576/6728
f 2372/6577/6729 2369/6578/6730 1889/6579/6731 1892/6580/6732
f 2411/6581/6733 2412/6582/6734 1932/6583/6735 1931/6584/6736
f 2412/6585/6737 2413/6586/6738 1933/6587/6739 1932/6588/6740
f 2413/6589/6741 2414/6590/6742 1934/6591/6743 1933/6592/6744
f 2414/6593/6745 2415/6594/6746 1935/6595/6747 1934/6596/6748
f 2376/6597/6749 2373/6598/6750 1893/6599/6751 1896/6600/6752
f 2415/6601/6753 2416/6602/6754 1936/6603/6755 1935/6604/6756
f 2416/6605/6757 2417/6606/6758 1937/6607/6759 1936/6608/6760
f 2417/6609/6761 2418/6610/6762 1938/6611/6763 1937/6612/6764
f 2418/6613/6765 2419/6614/6766 1939/6615/6767 1938/6616/6768
f 2419/6617/6769 2420/6618/6770 1940/6619/6771 1939/6620/6772
f 2420/6621/6773 2377/6622/6774 1897/6623/6775 1940/6624/6776
f 2421/6625/6777 2422/6626/6778 1942/6627/6779 1941/6628/6780
f 2423/6629/6781 2025/6630/6782 1546/6631/6783 1943/6632/6784
f 2424/6633/6785 2425/6634/6786 1945/6635/6787 1944/6636/6788
f 2028/6637/6789 2037/6638/6790 1557/6639/6791 1548/6640/6792
f 2426/6641/6793 2427/6642/6794 1947/6643/6795 1946/6644/6796
f 2039/6645/6797 2045/6646/6798 1565/6647/6799 1559/6648/6800
f 2428/6649/6801 2429/6650/6802 1949/6651/6803 1948/6652/6804
f 2047/6653/6805 2053/6654/6806 1573/6655/6807 1567/6656/6808
f 2430/6657/6809 2431/6658/6810 1951/6659/6811 1950/6660/6812
f 2055/6661/6813 2061/6662/6814 1581/6663/6815 1575/6664/6816
f 2432/6665/6817 2433/6666/6818 1953/6667/6819 1952/6668/6820
f 2063/6669/6821 2069/6670/6822 1589/6671/6823 1583/6672/6824
f 2434/6673/6825 2435/6674/6826 1955/6675/6827 1954/6676/6828
f 2071/6677/6829 2077/6678/6830 1597/6679/6831 1591/6680/6832
f 2436/6681/6833 2437/6682/6834 1957/6683/6835 1956/6684/6836
f 2079/6685/6837 2085/6686/6838 1605/6687/6839 1599/6688/6840
f 2438/6689/6841 2439/6690/6842 1959/6691/6843 1958/6692/6844
f 2087/6693/6845 2093/6694/6846 1613/6695/6847 1607/6696/6848
f 2442/6697/6849 2440/6698/6850 1961/6699/6851 1960/6700/6852
f 2440/6701/6853 2441/6702/6854 1962/6703/6855 1961/6704/6856
f 2095/6705/6857 2442/6706/6858 1960/6707/6859 1615/6708/6860
f 2425/6709/6861 2443/6710/6862 1963/6711/6863 1945/6712/6864
f 2443/6713/6865 2444/6714/6866 1964/6715/6867 1963/6716/6868
f 2444/6717/6869 2421/6718/6870 1941/6719/6871 1964/6720/6872
f 2427/6721/6873 2445/6722/6874 1965/6723/6875 1947/6724/6876
f 2445/6725/6877 2446/6726/6878 1966/6727/6879 1965/6728/6880
f 2446/6729/6881 2424/6730/6882 1944/6731/6883 1966/6732/6884
f 2429/6733/6885 2447/6734/6886 1967/6735/6887 1949/6736/6888
f 2447/6737/6889 2448/6738/6890 1968/6739/6891 1967/6740/6892
f 2448/6741/6893 2426/6742/6894 1946/6743/6895 1968/6744/6896
f 2431/6745/6897 2449/6746/6898 1969/6747/6899 1951/6748/6900
f 2449/6749/6901 2450/6750/6902 1970/6751/6903 1969/6752/6904
f 2450/6753/6905 2428/6754/6906 1948/6755/6907 1970/6756/6908
f 2433/6757/6909 2451/6758/6910 1971/6759/6911 1953/6760/6912
f 2451/6761/6913 2452/6762/6914 1972/6763/6915 1971/6764/6916
f 2452/6765/6917 2430/6766/6918 1950/6767/6919 1972/6768/6920
f 2435/6769/6921 2453/6770/6922 1973/6771/6923 1955/6772/6924
f 2453/6773/6925 2454/6774/6926 1974/6775/6927 1973/6776/6928
f 2454/6777/6929 2432/6778/6930 1952/6779/6931 1974/6780/6932
f 2437/6781/6933 2455/6782/6934 1975/6783/6935 1957/6784/6936
f 2455/6785/6937 2456/6786/6938 1976/6787/6939 1975/6788/6940
f 2456/6789/6941 2434/6790/6942 1954/6791/6943 1976/6792/6944
f 2439/6793/6945 2457/6794/6946 1977/6795/6947 1959/6796/6948
f 2457/6797/6949 2458/6798/6950 1978/6799/6951 1977/6800/6952
f 2458/6801/6953 2436/6802/6954 1956/6803/6955 1978/6804/6956
f 2441/6805/6957 2459/6806/6958 1979/6807/6959 1962/6808/6960
f 2459/6809/6961 2460/6810/6962 1980/6811/6963 1979/6812/6964
f 2460/6813/6965 2438/6814/6966 1958/6815/6967 1980/6816/6968
f 2461/6817/6969 2462/6818/6970 1982/6819/6971 1981/6820/6972
f 2033/6821/6973 2423/6822/6974 1943/6823/6975 1553/6824/6976
f 2463/6825/6977 2464/6826/6978 1984/6827/6979 1983/6828/6980
f 2105/6829/6981 2034/6830/6982 1554/6831/6983 1625/6832/6984
f 2465/6833/6985 2466/6834/6986 1986/6835/6987 1985/6836/6988
f 2145/6837/6989 2106/6838/6990 1626/6839/6991 1665/6840/6992
f 2467/6841/6993 2468/6842/6994 1988/6843/6995 1987/6844/6996
f 2185/6845/6997 2146/6846/6998 1666/6847/6999 1705/6848/7000
f 2469/6849/7001 2470/6850/7002 1990/6851/7003 1989/6852/7004
f 2225/6853/7005 2186/6854/7006 1706/6855/7007 1745/6856/7008
f 2471/6857/7009 2472/6858/7010 1992/6859/7011 1991/6860/7012
f 2265/6861/7013 2226/6862/7014 1746/6863/7015 1785/6864/7016
f 2473/6865/7017 2474/6866/7018 1994/6867/7019 1993/6868/7020
f 2305/6869/7021 2266/6870/7022 1786/6871/7023 1825/6872/7024
f 2475/6873/7025 2476/6874/7026 1996/6875/7027 1995/6876/7028
f 2345/6877/7029 2306/6878/7030 1826/6879/7031 1865/6880/7032
f 2477/6881/7033 2478/6882/7034 1998/6883/7035 1997/6884/7036
f 2385/6885/7037 2346/6886/7038 1866/6887/7039 1905/6888/7040
f 2479/6889/7041 2480/6890/7042 2000/6891/7043 1999/6892/7044
f 2480/6893/7045 2481/6894/7046 2001/6895/7047 2000/6896/7048
f 2481/6897/7049 2386/6898/7050 1906/6899/7051 2001/6900/7052
f 2484/6901/7053 2482/6902/7054 2004/6903/7055 2003/6904/7056
f 2482/6905/7057 2483/6906/7058 2002/6907/7059 2004/6908/7060
f 2422/6909/7061 2484/6910/7062 2003/6911/7063 1942/6912/7064
f 2462/6913/7065 2485/6914/7066 2005/6915/7067 1982/6916/7068
f 2485/6917/7069 2486/6918/7070 2006/6919/7071 2005/6920/7072
f 2486/6921/7073 2463/6922/7074 1983/6923/7075 2006/6924/7076
f 2464/6925/7077 2487/6926/7078 2007/6927/7079 1984/6928/7080
f 2487/6929/7081 2488/6930/7082 2008/6931/7083 2007/6932/7084
f 2488/6933/7085 2465/6934/7086 1985/6935/7087 2008/6936/7088
f 2466/6937/7089 2489/6938/7090 2009/6939/7091 1986/6940/7092
f 2489/6941/7093 2490/6942/7094 2010/6943/7095 2009/6944/7096
f 2490/6945/7097 2467/6946/7098 1987/6947/7099 2010/6948/7100
f 2468/6949/7101 2491/6950/7102 2011/6951/7103 1988/6952/7104
f 2491/6953/7105 2492/6954/7106 2012/6955/7107 2011/6956/7108
f 2492/6957/7109 2469/6958/7110 1989/6959/7111 2012/6960/7112
f 2470/6961/7113 2493/6962/7114 2013/6963/7115 1990/6964/7116
f 2493/6965/7117 2494/6966/7118 2014/6967/7119 2013/6968/7120
f 2494/6969/7121 2471/6970/7122 1991/6971/7123 2014/6972/7124
f 2472/6973/7125 2495/6974/7126 2015/6975/7127 1992/6976/7128
f 2495/6977/7129 2496/6978/7130 2016/6979/7131 2015/6980/7132
f 2496/6981/7133 2473/6982/7134 1993/6983/7135 2016/6984/7136
f 2474/6985/7137 2497/6986/7138 2017/6987/7139 1994/6988/7140
f 2497/6989/7141 2498/6990/7142 2018/6991/7143 2017/6992/7144
f 2498/6993/7145 2475/6994/7146 1995/6995/7147 2018/6996/7148
f 2476/6997/7149 2499/6998/7150 2019/6999/7151 1996/7000/7152
f 2499/7001/7153 2500/7002/7154 2020/7003/7155 2019/7004/7156
f 2500/7005/7157 2477/7006/7158 1997/7007/7159 2020/7008/7160
f 2478/7009/7161 2501/7010/7162 2021/7011/7163 1998/7012/7164
f 2501/7013/7165 2502/7014/7166 2022/7015/7167 2021/7016/7168
f 2502/7017/7169 2479/7018/7170 1999/7019/7171 2022/7020/7172
f 2483/7021/7173 2503/7022/7174 2023/7023/7175 2002/7024/7176
f 2503/7025/7177 2504/7026/7178 2024/7027/7179 2023/7028/7180
f 2504/7029/7181 2461/7030/7182 1981/7031/7183 2024/7032/7184
