# This file uses centimeters as units for non-parametric coordinates.

mtllib no stamp.mtl
g default
v 1.551296 2.090163 -0.504046
v 1.319611 2.090163 -0.958753
v 0.958753 2.090163 -1.319611
v 0.504046 2.090163 -1.551295
v 0.000000 2.090163 -1.631128
v -0.504046 2.090163 -1.551295
v -0.958753 2.090163 -1.319610
v -1.319610 2.090163 -0.958753
v -1.551295 2.090163 -0.504046
v -1.631128 2.090163 0.000000
v -1.551295 2.090163 0.504046
v -1.319610 2.090163 0.958753
v -0.958753 2.090163 1.319610
v -0.504046 2.090163 1.551295
v -0.000000 2.090163 1.631128
v 0.504046 2.090163 1.551295
v 0.958753 2.090163 1.319610
v 1.319610 2.090163 0.958753
v 1.551294 2.090163 0.504046
v 1.631127 2.090163 0.000000
v 1.551296 3.767987 -0.504046
v 1.509733 3.929075 -0.490542
v 1.396182 4.047000 -0.453647
v 1.241068 4.090163 -0.403248
v 1.319611 3.767987 -0.958753
v 1.284256 3.929075 -0.933066
v 1.187663 4.047000 -0.862888
v 1.055716 4.090163 -0.767022
v 0.958753 3.767987 -1.319611
v 0.933066 3.929075 -1.284255
v 0.862888 4.047000 -1.187663
v 0.767022 4.090163 -1.055716
v 0.504046 3.767987 -1.551295
v 0.490542 3.929075 -1.509733
v 0.453647 4.047000 -1.396182
v 0.403248 4.090163 -1.241068
v 0.000000 3.767987 -1.631128
v 0.000000 3.929075 -1.587427
v 0.000000 4.047000 -1.468032
v 0.000000 4.090163 -1.304936
v -0.504046 3.767987 -1.551295
v -0.490542 3.929075 -1.509733
v -0.453647 4.047000 -1.396182
v -0.403247 4.090163 -1.241068
v -0.958753 3.767987 -1.319610
v -0.933066 3.929075 -1.284255
v -0.862888 4.047000 -1.187663
v -0.767022 4.090163 -1.055716
v -1.319610 3.767987 -0.958753
v -1.284255 3.929075 -0.933066
v -1.187663 4.047000 -0.862888
v -1.055715 4.090163 -0.767022
v -1.551295 3.767987 -0.504046
v -1.509732 3.929075 -0.490542
v -1.396181 4.047000 -0.453647
v -1.241068 4.090163 -0.403247
v -1.631128 3.767987 0.000000
v -1.587426 3.929075 0.000000
v -1.468032 4.047000 0.000000
v -1.304936 4.090163 0.000000
v -1.551295 3.767987 0.504046
v -1.509732 3.929075 0.490542
v -1.396181 4.047000 0.453647
v -1.241068 4.090163 0.403247
v -1.319610 3.767987 0.958753
v -1.284255 3.929075 0.933066
v -1.187663 4.047000 0.862887
v -1.055715 4.090163 0.767022
v -0.958753 3.767987 1.319610
v -0.933066 3.929075 1.284255
v -0.862888 4.047000 1.187663
v -0.767022 4.090163 1.055715
v -0.504046 3.767987 1.551295
v -0.490542 3.929075 1.509732
v -0.453647 4.047000 1.396181
v -0.403247 4.090163 1.241068
v -0.000000 3.767987 1.631128
v -0.000000 3.929075 1.587426
v -0.000000 4.047000 1.468032
v -0.000000 4.090163 1.304936
v 0.504046 3.767987 1.551295
v 0.490542 3.929075 1.509732
v 0.453647 4.047000 1.396181
v 0.403247 4.090163 1.241068
v 0.958753 3.767987 1.319610
v 0.933066 3.929075 1.284255
v 0.862887 4.047000 1.187663
v 0.767022 4.090163 1.055715
v 1.319610 3.767987 0.958753
v 1.284255 3.929075 0.933066
v 1.187662 4.047000 0.862887
v 1.055715 4.090163 0.767022
v 1.551294 3.767987 0.504046
v 1.509732 3.929075 0.490542
v 1.396181 4.047000 0.453647
v 1.241068 4.090163 0.403247
v 1.631127 3.767987 0.000000
v 1.587426 3.929075 -0.000000
v 1.468032 4.047000 -0.000000
v 1.304936 4.090163 -0.000000
v 1.055716 4.009021 -0.767022
v 1.241068 4.009021 -0.403248
v 0.000000 4.009021 0.000000
v 0.767022 4.009021 -1.055716
v 0.403248 4.009021 -1.241068
v 0.000000 4.009021 -1.304936
v -0.403247 4.009021 -1.241068
v -0.767022 4.009021 -1.055716
v -1.055715 4.009021 -0.767022
v -1.241068 4.009021 -0.403247
v -1.304936 4.009021 0.000000
v -1.241068 4.009021 0.403247
v -1.055715 4.009021 0.767022
v -0.767022 4.009021 1.055715
v -0.403247 4.009021 1.241068
v -0.000000 4.009021 1.304936
v 0.403247 4.009021 1.241068
v 0.767022 4.009021 1.055715
v 1.055715 4.009021 0.767022
v 1.241068 4.009021 0.403247
v 1.304936 4.009021 -0.000000
v 1.418414 2.090163 -0.460871
v 1.206575 2.090163 -0.876628
v 0.876628 2.090163 -1.206575
v 0.460870 2.090163 -1.418414
v 0.000000 2.090163 -1.491408
v -0.460870 2.090163 -1.418413
v -0.876628 2.090163 -1.206574
v -1.206574 2.090163 -0.876628
v -1.418413 2.090163 -0.460870
v -1.491408 2.090163 0.000000
v -1.418413 2.090163 0.460870
v -1.206574 2.090163 0.876627
v -0.876627 2.090163 1.206574
v -0.460870 2.090163 1.418413
v -0.000000 2.090163 1.491408
v 0.460870 2.090163 1.418413
v 0.876627 2.090163 1.206574
v 1.206574 2.090163 0.876627
v 1.418413 2.090163 0.460870
v 1.491407 2.090163 -0.000000
v 1.418414 3.899074 -0.460871
v 1.206575 3.899074 -0.876628
v 0.000000 3.899074 0.000000
v 0.876628 3.899074 -1.206575
v 0.460870 3.899074 -1.418414
v 0.000000 3.899074 -1.491408
v -0.460870 3.899074 -1.418413
v -0.876628 3.899074 -1.206574
v -1.206574 3.899074 -0.876628
v -1.418413 3.899074 -0.460870
v -1.491408 3.899074 0.000000
v -1.418413 3.899074 0.460870
v -1.206574 3.899074 0.876627
v -0.876627 3.899074 1.206574
v -0.460870 3.899074 1.418413
v -0.000000 3.899074 1.491408
v 0.460870 3.899074 1.418413
v 0.876627 3.899074 1.206574
v 1.206574 3.899074 0.876627
v 1.418413 3.899074 0.460870
v 1.491407 3.899074 -0.000000
v -0.026708 4.000168 0.284569
v 0.280312 4.000168 0.032399
v -0.026708 4.184787 0.284569
v 0.280312 4.184787 0.032399
v -0.278878 4.184787 -0.022451
v 0.028142 4.184787 -0.274621
v -0.278878 4.000168 -0.022451
v 0.028142 4.000168 -0.274621
v 0.496427 4.000168 0.921492
v 0.803447 4.000168 0.669322
v 0.803447 4.184787 0.669322
v 0.496427 4.184787 0.921492
v -0.802013 4.184787 -0.659374
v -0.494993 4.184787 -0.911544
v -0.494993 4.000168 -0.911544
v -0.802013 4.000168 -0.659374
v 0.665065 4.000168 -0.797755
v 0.917235 4.000168 -0.490735
v 0.665065 4.184787 -0.797755
v 0.917235 4.184787 -0.490735
v -0.915801 4.000168 0.500684
v -0.663631 4.000168 0.807704
v -0.663631 4.184787 0.807704
v -0.915801 4.184787 0.500684
vt 0.000000 0.591784
vt 0.000000 0.559732
vt 0.118267 0.559732
vt 0.118267 0.591784
vt 0.000000 0.534296
vt 0.118267 0.534296
vt 0.129622 0.592736
vt 0.129622 0.561543
vt 0.000000 0.627313
vt 0.118267 0.627313
vt 0.129622 0.536788
vt 0.129622 0.627313
vt 0.137934 0.595337
vt 0.137934 0.566490
vt 0.000000 0.662843
vt 0.118267 0.662843
vt 0.137934 0.543597
vt 0.137934 0.627313
vt 0.129622 0.661891
vt 0.000000 0.694894
vt 0.118267 0.694894
vt 0.137934 0.659290
vt 0.129622 0.693084
vt 0.000000 0.720331
vt 0.118267 0.720331
vt 0.137934 0.688137
vt 0.129622 0.717839
vt 0.137934 0.711030
vt 0.581394 0.169445
vt 0.581394 0.137393
vt 0.699661 0.137393
vt 0.699661 0.169445
vt 0.581394 0.101864
vt 0.699661 0.101864
vt 0.711016 0.167634
vt 0.711016 0.136441
vt 0.581394 0.194881
vt 0.699661 0.194881
vt 0.581394 0.066334
vt 0.699661 0.066334
vt 0.711016 0.101864
vt 0.711016 0.192389
vt 0.719328 0.162687
vt 0.719328 0.133841
vt 0.581394 0.034283
vt 0.699661 0.034283
vt 0.711016 0.067286
vt 0.719328 0.101864
vt 0.719328 0.185580
vt 0.581394 0.008846
vt 0.699661 0.008846
vt 0.711016 0.036093
vt 0.719328 0.069887
vt 0.711016 0.011339
vt 0.719328 0.041040
vt 0.719328 0.018147
vt 0.988729 0.110357
vt 0.988729 0.135667
vt 0.983084 0.135667
vt 0.983084 0.110357
vt 0.988729 0.155753
vt 0.983084 0.155753
vt 0.988729 0.082300
vt 0.983084 0.082300
vt 0.988729 0.054243
vt 0.983084 0.054243
vt 0.988729 0.028933
vt 0.983084 0.028933
vt 0.988729 0.008847
vt 0.983084 0.008847
vt 0.988729 0.175840
vt 0.988729 0.201150
vt 0.983084 0.201150
vt 0.983084 0.175840
vt 0.988729 0.229207
vt 0.983084 0.229207
vt 0.988729 0.155753
vt 0.983084 0.155753
vt 0.988729 0.257264
vt 0.983084 0.257264
vt 0.988729 0.282574
vt 0.983084 0.282574
vt 0.988729 0.302660
vt 0.983084 0.302660
vt 0.739955 0.847451
vt 0.739955 0.818524
vt 0.865814 0.818524
vt 0.865814 0.847451
vt 0.739955 0.786458
vt 0.865814 0.786458
vt 0.739955 0.870407
vt 0.865814 0.870407
vt 0.739955 0.754392
vt 0.865814 0.754392
vt 0.739955 0.725465
vt 0.865814 0.725465
vt 0.739955 0.702508
vt 0.865814 0.702508
vt 0.126850 0.814403
vt 0.126850 0.785476
vt 0.252708 0.785476
vt 0.252708 0.814403
vt 0.126850 0.762519
vt 0.252708 0.762519
vt 0.126850 0.846469
vt 0.252708 0.846469
vt 0.126850 0.878535
vt 0.252708 0.878535
vt 0.126850 0.907462
vt 0.252708 0.907462
vt 0.126850 0.930419
vt 0.252708 0.930419
vt 0.560111 0.379120
vt 0.573795 0.405976
vt 0.482172 0.435746
vt 0.578510 0.435746
vt 0.538798 0.357807
vt 0.573795 0.465516
vt 0.511942 0.344123
vt 0.560111 0.492372
vt 0.482172 0.339408
vt 0.538798 0.513685
vt 0.452402 0.344123
vt 0.511942 0.527369
vt 0.425546 0.357807
vt 0.482172 0.532084
vt 0.404233 0.379120
vt 0.452402 0.527369
vt 0.390549 0.405976
vt 0.425546 0.513685
vt 0.385834 0.435746
vt 0.404233 0.492372
vt 0.390549 0.465516
vt 0.185602 0.340349
vt 0.173629 0.363847
vt 0.105435 0.314301
vt 0.154981 0.382495
vt 0.189727 0.314301
vt 0.131482 0.394468
vt 0.185602 0.288253
vt 0.105435 0.398594
vt 0.173629 0.264755
vt 0.079387 0.394468
vt 0.154981 0.246107
vt 0.055888 0.382495
vt 0.131482 0.234134
vt 0.037240 0.363847
vt 0.105435 0.230008
vt 0.025267 0.340349
vt 0.079387 0.234134
vt 0.021142 0.314301
vt 0.055888 0.246107
vt 0.025267 0.288253
vt 0.037240 0.264755
vt 0.415334 0.349640
vt 0.405149 0.346331
vt 0.409342 0.319854
vt 0.420051 0.319854
vt 0.401642 0.376511
vt 0.392979 0.370216
vt 0.405149 0.293378
vt 0.415333 0.290068
vt 0.380318 0.397835
vt 0.374023 0.389172
vt 0.392979 0.269493
vt 0.401642 0.263198
vt 0.353448 0.411526
vt 0.350138 0.401342
vt 0.374023 0.250537
vt 0.380318 0.241874
vt 0.384926 0.404177
vt 0.355870 0.418982
vt 0.323662 0.416244
vt 0.323662 0.405535
vt 0.350138 0.238367
vt 0.353448 0.228183
vt 0.323662 0.424083
vt 0.293876 0.411526
vt 0.297185 0.401342
vt 0.323662 0.234174
vt 0.323662 0.223465
vt 0.355870 0.220727
vt 0.384926 0.235532
vt 0.291453 0.418982
vt 0.267005 0.397835
vt 0.273300 0.389172
vt 0.297185 0.238367
vt 0.293876 0.228183
vt 0.323662 0.215626
vt 0.262397 0.404177
vt 0.245681 0.376511
vt 0.254344 0.370216
vt 0.273300 0.250537
vt 0.267005 0.241874
vt 0.291453 0.220727
vt 0.231990 0.349640
vt 0.242174 0.346331
vt 0.254344 0.269493
vt 0.245681 0.263198
vt 0.262397 0.235532
vt 0.227272 0.319854
vt 0.237981 0.319854
vt 0.242174 0.293378
vt 0.231990 0.290068
vt 0.190604 0.052275
vt 0.205570 0.081647
vt 0.196987 0.084436
vt 0.183303 0.057580
vt 0.210727 0.114206
vt 0.201702 0.114206
vt 0.167295 0.028965
vt 0.161990 0.036266
vt 0.205570 0.146765
vt 0.196986 0.143976
vt 0.137923 0.013999
vt 0.135134 0.022583
vt 0.190604 0.176137
vt 0.183303 0.170832
vt 0.105363 0.008842
vt 0.105363 0.017867
vt 0.167295 0.199446
vt 0.161990 0.192145
vt 0.072804 0.013999
vt 0.075593 0.022583
vt 0.137923 0.214412
vt 0.135134 0.205829
vt 0.043432 0.028965
vt 0.048737 0.036266
vt 0.105363 0.219569
vt 0.105363 0.210544
vt 0.020123 0.052275
vt 0.027424 0.057580
vt 0.072804 0.214412
vt 0.075593 0.205829
vt 0.005157 0.081647
vt 0.013740 0.084436
vt 0.043432 0.199446
vt 0.048737 0.192145
vt 0.000000 0.114206
vt 0.009025 0.114206
vt 0.020123 0.176137
vt 0.027424 0.170832
vt 0.005157 0.146765
vt 0.013740 0.143976
vt 0.918951 0.049978
vt 0.938783 0.066267
vt 0.922494 0.086099
vt 0.902662 0.069810
vt 0.952743 0.008835
vt 0.972575 0.025124
vt 0.979925 0.100059
vt 0.963636 0.119891
vt 0.888702 0.127241
vt 0.868870 0.110952
vt 0.861520 0.036018
vt 0.877809 0.016186
vt 0.289556 0.094406
vt 0.309388 0.078117
vt 0.325677 0.097949
vt 0.305845 0.114238
vt 0.255764 0.053264
vt 0.275596 0.036975
vt 0.350530 0.044325
vt 0.366819 0.064157
vt 0.359469 0.139092
vt 0.339637 0.155381
vt 0.264703 0.148031
vt 0.248414 0.128198
vt 0.952554 0.490321
vt 0.952554 0.520673
vt 0.840560 0.520673
vt 0.840560 0.490321
vt 0.952554 0.554318
vt 0.840560 0.554318
vt 0.829807 0.492035
vt 0.829807 0.521574
vt 0.952554 0.587963
vt 0.840560 0.587963
vt 0.829807 0.554318
vt 0.952554 0.618314
vt 0.840560 0.618314
vt 0.829807 0.587061
vt 0.829807 0.616600
vt 0.317124 0.660808
vt 0.317124 0.630457
vt 0.429118 0.630457
vt 0.429118 0.660808
vt 0.317124 0.596811
vt 0.429118 0.596811
vt 0.439871 0.659094
vt 0.439871 0.629555
vt 0.317124 0.563166
vt 0.429118 0.563166
vt 0.439871 0.596811
vt 0.317124 0.532815
vt 0.429118 0.532815
vt 0.439871 0.564068
vt 0.439871 0.534529
vt 0.005408 0.157471
vt 0.005408 0.181716
vt 0.000000 0.181716
vt 0.000000 0.157471
vt 0.005408 0.208592
vt 0.000000 0.208592
vt 0.005408 0.235468
vt 0.000000 0.235468
vt 0.005408 0.259712
vt 0.000000 0.259712
vt 0.554967 0.364494
vt 0.554967 0.340249
vt 0.560375 0.340249
vt 0.560375 0.364494
vt 0.554967 0.313373
vt 0.560375 0.313373
vt 0.554967 0.286497
vt 0.560375 0.286497
vt 0.554967 0.262253
vt 0.560375 0.262253
vt 0.554257 0.840359
vt 0.581966 0.840359
vt 0.581966 0.960920
vt 0.554257 0.960920
vt 0.523541 0.840359
vt 0.523541 0.960920
vt 0.492824 0.840359
vt 0.492824 0.960920
vt 0.465115 0.840359
vt 0.465115 0.960920
vt 0.799377 0.990968
vt 0.771668 0.990968
vt 0.771668 0.870407
vt 0.799377 0.870407
vt 0.830094 0.990968
vt 0.830094 0.870407
vt 0.860810 0.990968
vt 0.860810 0.870407
vt 0.888519 0.990968
vt 0.888519 0.870407
vt 0.421130 0.121327
vt 0.421130 0.140660
vt 0.406976 0.140660
vt 0.406976 0.121327
vt 0.421130 0.091828
vt 0.406976 0.091828
vt 0.406976 0.072494
vt 0.421130 0.072494
vt 0.421130 0.131936
vt 0.406976 0.131936
vt 0.406976 0.032386
vt 0.421130 0.032386
vt 0.406976 0.108397
vt 0.421130 0.108397
vt 0.406976 0.008847
vt 0.421130 0.008847
vt 0.000000 0.049518
vt 0.014353 0.049518
vt 0.014353 0.000000
vt 0.000000 0.000000
vt 0.000000 0.008847
vt 0.014353 0.008847
vt 0.014353 0.019605
vt 0.000000 0.019605
vt 0.475686 0.049129
vt 0.489902 0.049129
vt 0.489902 0.098173
vt 0.475686 0.098173
vt 0.475686 0.008847
vt 0.489902 0.008847
vn 0.000000 -1.000000 -0.000000
vn 0.000000 -1.000000 -0.000000
vn 0.000000 -1.000000 0.000000
vn 0.000000 -1.000000 0.000000
vn 0.000000 -1.000000 -0.000000
vn 0.000000 -1.000000 0.000000
vn 0.000000 -1.000000 0.000000
vn 0.000000 -1.000000 0.000000
vn 0.000000 -1.000000 0.000000
vn 0.000000 -1.000000 0.000000
vn 0.000000 -1.000000 0.000000
vn 0.000000 -1.000000 0.000000
vn 0.000000 -1.000000 0.000000
vn 0.000000 -1.000000 -0.000000
vn 0.000000 -1.000000 -0.000000
vn 0.000000 -1.000000 0.000000
vn 0.000000 -1.000000 0.000000
vn 0.000000 -1.000000 0.000000
vn 0.000000 -1.000000 0.000000
vn 0.000000 -1.000000 0.000000
vn 0.000000 -1.000000 0.000001
vn 0.951057 0.000000 -0.309016
vn 0.809017 0.000000 -0.587785
vn 0.808805 0.022907 -0.587631
vn 0.950807 0.022908 -0.308935
vn 0.587785 0.000000 -0.809017
vn 0.587631 0.022907 -0.808805
vn 0.309017 0.000000 -0.951057
vn 0.308936 0.022907 -0.950807
vn -0.000000 0.000000 -1.000000
vn -0.000000 0.022907 -0.999738
vn -0.309017 0.000000 -0.951057
vn -0.308936 0.022907 -0.950807
vn -0.587786 0.000000 -0.809017
vn -0.587631 0.022907 -0.808805
vn -0.809017 0.000000 -0.587785
vn -0.808805 0.022907 -0.587631
vn -0.951057 0.000000 -0.309017
vn -0.950807 0.022907 -0.308936
vn -1.000000 0.000000 0.000000
vn -0.999738 0.022907 0.000000
vn -0.951057 0.000000 0.309017
vn -0.950807 0.022907 0.308936
vn -0.809017 0.000000 0.587785
vn -0.808805 0.022907 0.587631
vn -0.587785 0.000000 0.809017
vn -0.587631 0.022907 0.808805
vn -0.309017 0.000000 0.951057
vn -0.308936 0.022907 0.950807
vn 0.000000 0.000000 1.000000
vn 0.000000 0.022907 0.999738
vn 0.309017 0.000000 0.951057
vn 0.308936 0.022907 0.950807
vn 0.587785 0.000000 0.809017
vn 0.587631 0.022907 0.808805
vn 0.809017 0.000000 0.587785
vn 0.808805 0.022907 0.587631
vn 0.951057 0.000000 0.309017
vn 0.950807 0.022907 0.308936
vn 1.000000 0.000000 0.000001
vn 0.999738 0.022907 0.000001
vn 0.000000 1.000000 0.000000
vn 0.000000 1.000000 0.000000
vn 0.000000 1.000000 0.000000
vn 0.000000 1.000000 0.000000
vn 0.000000 1.000000 0.000000
vn 0.000000 1.000000 -0.000000
vn 0.000000 1.000000 0.000000
vn 0.000000 1.000000 0.000000
vn 0.000000 1.000000 0.000000
vn 0.000000 1.000000 0.000000
vn 0.000000 1.000000 0.000000
vn 0.000000 1.000000 0.000001
vn 0.000000 1.000000 0.000001
vn 0.000000 1.000000 0.000000
vn 0.000000 1.000000 0.000000
vn 0.000000 1.000000 -0.000000
vn 0.000000 1.000000 -0.000000
vn 0.000000 1.000000 -0.000000
vn 0.000000 1.000000 0.000000
vn 0.000000 1.000000 0.000000
vn 0.000000 1.000000 0.000000
vn 0.243320 0.966719 -0.079059
vn 0.243320 0.966719 -0.079059
vn 0.255842 0.966719 -0.000000
vn 0.255842 0.966719 -0.000000
vn 0.830675 0.486962 -0.269902
vn 0.873423 0.486962 0.000001
vn 0.668321 0.711472 -0.217150
vn 0.702715 0.711472 0.000000
vn 0.206980 0.966719 -0.150380
vn 0.206980 0.966719 -0.150380
vn 0.706614 0.486962 -0.513385
vn 0.568508 0.711472 -0.413045
vn 0.150380 0.966719 -0.206981
vn 0.150380 0.966719 -0.206981
vn 0.513385 0.486962 -0.706614
vn 0.413045 0.711472 -0.568507
vn 0.079059 0.966718 -0.243321
vn 0.079059 0.966718 -0.243321
vn 0.269903 0.486962 -0.830675
vn 0.217151 0.711472 -0.668321
vn -0.000000 0.966719 -0.255842
vn -0.000000 0.966719 -0.255841
vn -0.000000 0.486961 -0.873423
vn -0.000000 0.711471 -0.702715
vn -0.079059 0.966719 -0.243319
vn -0.079060 0.966719 -0.243319
vn -0.269903 0.486961 -0.830675
vn -0.217151 0.711471 -0.668322
vn -0.150380 0.966719 -0.206980
vn -0.150380 0.966719 -0.206980
vn -0.513386 0.486962 -0.706614
vn -0.413046 0.711472 -0.568508
vn -0.206980 0.966719 -0.150379
vn -0.206980 0.966719 -0.150379
vn -0.706615 0.486962 -0.513385
vn -0.568508 0.711472 -0.413045
vn -0.243320 0.966719 -0.079059
vn -0.243320 0.966719 -0.079059
vn -0.830675 0.486962 -0.269903
vn -0.668321 0.711472 -0.217150
vn -0.255842 0.966719 0.000000
vn -0.255842 0.966719 0.000000
vn -0.873423 0.486962 0.000000
vn -0.702714 0.711472 0.000000
vn -0.243320 0.966719 0.079060
vn -0.243320 0.966719 0.079060
vn -0.830675 0.486962 0.269903
vn -0.668321 0.711472 0.217151
vn -0.206980 0.966719 0.150380
vn -0.206980 0.966719 0.150380
vn -0.706614 0.486962 0.513385
vn -0.568508 0.711472 0.413045
vn -0.150380 0.966719 0.206980
vn -0.150380 0.966719 0.206980
vn -0.513385 0.486962 0.706614
vn -0.413045 0.711472 0.568508
vn -0.079060 0.966719 0.243320
vn -0.079060 0.966719 0.243320
vn -0.269903 0.486961 0.830675
vn -0.217151 0.711471 0.668322
vn 0.000000 0.966719 0.255842
vn 0.000000 0.966719 0.255842
vn 0.000000 0.486961 0.873424
vn 0.000000 0.711471 0.702716
vn 0.079060 0.966719 0.243320
vn 0.079060 0.966719 0.243320
vn 0.269903 0.486961 0.830675
vn 0.217151 0.711471 0.668322
vn 0.150380 0.966719 0.206980
vn 0.150380 0.966719 0.206980
vn 0.513386 0.486962 0.706614
vn 0.413045 0.711472 0.568508
vn 0.206980 0.966719 0.150380
vn 0.206980 0.966719 0.150380
vn 0.706614 0.486962 0.513385
vn 0.568508 0.711472 0.413045
vn 0.243320 0.966719 0.079059
vn 0.243320 0.966719 0.079059
vn 0.830675 0.486962 0.269903
vn 0.668321 0.711472 0.217150
vn -0.891007 0.000000 0.453990
vn -0.891007 0.000000 0.453990
vn -0.891007 0.000000 0.453990
vn -0.891007 0.000000 0.453990
vn -0.707106 0.000000 0.707108
vn -0.707106 0.000000 0.707108
vn -0.707106 0.000000 0.707108
vn -0.707106 0.000000 0.707108
vn -0.453991 0.000000 0.891006
vn -0.453991 0.000000 0.891006
vn -0.453991 0.000000 0.891006
vn -0.453991 0.000000 0.891006
vn -0.156435 0.000000 0.987688
vn -0.156435 0.000000 0.987688
vn -0.156435 0.000000 0.987688
vn -0.156435 0.000000 0.987688
vn 0.156435 0.000000 0.987688
vn 0.156435 0.000000 0.987688
vn 0.156435 0.000000 0.987688
vn 0.156435 0.000000 0.987688
vn 0.453991 0.000000 0.891006
vn 0.453991 0.000000 0.891006
vn 0.453991 0.000000 0.891006
vn 0.453991 0.000000 0.891006
vn 0.707108 0.000000 0.707106
vn 0.707108 0.000000 0.707106
vn 0.707108 0.000000 0.707106
vn 0.707108 0.000000 0.707106
vn 0.891006 0.000000 0.453991
vn 0.891006 0.000000 0.453991
vn 0.891006 0.000000 0.453991
vn 0.891006 0.000000 0.453991
vn 0.987688 0.000000 0.156435
vn 0.987688 0.000000 0.156435
vn 0.987688 0.000000 0.156435
vn 0.987688 0.000000 0.156435
vn 0.987688 0.000000 -0.156435
vn 0.987688 0.000000 -0.156435
vn 0.987688 0.000000 -0.156435
vn 0.987688 0.000000 -0.156435
vn 0.891006 0.000000 -0.453991
vn 0.891006 0.000000 -0.453991
vn 0.891006 0.000000 -0.453991
vn 0.891006 0.000000 -0.453991
vn 0.707107 0.000000 -0.707106
vn 0.707107 0.000000 -0.707106
vn 0.707107 0.000000 -0.707106
vn 0.707107 0.000000 -0.707106
vn 0.453991 0.000000 -0.891006
vn 0.453991 0.000000 -0.891006
vn 0.453991 0.000000 -0.891006
vn 0.453991 0.000000 -0.891006
vn 0.156435 0.000000 -0.987688
vn 0.156435 0.000000 -0.987688
vn 0.156435 0.000000 -0.987688
vn 0.156435 0.000000 -0.987688
vn -0.156435 0.000000 -0.987688
vn -0.156435 0.000000 -0.987688
vn -0.156435 0.000000 -0.987688
vn -0.156435 0.000000 -0.987688
vn -0.453991 0.000000 -0.891006
vn -0.453991 0.000000 -0.891006
vn -0.453991 0.000000 -0.891006
vn -0.453991 0.000000 -0.891006
vn -0.707107 0.000000 -0.707106
vn -0.707107 0.000000 -0.707106
vn -0.707107 0.000000 -0.707106
vn -0.707107 0.000000 -0.707106
vn -0.891006 0.000000 -0.453991
vn -0.891006 0.000000 -0.453991
vn -0.891006 0.000000 -0.453991
vn -0.891006 0.000000 -0.453991
vn -0.987688 0.000000 -0.156434
vn -0.987688 0.000000 -0.156434
vn -0.987688 0.000000 -0.156434
vn -0.987688 0.000000 -0.156434
vn -0.987689 0.000000 0.156433
vn -0.987689 0.000000 0.156433
vn -0.987689 0.000000 0.156433
vn -0.987689 0.000000 0.156433
vn 0.000000 -1.000000 0.000000
vn 0.000000 -1.000000 0.000000
vn 0.000000 -1.000000 0.000000
vn 0.000000 -1.000000 0.000000
vn 0.000000 -1.000000 0.000000
vn 0.000000 -1.000000 0.000000
vn 0.000000 -1.000000 0.000000
vn 0.000000 -1.000000 0.000000
vn 0.000000 -1.000000 0.000001
vn 0.000000 -1.000000 0.000001
vn 0.000000 -1.000000 0.000001
vn 0.000000 -1.000000 0.000001
vn 0.000000 -1.000000 0.000000
vn 0.000000 -1.000000 0.000000
vn 0.000000 -1.000000 0.000001
vn 0.000000 -1.000000 0.000001
vn 0.000000 -1.000000 0.000000
vn 0.000000 -1.000000 0.000000
vn 0.000000 -1.000000 0.000000
vn 0.000000 -1.000000 0.000000
vn 0.000000 -1.000000 0.000000
vn 0.000000 -1.000000 0.000000
vn 0.000000 -1.000000 0.000000
vn 0.000000 -1.000000 0.000000
vn 0.000000 -1.000000 0.000000
vn 0.000000 -1.000000 0.000000
vn 0.000000 -1.000000 -0.000000
vn 0.000000 -1.000000 -0.000000
vn 0.000000 -1.000000 -0.000000
vn 0.000000 -1.000000 -0.000000
vn 0.000000 -1.000000 0.000000
vn 0.000000 -1.000000 0.000000
vn 0.000000 -1.000000 0.000001
vn 0.000000 -1.000000 0.000001
vn 0.000000 -1.000000 0.000000
vn 0.000000 -1.000000 0.000000
vn 0.000000 -1.000000 -0.000000
vn 0.000000 -1.000000 -0.000000
vn 0.000000 -1.000000 -0.000000
vn 0.000000 -1.000000 -0.000000
vn -0.891006 0.000000 0.453991
vn -0.891006 0.000000 0.453991
vn -0.891006 0.000000 0.453991
vn -0.891006 0.000000 0.453991
vn -0.707107 0.000000 0.707107
vn -0.707107 0.000000 0.707107
vn -0.707107 0.000000 0.707107
vn -0.707107 0.000000 0.707107
vn -0.453991 0.000000 0.891006
vn -0.453991 0.000000 0.891006
vn -0.453991 0.000000 0.891006
vn -0.453991 0.000000 0.891006
vn -0.156434 0.000000 0.987688
vn -0.156434 0.000000 0.987688
vn -0.156434 0.000000 0.987688
vn -0.156434 0.000000 0.987688
vn 0.156434 0.000000 0.987688
vn 0.156434 0.000000 0.987688
vn 0.156434 0.000000 0.987688
vn 0.156434 0.000000 0.987688
vn 0.453991 0.000000 0.891006
vn 0.453991 0.000000 0.891006
vn 0.453991 0.000000 0.891006
vn 0.453991 0.000000 0.891006
vn 0.707107 0.000000 0.707107
vn 0.707107 0.000000 0.707107
vn 0.707107 0.000000 0.707107
vn 0.707107 0.000000 0.707107
vn 0.891006 0.000000 0.453991
vn 0.891006 0.000000 0.453991
vn 0.891006 0.000000 0.453991
vn 0.891006 0.000000 0.453991
vn 0.987688 0.000000 0.156434
vn 0.987688 0.000000 0.156434
vn 0.987688 0.000000 0.156434
vn 0.987688 0.000000 0.156434
vn 0.987688 0.000000 -0.156434
vn 0.987688 0.000000 -0.156434
vn 0.987688 0.000000 -0.156434
vn 0.987688 0.000000 -0.156434
vn 0.891006 0.000000 -0.453991
vn 0.891006 0.000000 -0.453991
vn 0.891006 0.000000 -0.453991
vn 0.891006 0.000000 -0.453991
vn 0.707107 0.000000 -0.707107
vn 0.707107 0.000000 -0.707107
vn 0.707107 0.000000 -0.707107
vn 0.707107 0.000000 -0.707107
vn 0.453991 0.000000 -0.891007
vn 0.453991 0.000000 -0.891007
vn 0.453991 0.000000 -0.891007
vn 0.453991 0.000000 -0.891007
vn 0.156435 0.000000 -0.987688
vn 0.156435 0.000000 -0.987688
vn 0.156435 0.000000 -0.987688
vn 0.156435 0.000000 -0.987688
vn -0.156435 0.000000 -0.987688
vn -0.156435 0.000000 -0.987688
vn -0.156435 0.000000 -0.987688
vn -0.156435 0.000000 -0.987688
vn -0.453991 0.000000 -0.891007
vn -0.453991 0.000000 -0.891007
vn -0.453991 0.000000 -0.891007
vn -0.453991 0.000000 -0.891007
vn -0.707107 0.000000 -0.707107
vn -0.707107 0.000000 -0.707107
vn -0.707107 0.000000 -0.707107
vn -0.707107 0.000000 -0.707107
vn -0.891007 0.000000 -0.453991
vn -0.891007 0.000000 -0.453991
vn -0.891007 0.000000 -0.453991
vn -0.891007 0.000000 -0.453991
vn -0.987688 0.000000 -0.156434
vn -0.987688 0.000000 -0.156434
vn -0.987688 0.000000 -0.156434
vn -0.987688 0.000000 -0.156434
vn -0.987689 0.000000 0.156432
vn -0.987689 0.000000 0.156432
vn -0.987689 0.000000 0.156432
vn -0.987689 0.000000 0.156432
vn 0.634702 0.000000 0.772757
vn 0.634702 0.000000 0.772757
vn 0.634702 0.000000 0.772757
vn 0.634702 0.000000 0.772757
vn 0.000000 1.000000 -0.000000
vn 0.000000 1.000000 -0.000000
vn 0.000000 1.000000 0.000000
vn 0.000000 1.000000 0.000000
vn -0.634702 0.000000 -0.772757
vn -0.634702 0.000000 -0.772757
vn -0.634702 0.000000 -0.772757
vn -0.634702 0.000000 -0.772757
vn 0.000000 -1.000000 -0.000000
vn 0.000000 -1.000000 -0.000000
vn 0.000000 -1.000000 0.000000
vn 0.000000 -1.000000 0.000000
vn 0.772757 0.000000 -0.634702
vn 0.772757 0.000000 -0.634702
vn 0.772757 0.000000 -0.634702
vn 0.772757 0.000000 -0.634702
vn -0.772757 0.000000 0.634702
vn -0.772757 0.000000 0.634702
vn -0.772757 0.000000 0.634702
vn -0.772757 0.000000 0.634702
vn 0.000000 -1.000000 0.000000
vn 0.000000 -1.000000 0.000000
vn 0.772757 0.000000 -0.634702
vn 0.772757 0.000000 -0.634702
vn 0.772757 0.000000 -0.634702
vn 0.772757 0.000000 -0.634702
vn 0.000000 1.000000 -0.000001
vn 0.000000 1.000000 -0.000001
vn -0.772757 0.000000 0.634702
vn -0.772757 0.000000 0.634702
vn -0.772757 0.000000 0.634702
vn -0.772757 0.000000 0.634702
vn 0.000000 1.000000 0.000000
vn 0.000000 1.000000 0.000000
vn 0.772757 0.000000 -0.634702
vn 0.772757 0.000000 -0.634702
vn 0.772757 0.000000 -0.634702
vn 0.772757 0.000000 -0.634702
vn 0.000000 -1.000000 -0.000001
vn 0.000000 -1.000000 -0.000001
vn -0.772757 0.000000 0.634702
vn -0.772757 0.000000 0.634702
vn -0.772757 0.000000 0.634702
vn -0.772757 0.000000 0.634702
vn 0.000000 -1.000000 0.000000
vn 0.000000 -1.000000 0.000000
vn -0.634702 0.000000 -0.772757
vn -0.634702 0.000000 -0.772757
vn -0.634702 0.000000 -0.772757
vn -0.634702 0.000000 -0.772757
vn 0.000000 1.000000 0.000001
vn 0.000000 1.000000 0.000001
vn 0.634702 0.000000 0.772757
vn 0.634702 0.000000 0.772757
vn 0.634702 0.000000 0.772757
vn 0.634702 0.000000 0.772757
vn 0.000000 -1.000000 0.000000
vn 0.000000 -1.000000 0.000000
vn 0.634702 0.000000 0.772757
vn 0.634702 0.000000 0.772757
vn 0.634702 0.000000 0.772757
vn 0.634702 0.000000 0.772757
vn 0.000000 1.000000 0.000000
vn 0.000000 1.000000 0.000000
vn -0.634702 0.000000 -0.772757
vn -0.634702 0.000000 -0.772757
vn -0.634702 0.000000 -0.772757
vn -0.634702 0.000000 -0.772757
s 1
g pCylinder1 no_stamp
usemtl initialShadingGroup
f 143/113/1 142/114/2 144/115/3
f 145/117/4 143/113/1 144/115/3
f 146/119/5 145/117/4 144/115/3
f 147/121/6 146/119/5 144/115/3
f 148/123/7 147/121/6 144/115/3
f 149/125/8 148/123/7 144/115/3
f 150/127/9 149/125/8 144/115/3
f 151/129/10 150/127/9 144/115/3
f 152/131/11 151/129/10 144/115/3
f 153/133/12 152/131/11 144/115/3
f 154/132/13 153/133/12 144/115/3
f 155/130/14 154/132/13 144/115/3
f 156/128/15 155/130/14 144/115/3
f 157/126/16 156/128/15 144/115/3
f 158/124/17 157/126/16 144/115/3
f 159/122/18 158/124/17 144/115/3
f 160/120/19 159/122/18 144/115/3
f 161/118/20 160/120/19 144/115/3
f 162/116/21 161/118/20 144/115/3
f 142/114/2 162/116/21 144/115/3
s 2
f 1/1/22 2/2/23 25/3/24 21/4/25
f 2/2/23 3/5/26 29/6/27 25/3/24
f 3/269/26 4/270/28 33/271/29 29/272/27
f 4/270/28 5/273/30 37/274/31 33/271/29
f 5/273/30 6/277/32 41/278/33 37/274/31
f 6/277/32 7/280/34 45/281/35 41/278/33
f 7/37/34 8/29/36 49/32/37 45/38/35
f 8/29/36 9/30/38 53/31/39 49/32/37
f 9/30/38 10/33/40 57/34/41 53/31/39
f 10/33/40 11/39/42 61/40/43 57/34/41
f 11/39/42 12/45/44 65/46/45 61/40/43
f 12/45/44 13/50/46 69/51/47 65/46/45
f 13/284/46 14/285/48 73/286/49 69/287/47
f 14/285/48 15/288/50 77/289/51 73/286/49
f 15/288/50 16/292/52 81/293/53 77/289/51
f 16/292/52 17/295/54 85/296/55 81/293/53
f 17/24/54 18/20/56 89/21/57 85/25/55
f 18/20/56 19/15/58 93/16/59 89/21/57
f 19/15/58 20/9/60 97/10/61 93/16/59
f 20/9/60 1/1/22 21/4/25 97/10/61
s 3
f 102/134/62 101/135/63 103/136/64
f 101/135/63 104/137/65 103/136/64
f 104/137/65 105/139/66 103/136/64
f 105/139/66 106/141/67 103/136/64
f 106/141/67 107/143/68 103/136/64
f 107/143/68 108/145/69 103/136/64
f 108/145/69 109/147/70 103/136/64
f 109/147/70 110/149/71 103/136/64
f 110/149/71 111/151/72 103/136/64
f 111/151/72 112/153/73 103/136/64
f 112/153/73 113/154/74 103/136/64
f 113/154/74 114/152/75 103/136/64
f 114/152/75 115/150/76 103/136/64
f 115/150/76 116/148/77 103/136/64
f 116/148/77 117/146/78 103/136/64
f 117/146/78 118/144/79 103/136/64
f 118/144/79 119/142/80 103/136/64
f 119/142/80 120/140/81 103/136/64
f 120/140/81 121/138/82 103/136/64
f 121/138/82 102/134/62 103/136/64
s 4
f 23/155/83 24/156/84 100/157/85 99/158/86
s 2
f 21/4/25 22/7/87 98/12/88 97/10/61
f 22/7/87 23/13/89 99/18/90 98/12/88
s 4
f 24/156/84 23/155/83 27/159/91 28/160/92
s 2
f 23/13/89 22/7/87 26/8/93 27/14/94
f 22/7/87 21/4/25 25/3/24 26/8/93
s 4
f 28/160/92 27/159/91 31/163/95 32/164/96
s 2
f 27/14/94 26/8/93 30/11/97 31/17/98
f 26/8/93 25/3/24 29/6/27 30/11/97
s 4
f 32/164/96 31/163/95 35/167/99 36/168/100
s 2
f 31/163/98 30/171/97 34/172/101 35/167/102
f 30/275/97 29/272/27 33/271/29 34/276/101
s 4
f 36/168/100 35/167/99 39/173/103 40/174/104
s 2
f 35/167/102 34/172/101 38/177/105 39/173/106
f 34/276/101 33/271/29 37/274/31 38/279/105
s 4
f 40/174/104 39/173/103 43/178/107 44/179/108
s 2
f 39/173/106 38/177/105 42/184/109 43/178/110
f 38/279/105 37/274/31 41/278/33 42/282/109
s 4
f 44/179/108 43/178/107 47/185/111 48/186/112
s 2
f 43/178/110 42/184/109 46/190/113 47/185/114
f 42/282/109 41/278/33 45/281/35 46/283/113
s 4
f 48/186/112 47/185/111 51/191/115 52/192/116
s 2
f 47/49/114 46/42/113 50/35/117 51/43/118
f 46/42/113 45/38/35 49/32/37 50/35/117
s 4
f 52/192/116 51/191/115 55/196/119 56/197/120
s 2
f 51/43/118 50/35/117 54/36/121 55/44/122
f 50/35/117 49/32/37 53/31/39 54/36/121
s 4
f 56/197/120 55/196/119 59/201/123 60/202/124
s 2
f 55/44/122 54/36/121 58/41/125 59/48/126
f 54/36/121 53/31/39 57/34/41 58/41/125
s 4
f 60/202/124 59/201/123 63/204/127 64/203/128
s 2
f 59/48/126 58/41/125 62/47/129 63/53/130
f 58/41/125 57/34/41 61/40/43 62/47/129
s 4
f 64/203/128 63/204/127 67/199/131 68/198/132
s 2
f 63/53/130 62/47/129 66/52/133 67/55/134
f 62/47/129 61/40/43 65/46/45 66/52/133
s 4
f 68/198/132 67/199/131 71/194/135 72/193/136
s 2
f 67/55/134 66/52/133 70/54/137 71/56/138
f 66/52/133 65/46/45 69/51/47 70/54/137
s 4
f 72/193/136 71/194/135 75/188/139 76/187/140
s 2
f 71/194/138 70/200/137 74/195/141 75/188/142
f 70/290/137 69/287/47 73/286/49 74/291/141
s 4
f 76/187/140 75/188/139 79/181/143 80/180/144
s 2
f 75/188/142 74/195/141 78/189/145 79/181/146
f 74/291/141 73/286/49 77/289/51 78/294/145
s 4
f 80/180/144 79/181/143 83/176/147 84/175/148
s 2
f 79/181/146 78/189/145 82/182/149 83/176/150
f 78/294/145 77/289/51 81/293/53 82/297/149
s 4
f 84/175/148 83/176/147 87/170/151 88/169/152
s 2
f 83/176/150 82/182/149 86/183/153 87/170/154
f 82/297/149 81/293/53 85/296/55 86/298/153
s 4
f 88/169/152 87/170/151 91/166/155 92/165/156
s 2
f 87/28/154 86/27/153 90/23/157 91/26/158
f 86/27/153 85/25/55 89/21/57 90/23/157
s 4
f 92/165/156 91/166/155 95/162/159 96/161/160
s 2
f 91/26/158 90/23/157 94/19/161 95/22/162
f 90/23/157 89/21/57 93/16/59 94/19/161
s 4
f 96/161/160 95/162/159 99/158/86 100/157/85
s 2
f 95/22/162 94/19/161 98/12/88 99/18/90
f 94/19/161 93/16/59 97/10/61 98/12/88
s off
f 24/57/163 28/58/164 101/59/165 102/60/166
f 28/58/167 32/61/168 104/62/169 101/59/170
f 32/299/171 36/300/172 105/301/173 104/302/174
f 36/300/175 40/303/176 106/304/177 105/301/178
f 40/303/179 44/305/180 107/306/181 106/304/182
f 44/305/183 48/307/184 108/308/185 107/306/186
f 48/77/187 52/71/188 109/74/189 108/78/190
f 52/71/191 56/72/192 110/73/193 109/74/194
f 56/72/195 60/75/196 111/76/197 110/73/198
f 60/75/199 64/79/200 112/80/201 111/76/202
f 64/79/203 68/81/204 113/82/205 112/80/206
f 68/81/207 72/83/208 114/84/209 113/82/210
f 72/309/211 76/310/212 115/311/213 114/312/214
f 76/310/215 80/313/216 116/314/217 115/311/218
f 80/313/219 84/315/220 117/316/221 116/314/222
f 84/315/223 88/317/224 118/318/225 117/316/226
f 88/69/227 92/67/228 119/68/229 118/70/230
f 92/67/231 96/65/232 120/66/233 119/68/234
f 96/65/235 100/63/236 121/64/237 120/66/238
f 100/63/239 24/57/240 102/60/241 121/64/242
s 5
f 2/205/243 1/206/244 122/207/245 123/208/246
f 3/211/247 2/205/243 123/208/246 124/212/248
f 4/215/249 3/211/247 124/212/248 125/216/250
f 5/219/251 4/215/249 125/216/250 126/220/252
f 6/223/253 5/219/251 126/220/252 127/224/254
f 7/227/255 6/223/253 127/224/254 128/228/256
f 8/231/257 7/227/255 128/228/256 129/232/258
f 9/235/259 8/231/257 129/232/258 130/236/260
f 10/239/261 9/235/259 130/236/260 131/240/262
f 11/243/263 10/239/261 131/240/262 132/244/264
f 12/241/265 11/243/263 132/244/264 133/242/266
f 13/237/267 12/241/265 133/242/266 134/238/268
f 14/233/269 13/237/267 134/238/268 135/234/270
f 15/229/271 14/233/269 135/234/270 136/230/272
f 16/225/273 15/229/271 136/230/272 137/226/274
f 17/221/275 16/225/273 137/226/274 138/222/276
f 18/217/277 17/221/275 138/222/276 139/218/278
f 19/213/279 18/217/277 139/218/278 140/214/280
f 20/209/281 19/213/279 140/214/280 141/210/282
f 1/206/244 20/209/281 141/210/282 122/207/245
s off
f 123/85/283 122/86/284 142/87/285 143/88/286
f 124/91/287 123/85/288 143/88/289 145/92/290
f 125/319/291 124/320/292 145/321/293 146/322/294
f 126/323/295 125/319/296 146/322/297 147/324/298
f 127/325/299 126/323/300 147/324/301 148/326/302
f 128/327/303 127/325/304 148/326/305 149/328/306
f 129/100/307 128/103/308 149/104/309 150/101/310
f 130/99/311 129/100/312 150/101/313 151/102/314
f 131/105/315 130/99/316 151/102/317 152/106/318
f 132/107/319 131/105/320 152/106/321 153/108/322
f 133/109/323 132/107/324 153/108/325 154/110/326
f 134/111/327 133/109/328 154/110/329 155/112/330
f 135/329/331 134/330/332 155/331/333 156/332/334
f 136/333/335 135/329/336 156/332/337 157/334/338
f 137/335/339 136/333/340 157/334/341 158/336/342
f 138/337/343 137/335/344 158/336/345 159/338/346
f 139/95/347 138/97/348 159/98/349 160/96/350
f 140/93/351 139/95/352 160/96/353 161/94/354
f 141/89/355 140/93/356 161/94/357 162/90/358
f 122/86/359 141/89/360 162/90/361 142/87/362
f 171/357/363 172/361/364 173/362/365 174/358/366
s 6
f 165/245/367 166/246/368 168/247/369 167/248/370
s off
f 175/339/371 176/340/372 177/341/373 178/342/374
s 7
f 169/257/375 170/258/376 164/259/377 163/260/378
s off
f 180/351/379 179/348/380 181/347/381 182/352/382
f 183/349/383 184/353/384 185/354/385 186/350/386
s 7
f 163/260/378 164/259/377 172/265/387 171/266/388
s off
f 164/363/389 166/364/390 173/365/391 172/366/392
s 6
f 166/246/368 165/245/367 174/249/393 173/250/394
s off
f 165/355/395 163/356/396 171/357/397 174/358/398
s 6
f 167/248/370 168/247/369 176/253/399 175/254/400
s off
f 168/343/401 170/344/402 177/341/403 176/340/404
s 7
f 170/258/376 169/257/375 178/261/405 177/262/406
s off
f 169/345/407 167/346/408 175/339/409 178/342/410
s 7
f 164/259/377 170/258/376 179/263/411 180/264/412
s off
f 170/344/413 168/343/414 181/347/415 179/348/416
s 6
f 168/247/369 166/246/368 182/251/417 181/252/418
s off
f 166/364/419 164/363/420 180/367/421 182/368/422
s 7
f 169/257/375 163/260/378 184/267/423 183/268/424
s off
f 163/356/425 165/355/426 185/359/427 184/360/428
s 6
f 165/245/367 167/248/370 186/255/429 185/256/430
s off
f 167/346/431 169/345/432 183/349/433 186/350/434
g default
v 1.375555 0.186612 -0.446945
v 1.170117 0.186612 -0.850140
v 0.850140 0.186612 -1.170117
v 0.446945 0.186612 -1.375555
v 0.000000 0.186612 -1.446344
v -0.446945 0.186612 -1.375555
v -0.850140 0.186612 -1.170117
v -1.170117 0.186612 -0.850140
v -1.375555 0.186612 -0.446945
v -1.446344 0.186612 0.000000
v -1.375555 0.186612 0.446945
v -1.170117 0.186612 0.850140
v -0.850140 0.186612 1.170117
v -0.446945 0.186612 1.375555
v -0.000000 0.186612 1.446344
v 0.446945 0.186612 1.375555
v 0.850140 0.186612 1.170117
v 1.170117 0.186612 0.850140
v 1.375555 0.186612 0.446945
v 1.446344 0.186612 -0.000000
v 1.386731 0.914904 -0.450576
v 1.178936 0.915222 -0.856183
v 0.850140 0.908632 -1.170117
v 0.446945 0.908632 -1.375555
v -0.000000 0.908632 -1.446344
v -0.446945 0.908632 -1.375555
v -0.850140 0.908632 -1.170117
v -1.170117 0.908632 -0.850140
v -1.385809 0.914621 -0.449967
v -1.458095 0.913964 0.000000
v -1.386731 0.913964 0.450576
v -1.178935 0.914621 0.856183
v -0.850140 0.908632 1.170117
v -0.446945 0.908632 1.375555
v -0.000000 0.908632 1.446344
v 0.446945 0.908632 1.375555
v 0.850140 0.908632 1.170117
v 1.170117 0.908632 0.850140
v 1.385809 0.915222 0.449967
v 1.458095 0.914904 -0.000000
v 1.308501 0.273036 -0.425158
v 1.113077 0.273036 -0.808698
v 0.808698 0.273036 -1.113077
v 0.425158 0.273036 -1.308501
v 0.000000 0.273036 -1.375839
v -0.425158 0.273036 -1.308501
v -0.808698 0.273036 -1.113077
v -1.113077 0.273036 -0.808698
v -1.308500 0.273036 -0.425157
v -1.375839 0.273036 -0.000000
v -1.308500 0.273036 0.425157
v -1.113077 0.273036 0.808698
v -0.808698 0.273036 1.113077
v -0.425157 0.273036 1.308500
v -0.000000 0.273036 1.375839
v 0.425157 0.273036 1.308500
v 0.808697 0.273036 1.113077
v 1.113077 0.273036 0.808697
v 1.308500 0.273036 0.425157
v 1.375838 0.273036 -0.000000
v 1.297325 0.830238 -0.421526
v 1.114441 0.861036 -0.810052
v 0.808698 0.823966 -1.113077
v 0.425158 0.823966 -1.308501
v 0.000000 0.823966 -1.375839
v -0.425158 0.823966 -1.308501
v -0.808698 0.823966 -1.113077
v -1.113077 0.823966 -0.808698
v -1.310216 0.860434 -0.426024
v -1.364088 0.829298 -0.000000
v -1.297325 0.829298 0.421526
v -1.114441 0.860434 0.810052
v -0.808698 0.823966 1.113077
v -0.425157 0.823966 1.308500
v -0.000000 0.823966 1.375839
v 0.425157 0.823966 1.308500
v 0.808697 0.823966 1.113077
v 1.113077 0.823966 0.808698
v 1.310215 0.861036 0.426024
v 1.364087 0.830238 -0.000000
v 1.375555 2.210583 -0.446945
v 1.223345 2.199085 -0.764524
v 1.178317 2.199085 -0.737867
v 1.308501 2.210583 -0.425158
v 1.399720 2.199085 0.349071
v 1.446344 2.210583 -0.000000
v 1.375838 2.210583 -0.000000
v 1.348658 2.199085 0.337633
v -1.399720 2.195492 -0.349071
v -1.446344 2.208562 0.000000
v -1.375839 2.208562 0.000000
v -1.348659 2.195492 -0.337634
v -1.375555 2.208562 0.446945
v -1.308500 2.208562 0.425157
v -1.223344 2.195492 0.764523
v -1.178316 2.195492 0.737867
v 1.386731 0.786429 -0.450576
v 1.458095 0.786429 -0.000000
v 1.386730 0.786429 0.450576
v 1.179623 0.786429 0.857047
v 0.857047 0.786429 1.179623
v 0.450576 0.786429 1.386731
v -0.000000 0.786429 1.458095
v -0.450576 0.786429 1.386731
v -0.857047 0.786429 1.179623
v -1.179623 0.786429 0.857047
v -1.386731 0.786429 0.450576
v -1.458095 0.786429 -0.000000
v -1.386731 0.786429 -0.450576
v -1.179624 0.786429 -0.857047
v -0.857047 0.786429 -1.179624
v -0.450576 0.786429 -1.386731
v -0.000000 0.786429 -1.458095
v 0.450576 0.786429 -1.386731
v 0.857047 0.786429 -1.179624
v 1.179624 0.786429 -0.857047
v 1.386731 0.298265 -0.450576
v 1.458095 0.298265 -0.000000
v 1.386730 0.298265 0.450576
v 1.179623 0.298265 0.857047
v 0.857047 0.298265 1.179623
v 0.450576 0.298265 1.386731
v -0.000000 0.298265 1.458095
v -0.450576 0.298265 1.386731
v -0.857047 0.298265 1.179623
v -1.179623 0.298265 0.857047
v -1.386731 0.298265 0.450576
v -1.458095 0.298265 0.000000
v -1.386731 0.298265 -0.450576
v -1.179624 0.298265 -0.857047
v -0.857047 0.298265 -1.179624
v -0.450576 0.298265 -1.386731
v -0.000000 0.298265 -1.458095
v 0.450576 0.298265 -1.386731
v 0.857047 0.298265 -1.179624
v 1.179624 0.298265 -0.857047
v -1.401626 1.094676 -0.395462
v -1.333158 1.094676 -0.377081
v -1.364088 1.094676 0.000000
v -1.297325 1.094676 0.421526
v -1.151384 1.094676 0.770593
v -1.210821 1.094676 0.809232
v -1.386731 1.094676 0.450576
v -1.458095 1.094676 0.000000
v 1.386731 1.102334 -0.450576
v 1.458095 1.102334 -0.000000
v 1.401625 1.102334 0.395462
v 1.333158 1.102334 0.377081
v 1.364087 1.102334 -0.000000
v 1.297325 1.102334 -0.421526
v 1.151385 1.102334 -0.770594
v 1.210821 1.102334 -0.809233
v 1.386731 1.979239 -0.450576
v 1.458095 1.979239 -0.000000
v 1.401625 1.979239 0.395462
v 1.333158 1.979239 0.377081
v 1.364087 1.979239 -0.000000
v 1.297325 1.979239 -0.421526
v 1.151385 1.979239 -0.770594
v 1.210821 1.979239 -0.809233
v -1.401626 1.966174 -0.395462
v -1.333158 1.966174 -0.377081
v -1.364088 1.966174 0.000000
v -1.297325 1.966174 0.421526
v -1.151384 1.966174 0.770593
v -1.210821 1.966174 0.809233
v -1.386731 1.966174 0.450576
v -1.458095 1.966174 0.000000
v 1.347190 0.830238 -0.213374
v 1.297324 0.548501 0.421526
v 1.347190 0.830238 0.213374
v 1.103570 0.548501 0.801791
v 0.801790 0.548501 1.103570
v 0.421526 0.548501 1.297325
v -0.000000 0.548501 1.364088
v -0.421526 0.548501 1.297325
v -0.801791 0.548501 1.103570
v -1.103570 0.548501 0.801791
v -1.297325 0.548501 0.421526
v -1.215318 0.829298 0.619235
v -1.364088 0.548501 0.000000
v -1.347190 0.829298 0.213374
v -1.297325 0.548501 -0.421526
v -1.347190 0.829298 -0.213374
v -1.103570 0.548501 -0.801791
v -0.801791 0.548501 -1.103570
v -0.421526 0.548501 -1.297325
v 0.000000 0.548501 -1.364088
v 0.421526 0.548501 -1.297325
v 0.801791 0.548501 -1.103571
v 1.299073 0.914904 -0.661911
v 1.210821 0.940876 -0.809233
v 1.299073 1.102334 -0.661911
v 1.386731 0.940876 -0.450576
v 1.151385 0.940876 -0.770594
v 1.155739 1.102334 -0.839693
v 1.297325 0.940876 -0.421526
v 1.215318 1.102334 -0.619236
v 1.440032 0.914904 0.228079
v 1.458095 0.940876 -0.000000
v 1.440032 1.102334 0.228079
v 1.401625 0.940876 0.395462
v 1.333158 0.940876 0.377081
v 1.347190 1.102334 0.213374
v 1.364087 0.940876 -0.000000
v 1.358652 1.102334 0.441453
v 1.440033 0.914904 -0.228079
v 1.440033 1.102334 -0.228079
v 1.347190 1.102334 -0.213374
v -1.440033 0.913964 -0.228079
v -1.458095 0.937118 0.000000
v -1.440033 1.094676 -0.228079
v -1.401626 0.937118 -0.395462
v -1.333158 0.937118 -0.377081
v -1.347190 1.094676 -0.213374
v -1.364088 0.937118 0.000000
v -1.358652 1.094676 -0.441453
v -1.440033 0.913964 0.228079
v -1.386731 0.937118 0.450576
v -1.440033 1.094676 0.228079
v -1.347190 1.094676 0.213374
v -1.297325 0.937118 0.421526
v -1.299072 0.913964 0.661910
v -1.210821 0.937118 0.809233
v -1.299072 1.094676 0.661910
v -1.151384 0.937118 0.770593
v -1.155738 1.094676 0.839693
v -1.215318 1.094676 0.619235
v 1.440033 0.786429 -0.228079
v 1.386731 0.887165 -0.450576
v 1.458095 0.887165 -0.000000
v 1.440032 0.786429 0.228079
v 1.386730 0.887165 0.450576
v 1.299072 0.786429 0.661910
v 1.179623 0.887165 0.857047
v 1.030950 0.786429 1.030950
v 0.857047 0.887165 1.179623
v 0.661910 0.786429 1.299072
v 0.450576 0.887165 1.386731
v 0.228079 0.786429 1.440033
v -0.000000 0.887165 1.458095
v -0.228079 0.786429 1.440033
v -0.450576 0.887165 1.386731
v -0.661910 0.786429 1.299072
v -0.857047 0.887165 1.179623
v -1.030950 0.786429 1.030950
v -1.179624 0.887165 0.857047
v -1.299072 0.786429 0.661910
v -1.386731 0.887165 0.450576
v -1.440033 0.786429 0.228079
v -1.458095 0.887165 0.000000
v -1.440033 0.786429 -0.228079
v -1.386731 0.887165 -0.450576
v -1.299073 0.786429 -0.661910
v -1.179624 0.887165 -0.857047
v -1.030950 0.786429 -1.030950
v -0.857047 0.887165 -1.179624
v -0.661911 0.786429 -1.299073
v -0.450576 0.887165 -1.386731
v -0.228079 0.786429 -1.440033
v 0.000000 0.887165 -1.458095
v 0.228079 0.786429 -1.440033
v 0.450576 0.887165 -1.386731
v 0.661911 0.786429 -1.299073
v 0.857047 0.887165 -1.179624
v 1.030950 0.786429 -1.030950
v 1.179624 0.887165 -0.857047
v 1.299073 0.786429 -0.661911
v 1.386731 0.541468 -0.450576
v 1.458095 0.541468 -0.000000
v 1.386730 0.541468 0.450576
v 1.179623 0.541468 0.857047
v 0.857047 0.541468 1.179623
v 0.450576 0.541468 1.386731
v -0.000000 0.541468 1.458095
v -0.450576 0.541468 1.386731
v -0.857047 0.541468 1.179623
v -1.179624 0.541468 0.857047
v -1.386731 0.541468 0.450576
v -1.458095 0.541468 0.000000
v -1.386731 0.541468 -0.450576
v -1.179624 0.541468 -0.857047
v -0.857047 0.541468 -1.179624
v -0.450576 0.541468 -1.386731
v 0.000000 0.541468 -1.458095
v 0.450576 0.541468 -1.386731
v 0.857047 0.541468 -1.179624
v 1.179624 0.541468 -0.857047
v -1.401626 1.524689 -0.395462
v -1.358652 1.966174 -0.441453
v -1.333158 1.524689 -0.377081
v -1.347190 1.966174 -0.213374
v -1.364088 1.524689 0.000000
v -1.347190 1.966174 0.213374
v -1.297325 1.524689 0.421526
v -1.215318 1.966174 0.619235
v -1.151384 1.524689 0.770593
v -1.155738 1.966174 0.839693
v -1.210821 1.524689 0.809233
v -1.299072 1.966174 0.661910
v -1.386731 1.524689 0.450576
v -1.440033 1.966174 0.228079
v -1.458095 1.524689 0.000000
v -1.440033 1.966174 -0.228079
v 1.386731 1.536531 -0.450576
v 1.440033 1.979239 -0.228079
v 1.458095 1.536531 -0.000000
v 1.440032 1.979239 0.228079
v 1.401625 1.536531 0.395462
v 1.358651 1.979239 0.441453
v 1.333158 1.536531 0.377081
v 1.347190 1.979239 0.213374
v 1.364087 1.536531 -0.000000
v 1.347190 1.979239 -0.213374
v 1.297325 1.536531 -0.421526
v 1.215318 1.979239 -0.619236
v 1.151385 1.536531 -0.770594
v 1.155739 1.979239 -0.839693
v 1.210821 1.536531 -0.809233
v 1.299073 1.979239 -0.661911
v 1.386731 2.166232 -0.450576
v 1.458095 2.166232 -0.000000
v 1.401625 2.166232 0.395462
v 1.333158 2.166232 0.377081
v 1.364087 2.166232 -0.000000
v 1.297325 2.166232 -0.421526
v 1.151385 2.166232 -0.770594
v 1.210821 2.166232 -0.809233
v -1.401626 2.158149 -0.395462
v -1.333158 2.158149 -0.377081
v -1.364088 2.158149 0.000000
v -1.297325 2.158149 0.421526
v -1.151384 2.158149 0.770593
v -1.210821 2.158149 0.809233
v -1.386731 2.158149 0.450576
v -1.458095 2.158149 0.000000
v 1.288604 0.186612 -0.656576
v 1.179624 0.202804 -0.857047
v 1.299073 0.298265 -0.661911
v 1.386731 0.202804 -0.450576
v 1.022642 0.186612 -1.022642
v 0.857047 0.202804 -1.179624
v 1.030950 0.298265 -1.030950
v 0.656576 0.186612 -1.288604
v 0.450576 0.202804 -1.386731
v 0.661911 0.298265 -1.299073
v 0.226241 0.186612 -1.428428
v -0.000000 0.202804 -1.458095
v 0.228079 0.298265 -1.440033
v -0.226241 0.186612 -1.428428
v -0.450576 0.202804 -1.386731
v -0.228079 0.298265 -1.440033
v -0.656576 0.186612 -1.288603
v -0.857047 0.202804 -1.179624
v -0.661911 0.298265 -1.299073
v -1.022641 0.186612 -1.022641
v -1.179624 0.202804 -0.857047
v -1.030950 0.298265 -1.030950
v -1.288603 0.186612 -0.656576
v -1.386731 0.202804 -0.450576
v -1.299073 0.298265 -0.661910
v -1.428428 0.186612 -0.226241
v -1.458095 0.202804 0.000000
v -1.440033 0.298265 -0.228079
v -1.428428 0.186612 0.226241
v -1.386731 0.202804 0.450576
v -1.440033 0.298265 0.228079
v -1.288603 0.186612 0.656576
v -1.179624 0.202804 0.857047
v -1.299072 0.298265 0.661910
v -1.022641 0.186612 1.022641
v -0.857047 0.202804 1.179623
v -1.030950 0.298265 1.030950
v -0.656576 0.186612 1.288603
v -0.450576 0.202804 1.386731
v -0.661910 0.298265 1.299072
v -0.226241 0.186612 1.428427
v -0.000000 0.202804 1.458095
v -0.228079 0.298265 1.440033
v 0.226241 0.186612 1.428427
v 0.450576 0.202804 1.386731
v 0.228079 0.298265 1.440033
v 0.656576 0.186612 1.288603
v 0.857047 0.202804 1.179623
v 0.661910 0.298265 1.299072
v 1.022641 0.186612 1.022641
v 1.179623 0.202804 0.857047
v 1.030950 0.298265 1.030950
v 1.288603 0.186612 0.656576
v 1.386730 0.202804 0.450576
v 1.299072 0.298265 0.661910
v 1.428427 0.186612 0.226241
v 1.458095 0.202804 -0.000000
v 1.440032 0.298265 0.228079
v 1.428428 0.186612 -0.226241
v 1.440033 0.298265 -0.228079
v 1.342028 0.181214 -0.436051
v 1.225788 0.273036 -0.624570
v 1.141597 0.181214 -0.829419
v 0.972791 0.273036 -0.972791
v 0.829419 0.181214 -1.141597
v 0.624570 0.273036 -1.225788
v 0.436051 0.181214 -1.342028
v 0.215212 0.273036 -1.358796
v 0.000000 0.181214 -1.411092
v -0.215212 0.273036 -1.358796
v -0.436051 0.181214 -1.342028
v -0.624570 0.273036 -1.225788
v -0.829419 0.181214 -1.141597
v -0.972790 0.273036 -0.972790
v -1.141597 0.181214 -0.829419
v -1.225787 0.273036 -0.624570
v -1.342028 0.181214 -0.436051
v -1.358796 0.273036 -0.215212
v -1.411091 0.181214 0.000000
v -1.358796 0.273036 0.215212
v -1.342028 0.181214 0.436051
v -1.225787 0.273036 0.624570
v -1.141597 0.181214 0.829419
v -0.972790 0.273036 0.972790
v -0.829419 0.181214 1.141597
v -0.624570 0.273036 1.225787
v -0.436051 0.181214 1.342028
v -0.215212 0.273036 1.358795
v -0.000000 0.181214 1.411091
v 0.215212 0.273036 1.358795
v 0.436051 0.181214 1.342028
v 0.624570 0.273036 1.225787
v 0.829419 0.181214 1.141597
v 0.972790 0.273036 0.972790
v 1.141597 0.181214 0.829419
v 1.225787 0.273036 0.624570
v 1.342027 0.181214 0.436051
v 1.358795 0.273036 0.215212
v 1.411091 0.181214 -0.000000
v 1.358796 0.273036 -0.215212
v 1.288604 2.210583 -0.656576
v 1.181103 2.210583 -0.789913
v 1.225788 2.210583 -0.624570
v 1.342028 2.225367 -0.436051
v 1.022642 0.908632 -1.022642
v 0.829419 0.915787 -1.141597
v 0.972791 0.823966 -0.972791
v 1.116233 0.922059 -0.879199
v 0.656576 0.908632 -1.288604
v 0.436051 0.915787 -1.342028
v 0.624570 0.823966 -1.225788
v 0.226241 0.908632 -1.428428
v 0.000000 0.915787 -1.411092
v 0.215212 0.823966 -1.358796
v -0.226241 0.908632 -1.428428
v -0.436051 0.915787 -1.342028
v -0.215212 0.823966 -1.358796
v -0.656576 0.908632 -1.288603
v -0.829419 0.915787 -1.141597
v -0.624570 0.823966 -1.225788
v -1.022641 0.908632 -1.022641
v -1.141597 0.915787 -0.829419
v -0.972790 0.823966 -0.972790
v -1.288603 0.908632 -0.656576
v -1.333288 0.921120 -0.491233
v -1.225787 0.823966 -0.624570
v -1.428428 2.208562 -0.226241
v -1.411091 2.225367 0.000000
v -1.358796 2.208562 -0.215212
v -1.367392 2.208562 -0.386271
v -1.428428 2.208562 0.226241
v -1.342028 2.225367 0.436051
v -1.358796 2.208562 0.215212
v -1.288603 2.208562 0.656576
v -1.181103 2.208562 0.789913
v -1.225787 2.208562 0.624570
v -1.022641 0.908632 1.022641
v -0.829419 0.915787 1.141597
v -0.972790 0.823966 0.972790
v -1.116233 0.921120 0.879199
v -0.656576 0.908632 1.288603
v -0.436051 0.915787 1.342028
v -0.624570 0.823966 1.225787
v -0.226241 0.908632 1.428427
v -0.000000 0.915787 1.411091
v -0.215212 0.823966 1.358795
v 0.226241 0.908632 1.428427
v 0.436051 0.915787 1.342028
v 0.215212 0.823966 1.358795
v 0.656576 0.908632 1.288603
v 0.829419 0.915787 1.141597
v 0.624570 0.823966 1.225787
v 1.022641 0.908632 1.022641
v 1.141597 0.915787 0.829419
v 0.972790 0.823966 0.972790
v 1.288603 0.908632 0.656576
v 1.333287 0.922059 0.491233
v 1.225787 0.823966 0.624570
v 1.428427 2.210583 0.226241
v 1.411091 2.225367 -0.000000
v 1.358795 2.210583 0.215212
v 1.367391 2.210583 0.386271
v 1.428428 2.210583 -0.226241
v 1.358796 2.210583 -0.215212
v 1.297325 0.548501 -0.421526
v 1.215318 0.830238 -0.619236
v 1.103571 0.548501 -0.801791
v 1.364087 0.548501 -0.000000
v 1.299073 0.202804 -0.661911
v 1.030950 0.202804 -1.030950
v 0.661911 0.202804 -1.299073
v 0.228079 0.202804 -1.440033
v -0.228079 0.202804 -1.440033
v -0.661911 0.202804 -1.299073
v -1.030950 0.202804 -1.030950
v -1.299073 0.202804 -0.661910
v -1.440033 0.202804 -0.228079
v -1.440033 0.202804 0.228079
v -1.299072 0.202804 0.661910
v -1.030950 0.202804 1.030950
v -0.661910 0.202804 1.299072
v -0.228079 0.202804 1.440033
v 0.228079 0.202804 1.440033
v 0.661910 0.202804 1.299072
v 1.030950 0.202804 1.030950
v 1.299072 0.202804 0.661910
v 1.440032 0.202804 0.228079
v 1.440033 0.202804 -0.228079
v 1.257196 0.181214 -0.640573
v 0.997716 0.181214 -0.997716
v 0.640573 0.181214 -1.257195
v 0.220726 0.181214 -1.393612
v -0.220726 0.181214 -1.393612
v -0.640573 0.181214 -1.257195
v -0.997716 0.181214 -0.997716
v -1.257195 0.181214 -0.640573
v -1.393611 0.181214 -0.220726
v -1.393612 0.181214 0.220726
v -1.257195 0.181214 0.640573
v -0.997716 0.181214 0.997716
v -0.640573 0.181214 1.257195
v -0.220726 0.181214 1.393611
v 0.220726 0.181214 1.393611
v 0.640573 0.181214 1.257195
v 0.997715 0.181214 0.997716
v 1.257195 0.181214 0.640573
v 1.393611 0.181214 0.220726
v 1.393612 0.181214 -0.220726
v 1.257196 2.225367 -0.640573
v 0.997716 0.915787 -0.997716
v 0.640573 0.915787 -1.257196
v 0.220726 0.915787 -1.393612
v -0.220726 0.915787 -1.393612
v -0.640573 0.915787 -1.257195
v -0.997716 0.915787 -0.997716
v -1.257195 0.915787 -0.640573
v -1.393612 2.225367 -0.220726
v -1.393611 2.225367 0.220726
v -1.257195 2.225367 0.640573
v -0.997716 0.915787 0.997716
v -0.640573 0.915787 1.257195
v -0.220726 0.915787 1.393611
v 0.220726 0.915787 1.393611
v 0.640573 0.915787 1.257195
v 0.997716 0.915787 0.997716
v 1.257195 0.915787 0.640573
v 1.393611 2.225367 0.220726
v 1.393612 2.225367 -0.220726
v 1.215318 0.548501 -0.619236
v 1.347190 0.548501 -0.213374
v 1.347190 0.548501 0.213374
v 1.215317 0.548501 0.619235
v 0.964481 0.548501 0.964482
v 0.619235 0.548501 1.215318
v 0.213374 0.548501 1.347190
v -0.213374 0.548501 1.347190
v -0.619235 0.548501 1.215318
v -0.964482 0.548501 0.964482
v -1.215318 0.548501 0.619235
v -1.347190 0.548501 0.213374
v -1.347190 0.548501 -0.213374
v -1.215318 0.548501 -0.619235
v -0.964482 0.548501 -0.964482
v -0.619236 0.548501 -1.215318
v -0.213374 0.548501 -1.347190
v 0.213374 0.548501 -1.347191
v 0.619236 0.548501 -1.215318
v 0.964482 0.548501 -0.964482
v 1.299073 0.940876 -0.661911
v 1.155739 0.940876 -0.839693
v 1.215318 0.940876 -0.619236
v 1.440032 0.940876 0.228079
v 1.347190 0.940876 0.213374
v 1.358652 0.940876 0.441453
v 1.440033 0.940876 -0.228079
v 1.347190 0.940876 -0.213374
v -1.440033 0.937118 -0.228079
v -1.347190 0.937118 -0.213374
v -1.358652 0.937118 -0.441453
v -1.440033 0.937118 0.228079
v -1.347190 0.937118 0.213374
v -1.299072 0.937118 0.661910
v -1.155738 0.937118 0.839693
v -1.215318 0.937118 0.619235
v 1.440033 0.887165 -0.228079
v 1.440032 0.887165 0.228079
v 1.299072 0.887165 0.661910
v 1.030950 0.887165 1.030950
v 0.661910 0.887165 1.299072
v 0.228079 0.887165 1.440033
v -0.228079 0.887165 1.440033
v -0.661911 0.887165 1.299072
v -1.030950 0.887165 1.030950
v -1.299072 0.887165 0.661910
v -1.440033 0.887165 0.228079
v -1.440033 0.887165 -0.228079
v -1.299073 0.887165 -0.661911
v -1.030950 0.887165 -1.030950
v -0.661911 0.887165 -1.299073
v -0.228079 0.887165 -1.440033
v 0.228079 0.887165 -1.440033
v 0.661911 0.887165 -1.299073
v 1.030950 0.887165 -1.030950
v 1.299073 0.887165 -0.661911
v 1.440033 0.541468 -0.228079
v 1.440032 0.541468 0.228079
v 1.299072 0.541468 0.661910
v 1.030950 0.541468 1.030950
v 0.661910 0.541468 1.299072
v 0.228079 0.541468 1.440033
v -0.228079 0.541468 1.440033
v -0.661910 0.541468 1.299072
v -1.030950 0.541468 1.030950
v -1.299072 0.541468 0.661910
v -1.440033 0.541468 0.228079
v -1.440033 0.541468 -0.228079
v -1.299073 0.541468 -0.661910
v -1.030950 0.541468 -1.030950
v -0.661911 0.541468 -1.299073
v -0.228079 0.541468 -1.440033
v 0.228079 0.541468 -1.440033
v 0.661911 0.541468 -1.299073
v 1.030950 0.541468 -1.030950
v 1.299073 0.541468 -0.661911
v -1.358652 1.524689 -0.441453
v -1.347190 1.524689 -0.213374
v -1.347190 1.524689 0.213374
v -1.215318 1.524689 0.619235
v -1.155738 1.524689 0.839693
v -1.299072 1.524689 0.661910
v -1.440033 1.524689 0.228079
v -1.440033 1.524689 -0.228079
v 1.440033 1.536531 -0.228079
v 1.440032 1.536531 0.228079
v 1.358652 1.536531 0.441453
v 1.347190 1.536531 0.213374
v 1.347190 1.536531 -0.213374
v 1.215318 1.536531 -0.619236
v 1.155739 1.536531 -0.839693
v 1.299073 1.536531 -0.661911
v 1.440033 2.166232 -0.228079
v 1.440032 2.166232 0.228079
v 1.358652 2.166232 0.441453
v 1.347190 2.166232 0.213374
v 1.347190 2.166232 -0.213374
v 1.215318 2.166232 -0.619236
v 1.155739 2.166232 -0.839693
v 1.299073 2.166232 -0.661911
v -1.358652 2.158149 -0.441453
v -1.347190 2.158149 -0.213374
v -1.347190 2.158149 0.213374
v -1.215318 2.158149 0.619235
v -1.155738 2.158149 0.839693
v -1.299072 2.158149 0.661910
v -1.440033 2.158149 0.228079
v -1.440033 2.158149 -0.228079
vt 0.688225 0.460340
vt 0.688225 0.445675
vt 0.694849 0.445675
vt 0.694849 0.460340
vt 0.687101 0.460592
vt 0.687101 0.446045
vt 0.688225 0.432135
vt 0.694849 0.432135
vt 0.711725 0.445675
vt 0.711725 0.460340
vt 0.688225 0.475779
vt 0.694849 0.475779
vt 0.687101 0.432614
vt 0.687101 0.475906
vt 0.688225 0.420068
vt 0.694849 0.420068
vt 0.711725 0.432135
vt 0.728723 0.445675
vt 0.728723 0.460340
vt 0.711725 0.475779
vt 0.688225 0.491605
vt 0.694849 0.491605
vt 0.687101 0.420644
vt 0.687101 0.491605
vt 0.688225 0.409751
vt 0.694849 0.409751
vt 0.711725 0.420068
vt 0.728723 0.432135
vt 0.735713 0.445675
vt 0.735713 0.460340
vt 0.728723 0.475779
vt 0.711725 0.491605
vt 0.688225 0.507431
vt 0.694849 0.507431
vt 0.687101 0.410411
vt 0.687101 0.507304
vt 0.688225 0.401463
vt 0.694849 0.401463
vt 0.711725 0.409751
vt 0.728723 0.420068
vt 0.735713 0.432135
vt 0.737637 0.445675
vt 0.737637 0.460340
vt 0.735713 0.475779
vt 0.728723 0.491605
vt 0.711725 0.507431
vt 0.688225 0.522870
vt 0.694849 0.522870
vt 0.687101 0.522618
vt 0.711725 0.401463
vt 0.728723 0.409751
vt 0.735713 0.420068
vt 0.737660 0.432195
vt 0.739440 0.445675
vt 0.739440 0.460340
vt 0.737637 0.475779
vt 0.735713 0.491605
vt 0.728723 0.507431
vt 0.711725 0.522870
vt 0.688225 0.537535
vt 0.694849 0.537535
vt 0.687101 0.537165
vt 0.728723 0.401463
vt 0.735713 0.409751
vt 0.737202 0.420644
vt 0.739440 0.435453
vt 0.750643 0.445675
vt 0.750643 0.460340
vt 0.739440 0.475779
vt 0.737637 0.491605
vt 0.735713 0.507431
vt 0.728723 0.522870
vt 0.711725 0.537535
vt 0.688225 0.551075
vt 0.694849 0.551075
vt 0.687101 0.550596
vt 0.735713 0.401463
vt 0.737202 0.410411
vt 0.750643 0.435453
vt 0.780772 0.445675
vt 0.780772 0.460340
vt 0.750643 0.475779
vt 0.739440 0.491605
vt 0.737637 0.507431
vt 0.735713 0.522870
vt 0.728723 0.537535
vt 0.711725 0.551075
vt 0.688225 0.563142
vt 0.694849 0.563142
vt 0.687101 0.562566
vt 0.780772 0.435453
vt 0.811491 0.445675
vt 0.811491 0.460340
vt 0.780772 0.475779
vt 0.750643 0.491605
vt 0.739440 0.507431
vt 0.737660 0.522828
vt 0.735713 0.537535
vt 0.728723 0.551075
vt 0.711725 0.563142
vt 0.688225 0.573459
vt 0.694849 0.573459
vt 0.687101 0.572799
vt 0.811491 0.435453
vt 0.824467 0.445675
vt 0.824467 0.460340
vt 0.811491 0.475779
vt 0.780772 0.491605
vt 0.750643 0.507431
vt 0.739440 0.519046
vt 0.737202 0.537165
vt 0.735713 0.551075
vt 0.728723 0.563142
vt 0.711725 0.573459
vt 0.688225 0.581747
vt 0.694849 0.581747
vt 0.824467 0.435453
vt 0.827544 0.446045
vt 0.827544 0.460592
vt 0.824467 0.475779
vt 0.811491 0.491605
vt 0.780772 0.507431
vt 0.750643 0.519046
vt 0.738134 0.525691
vt 0.739440 0.522237
vt 0.737202 0.550596
vt 0.735713 0.563142
vt 0.728723 0.573459
vt 0.711725 0.581747
vt 0.826746 0.438555
vt 0.827544 0.475906
vt 0.824467 0.491605
vt 0.811491 0.507431
vt 0.780772 0.519046
vt 0.750643 0.522237
vt 0.737202 0.562566
vt 0.735713 0.573459
vt 0.728723 0.581747
vt 0.827544 0.491605
vt 0.824467 0.507431
vt 0.811491 0.519046
vt 0.780772 0.522237
vt 0.737202 0.572799
vt 0.735713 0.581747
vt 0.827544 0.507304
vt 0.824467 0.519046
vt 0.811491 0.522237
vt 0.826746 0.515827
vt 0.824467 0.522237
vt 0.827544 0.518408
vt 0.455668 0.796152
vt 0.455668 0.781489
vt 0.462291 0.781489
vt 0.462291 0.796152
vt 0.454544 0.795781
vt 0.454544 0.781237
vt 0.455668 0.766052
vt 0.462291 0.766052
vt 0.479165 0.781489
vt 0.479165 0.796152
vt 0.455668 0.809690
vt 0.462291 0.809690
vt 0.454544 0.765924
vt 0.454544 0.809211
vt 0.455668 0.750227
vt 0.462291 0.750227
vt 0.479165 0.766052
vt 0.496160 0.781489
vt 0.496160 0.796152
vt 0.479165 0.809690
vt 0.455668 0.821756
vt 0.462291 0.821756
vt 0.454544 0.750227
vt 0.454544 0.821180
vt 0.455668 0.734403
vt 0.462291 0.734403
vt 0.479165 0.750227
vt 0.496160 0.766052
vt 0.503150 0.781489
vt 0.503150 0.796152
vt 0.496160 0.809690
vt 0.479165 0.821756
vt 0.455668 0.832071
vt 0.462291 0.832071
vt 0.454544 0.734530
vt 0.454544 0.831412
vt 0.455668 0.718965
vt 0.462291 0.718965
vt 0.479165 0.734403
vt 0.496160 0.750227
vt 0.503150 0.766052
vt 0.505055 0.781447
vt 0.504639 0.795781
vt 0.503150 0.809690
vt 0.496160 0.821756
vt 0.479165 0.832071
vt 0.455668 0.840359
vt 0.462291 0.840359
vt 0.454544 0.719217
vt 0.455668 0.704302
vt 0.462291 0.704302
vt 0.479165 0.718965
vt 0.496160 0.734403
vt 0.503150 0.750227
vt 0.505009 0.766052
vt 0.504639 0.809211
vt 0.503150 0.821756
vt 0.496160 0.832071
vt 0.479165 0.840359
vt 0.454544 0.704673
vt 0.455668 0.690764
vt 0.462291 0.690764
vt 0.479165 0.704302
vt 0.496160 0.718965
vt 0.503150 0.734403
vt 0.505009 0.750227
vt 0.506615 0.766052
vt 0.506615 0.777665
vt 0.504639 0.821180
vt 0.503150 0.832071
vt 0.496160 0.840359
vt 0.454544 0.691243
vt 0.455668 0.678698
vt 0.462291 0.678698
vt 0.479165 0.690764
vt 0.496160 0.704302
vt 0.503150 0.718965
vt 0.505009 0.734403
vt 0.506615 0.750227
vt 0.517547 0.766052
vt 0.517547 0.777665
vt 0.504639 0.831412
vt 0.503150 0.840359
vt 0.454544 0.679274
vt 0.455668 0.668383
vt 0.462291 0.668383
vt 0.479165 0.678698
vt 0.496160 0.690764
vt 0.503150 0.704302
vt 0.505009 0.718965
vt 0.506615 0.734403
vt 0.517547 0.750227
vt 0.547382 0.766052
vt 0.547382 0.777665
vt 0.506615 0.780856
vt 0.517547 0.780856
vt 0.454544 0.669042
vt 0.455668 0.660095
vt 0.462291 0.660095
vt 0.479165 0.668383
vt 0.496160 0.678698
vt 0.503150 0.690764
vt 0.505009 0.704302
vt 0.506615 0.718965
vt 0.517547 0.734403
vt 0.547382 0.750227
vt 0.578013 0.766052
vt 0.578013 0.777665
vt 0.547382 0.780856
vt 0.479165 0.660095
vt 0.496160 0.668383
vt 0.503150 0.678698
vt 0.505055 0.690824
vt 0.506615 0.704302
vt 0.517547 0.718965
vt 0.547382 0.734403
vt 0.578013 0.750227
vt 0.591333 0.766052
vt 0.591333 0.777665
vt 0.578013 0.780856
vt 0.496160 0.660095
vt 0.503150 0.668383
vt 0.504639 0.679274
vt 0.506615 0.694081
vt 0.517547 0.704302
vt 0.547382 0.718965
vt 0.578013 0.734403
vt 0.591333 0.750227
vt 0.594831 0.765924
vt 0.593924 0.774446
vt 0.591333 0.780856
vt 0.503150 0.660095
vt 0.504639 0.669042
vt 0.517547 0.694081
vt 0.547382 0.704302
vt 0.578013 0.718965
vt 0.591333 0.734403
vt 0.594831 0.750227
vt 0.594831 0.777027
vt 0.547382 0.694081
vt 0.578013 0.704302
vt 0.591333 0.718965
vt 0.594831 0.734530
vt 0.578013 0.694081
vt 0.591333 0.704302
vt 0.594831 0.719217
vt 0.591333 0.694081
vt 0.594831 0.704673
vt 0.593924 0.697183
vt 0.724099 0.137358
vt 0.724099 0.123276
vt 0.730422 0.122525
vt 0.730422 0.136256
vt 0.724099 0.108449
vt 0.730422 0.108069
vt 0.749390 0.122275
vt 0.749390 0.135889
vt 0.724099 0.150362
vt 0.730422 0.148935
vt 0.724099 0.093250
vt 0.730422 0.093250
vt 0.749390 0.107942
vt 0.768790 0.122275
vt 0.768790 0.135889
vt 0.749390 0.148459
vt 0.724099 0.161950
vt 0.730422 0.160234
vt 0.724099 0.078051
vt 0.730422 0.078431
vt 0.749390 0.093250
vt 0.768790 0.107942
vt 0.776408 0.122275
vt 0.776408 0.135889
vt 0.770910 0.149028
vt 0.749390 0.159662
vt 0.724099 0.171858
vt 0.730422 0.169894
vt 0.724099 0.063225
vt 0.730422 0.063975
vt 0.749390 0.078558
vt 0.768790 0.093250
vt 0.776408 0.107942
vt 0.787525 0.122275
vt 0.787525 0.135889
vt 0.776408 0.146311
vt 0.768358 0.160234
vt 0.749390 0.169239
vt 0.724099 0.049142
vt 0.730422 0.050244
vt 0.749390 0.064225
vt 0.768790 0.078558
vt 0.776408 0.093250
vt 0.787525 0.107942
vt 0.817423 0.122275
vt 0.817423 0.135889
vt 0.787525 0.146311
vt 0.775112 0.153790
vt 0.776408 0.151069
vt 0.774680 0.161950
vt 0.768358 0.169894
vt 0.730422 0.177655
vt 0.749390 0.176934
vt 0.724099 0.036138
vt 0.730422 0.037565
vt 0.749390 0.050611
vt 0.770910 0.063915
vt 0.776408 0.078558
vt 0.787525 0.093250
vt 0.817423 0.107942
vt 0.847907 0.122275
vt 0.847907 0.135889
vt 0.817423 0.146311
vt 0.787525 0.151069
vt 0.774680 0.171858
vt 0.768358 0.177655
vt 0.724099 0.024550
vt 0.730422 0.026266
vt 0.749390 0.038041
vt 0.768358 0.050244
vt 0.776408 0.067285
vt 0.787525 0.078558
vt 0.817423 0.093250
vt 0.847907 0.107942
vt 0.860783 0.122275
vt 0.860783 0.135889
vt 0.847907 0.146311
vt 0.817423 0.151069
vt 0.724099 0.014642
vt 0.730422 0.016606
vt 0.749390 0.026838
vt 0.768358 0.037565
vt 0.774680 0.049142
vt 0.775112 0.059425
vt 0.776408 0.062853
vt 0.787525 0.067285
vt 0.817423 0.078558
vt 0.847907 0.093250
vt 0.860783 0.107942
vt 0.863837 0.122525
vt 0.863837 0.136256
vt 0.860783 0.146311
vt 0.847907 0.151069
vt 0.749390 0.017261
vt 0.768358 0.026266
vt 0.774680 0.036138
vt 0.787525 0.062853
vt 0.817423 0.067285
vt 0.847907 0.078558
vt 0.860783 0.093250
vt 0.863837 0.108069
vt 0.863045 0.144058
vt 0.860783 0.151069
vt 0.730422 0.008845
vt 0.749390 0.009566
vt 0.768358 0.016606
vt 0.774680 0.024550
vt 0.817423 0.062853
vt 0.847907 0.067285
vt 0.860783 0.078558
vt 0.863837 0.093250
vt 0.863837 0.147642
vt 0.768358 0.008845
vt 0.774680 0.014642
vt 0.847907 0.062853
vt 0.860783 0.067285
vt 0.863837 0.078431
vt 0.860783 0.062853
vt 0.863045 0.070001
vt 0.863837 0.066652
vt 0.718814 0.220464
vt 0.718814 0.207457
vt 0.725138 0.208884
vt 0.725138 0.221566
vt 0.718814 0.195865
vt 0.725138 0.197582
vt 0.744112 0.209360
vt 0.744112 0.221934
vt 0.718814 0.234551
vt 0.725138 0.235301
vt 0.718814 0.185955
vt 0.725138 0.187919
vt 0.744112 0.198154
vt 0.763085 0.208884
vt 0.763085 0.221566
vt 0.744112 0.235552
vt 0.718814 0.249382
vt 0.725138 0.249762
vt 0.744112 0.188574
vt 0.763085 0.197582
vt 0.769410 0.207457
vt 0.769410 0.220464
vt 0.765597 0.235242
vt 0.744112 0.249889
vt 0.718814 0.264585
vt 0.725138 0.264585
vt 0.725138 0.180156
vt 0.744112 0.180877
vt 0.763085 0.187919
vt 0.769410 0.195865
vt 0.769777 0.230750
vt 0.763453 0.249889
vt 0.744112 0.264585
vt 0.718814 0.279789
vt 0.725138 0.279409
vt 0.763085 0.180156
vt 0.769410 0.185955
vt 0.770879 0.234179
vt 0.770879 0.238613
vt 0.770879 0.249889
vt 0.763453 0.264585
vt 0.744112 0.279282
vt 0.718814 0.294620
vt 0.725138 0.293869
vt 0.781731 0.234179
vt 0.781731 0.238613
vt 0.781731 0.249889
vt 0.770879 0.264585
vt 0.763453 0.279282
vt 0.744112 0.293619
vt 0.718814 0.308707
vt 0.725138 0.307604
vt 0.811350 0.234179
vt 0.811350 0.238613
vt 0.811350 0.249889
vt 0.781731 0.264585
vt 0.770879 0.279282
vt 0.763453 0.293619
vt 0.744112 0.307237
vt 0.718814 0.321714
vt 0.725138 0.320287
vt 0.841758 0.234179
vt 0.841758 0.238613
vt 0.841758 0.249889
vt 0.811350 0.264585
vt 0.781731 0.279282
vt 0.770879 0.293619
vt 0.763453 0.307237
vt 0.744112 0.319811
vt 0.718814 0.333306
vt 0.725138 0.331589
vt 0.854981 0.234179
vt 0.854981 0.238613
vt 0.854981 0.249889
vt 0.841758 0.264585
vt 0.811350 0.279282
vt 0.781731 0.293619
vt 0.770879 0.307237
vt 0.765597 0.320380
vt 0.744112 0.331017
vt 0.718814 0.343216
vt 0.725138 0.341252
vt 0.858453 0.237980
vt 0.857553 0.241330
vt 0.858453 0.249762
vt 0.854981 0.264585
vt 0.841758 0.279282
vt 0.811350 0.293619
vt 0.781731 0.307237
vt 0.770879 0.317662
vt 0.763085 0.331589
vt 0.744112 0.340597
vt 0.859611 0.249382
vt 0.858453 0.264585
vt 0.854981 0.279282
vt 0.841758 0.293619
vt 0.811350 0.307237
vt 0.781731 0.317662
vt 0.769777 0.325143
vt 0.770879 0.322422
vt 0.769410 0.333306
vt 0.763085 0.341252
vt 0.725138 0.349015
vt 0.744112 0.348294
vt 0.858453 0.279409
vt 0.854981 0.293619
vt 0.841758 0.307237
vt 0.811350 0.317662
vt 0.781731 0.322422
vt 0.769410 0.343216
vt 0.763085 0.349015
vt 0.858453 0.293869
vt 0.854981 0.307237
vt 0.841758 0.317662
vt 0.811350 0.322422
vt 0.858453 0.307604
vt 0.854981 0.317662
vt 0.841758 0.322422
vt 0.857553 0.315408
vt 0.854981 0.322422
vt 0.858453 0.318993
vt 0.454857 0.543527
vt 0.462530 0.556062
vt 0.460496 0.557099
vt 0.453010 0.544869
vt 0.468161 0.569638
vt 0.465990 0.570344
vt 0.445306 0.532356
vt 0.443692 0.533970
vt 0.471585 0.583931
vt 0.469330 0.584289
vt 0.434135 0.522805
vt 0.432793 0.524652
vt 0.472745 0.598583
vt 0.470462 0.598583
vt 0.421599 0.515131
vt 0.420563 0.517166
vt 0.471585 0.613235
vt 0.469330 0.612878
vt 0.421945 0.514453
vt 0.434582 0.522189
vt 0.408023 0.509500
vt 0.407318 0.511672
vt 0.468161 0.627528
vt 0.465990 0.626822
vt 0.408258 0.508777
vt 0.393730 0.506076
vt 0.393373 0.508331
vt 0.462530 0.641104
vt 0.460496 0.640067
vt 0.393849 0.505325
vt 0.379078 0.504916
vt 0.379078 0.507199
vt 0.454857 0.653639
vt 0.453010 0.652297
vt 0.379078 0.504155
vt 0.364427 0.506076
vt 0.364784 0.508331
vt 0.445306 0.664811
vt 0.443692 0.663196
vt 0.364308 0.505325
vt 0.350134 0.509500
vt 0.350839 0.511672
vt 0.434134 0.674361
vt 0.432793 0.672514
vt 0.349899 0.508777
vt 0.336558 0.515132
vt 0.337594 0.517166
vt 0.421599 0.682035
vt 0.420563 0.680000
vt 0.336212 0.514453
vt 0.324022 0.522805
vt 0.325364 0.524652
vt 0.434582 0.674977
vt 0.421945 0.682713
vt 0.408023 0.687666
vt 0.407318 0.685494
vt 0.323575 0.522189
vt 0.312851 0.532356
vt 0.314465 0.533970
vt 0.408258 0.688389
vt 0.393730 0.691090
vt 0.393373 0.688835
vt 0.303300 0.543527
vt 0.305147 0.544869
vt 0.393849 0.691841
vt 0.379078 0.692250
vt 0.379078 0.689967
vt 0.295627 0.556062
vt 0.297661 0.557099
vt 0.379078 0.693011
vt 0.364427 0.691090
vt 0.364784 0.688835
vt 0.289996 0.569638
vt 0.292167 0.570344
vt 0.364308 0.691841
vt 0.350134 0.687666
vt 0.350839 0.685494
vt 0.286572 0.583931
vt 0.288826 0.584289
vt 0.349899 0.688389
vt 0.336558 0.682035
vt 0.337594 0.680000
vt 0.285411 0.598583
vt 0.287694 0.598583
vt 0.336212 0.682713
vt 0.324022 0.674361
vt 0.325364 0.672514
vt 0.286572 0.613235
vt 0.288826 0.612878
vt 0.323575 0.674977
vt 0.312851 0.664811
vt 0.314465 0.663196
vt 0.289996 0.627528
vt 0.292167 0.626822
vt 0.303300 0.653639
vt 0.305147 0.652297
vt 0.295627 0.641104
vt 0.297661 0.640067
vt 0.458914 0.065450
vt 0.453004 0.079698
vt 0.450869 0.078610
vt 0.456635 0.064709
vt 0.448568 0.087035
vt 0.445697 0.088761
vt 0.448734 0.077523
vt 0.454356 0.063969
vt 0.462507 0.050449
vt 0.460141 0.050074
vt 0.447717 0.090074
vt 0.443973 0.092144
vt 0.445508 0.085223
vt 0.457775 0.049699
vt 0.463725 0.035072
vt 0.461329 0.035072
vt 0.458933 0.035072
vt 0.462507 0.019694
vt 0.460141 0.020069
vt 0.457775 0.020444
vt 0.460556 0.011346
vt 0.458359 0.008817
vt 0.457086 0.012123
vt 0.939321 0.702413
vt 0.950244 0.712669
vt 0.948609 0.714305
vt 0.940831 0.706528
vt 0.959922 0.723989
vt 0.958050 0.725349
vt 0.938239 0.703935
vt 0.936240 0.700321
vt 0.967697 0.736691
vt 0.965636 0.737741
vt 0.973403 0.750447
vt 0.971203 0.751162
vt 0.976872 0.764930
vt 0.974588 0.765292
vt 0.978048 0.779776
vt 0.975735 0.779776
vt 0.976872 0.794622
vt 0.974588 0.794260
vt 0.973403 0.809105
vt 0.971203 0.808390
vt 0.967697 0.822861
vt 0.965636 0.821811
vt 0.959922 0.835563
vt 0.958050 0.834203
vt 0.950244 0.846883
vt 0.948609 0.845247
vt 0.938925 0.856560
vt 0.937565 0.854689
vt 0.926223 0.864335
vt 0.925173 0.862274
vt 0.912665 0.870714
vt 0.915373 0.867268
vt 0.909088 0.871752
vt 0.912106 0.868932
vt 0.436610 0.090602
vt 0.434635 0.082152
vt 0.437030 0.081773
vt 0.438834 0.093162
vt 0.433402 0.066588
vt 0.435828 0.066588
vt 0.434635 0.051023
vt 0.437030 0.051402
vt 0.438253 0.066588
vt 0.439426 0.081393
vt 0.438273 0.035839
vt 0.440579 0.036589
vt 0.439426 0.051782
vt 0.444255 0.021417
vt 0.446415 0.022518
vt 0.442886 0.037338
vt 0.448744 0.013991
vt 0.451650 0.012244
vt 0.448576 0.023619
vt 0.449606 0.010915
vt 0.453395 0.008820
vt 0.451842 0.015825
vt 0.958278 0.997913
vt 0.947385 0.987686
vt 0.949017 0.986055
vt 0.956772 0.993810
vt 0.937735 0.976398
vt 0.939601 0.975042
vt 0.959357 0.996396
vt 0.961351 1.000000
vt 0.929981 0.963731
vt 0.932037 0.962684
vt 0.924291 0.950013
vt 0.926485 0.949300
vt 0.920831 0.935570
vt 0.923110 0.935210
vt 0.919659 0.920766
vt 0.921966 0.920766
vt 0.920831 0.905961
vt 0.923110 0.906322
vt 0.924291 0.891518
vt 0.926485 0.892231
vt 0.929981 0.877800
vt 0.932037 0.878847
vt 0.937735 0.865134
vt 0.939601 0.866490
vt 0.947385 0.853845
vt 0.949017 0.855476
vt 0.958674 0.844195
vt 0.960030 0.846061
vt 0.971340 0.836441
vt 0.972387 0.838497
vt 0.984860 0.830080
vt 0.982160 0.833517
vt 0.099438 0.430541
vt 0.099438 0.444489
vt 0.093138 0.444489
vt 0.093138 0.430541
vt 0.099438 0.459174
vt 0.093138 0.459174
vt 0.077087 0.444489
vt 0.077087 0.430541
vt 0.099438 0.474227
vt 0.093138 0.474227
vt 0.077087 0.459174
vt 0.060919 0.444489
vt 0.060919 0.430541
vt 0.099438 0.489280
vt 0.093138 0.489280
vt 0.077087 0.474227
vt 0.060919 0.459174
vt 0.054271 0.444489
vt 0.054271 0.430541
vt 0.099438 0.503964
vt 0.093138 0.503964
vt 0.077087 0.489280
vt 0.060919 0.474227
vt 0.054271 0.459174
vt 0.052854 0.444728
vt 0.052854 0.430893
vt 0.099438 0.517912
vt 0.093138 0.517912
vt 0.077087 0.503964
vt 0.060919 0.489280
vt 0.054271 0.474227
vt 0.052854 0.459295
vt 0.054271 0.417662
vt 0.052854 0.418118
vt 0.077087 0.517912
vt 0.060919 0.503964
vt 0.054271 0.489280
vt 0.052854 0.474227
vt 0.060919 0.517912
vt 0.054271 0.503964
vt 0.052854 0.489158
vt 0.054271 0.517912
vt 0.052854 0.503725
vt 0.052854 0.517560
vt 0.054271 0.530791
vt 0.052854 0.530335
vt 0.639533 0.501698
vt 0.639533 0.487750
vt 0.645833 0.487750
vt 0.645833 0.501698
vt 0.639533 0.473065
vt 0.645833 0.473065
vt 0.661885 0.487750
vt 0.661885 0.501698
vt 0.639533 0.458012
vt 0.645833 0.458012
vt 0.661885 0.473065
vt 0.678052 0.487750
vt 0.678052 0.501698
vt 0.639533 0.442959
vt 0.645833 0.442959
vt 0.661885 0.458012
vt 0.678052 0.473065
vt 0.684700 0.487750
vt 0.684700 0.501698
vt 0.639533 0.428274
vt 0.645833 0.428274
vt 0.661885 0.442959
vt 0.678052 0.458012
vt 0.684700 0.473065
vt 0.686117 0.487510
vt 0.686117 0.501346
vt 0.639533 0.414326
vt 0.645833 0.414326
vt 0.661885 0.428274
vt 0.678052 0.442959
vt 0.684700 0.458012
vt 0.686117 0.472944
vt 0.684700 0.514577
vt 0.686117 0.514121
vt 0.661885 0.414326
vt 0.678052 0.428274
vt 0.684700 0.442959
vt 0.686117 0.458012
vt 0.678052 0.414326
vt 0.684700 0.428274
vt 0.686117 0.443080
vt 0.684700 0.414326
vt 0.686117 0.428514
vt 0.686117 0.414678
vt 0.684700 0.401447
vt 0.686117 0.401903
vt 0.771668 0.335031
vt 0.771668 0.322412
vt 0.777803 0.323797
vt 0.777803 0.336100
vt 0.771668 0.348697
vt 0.777803 0.349425
vt 0.796210 0.336457
vt 0.796210 0.349668
vt 0.771668 0.363085
vt 0.777803 0.363454
vt 0.814617 0.336100
vt 0.814617 0.349425
vt 0.796210 0.363577
vt 0.771668 0.377834
vt 0.777803 0.377834
vt 0.820752 0.335031
vt 0.820752 0.348697
vt 0.814617 0.363454
vt 0.796210 0.377834
vt 0.771668 0.392583
vt 0.777803 0.392215
vt 0.820752 0.363085
vt 0.820752 0.322412
vt 0.814617 0.323797
vt 0.814617 0.377834
vt 0.796210 0.392092
vt 0.771668 0.406971
vt 0.777803 0.406244
vt 0.820752 0.377834
vt 0.814617 0.392215
vt 0.796210 0.406001
vt 0.771668 0.420638
vt 0.777803 0.419568
vt 0.820752 0.392583
vt 0.814617 0.406244
vt 0.796210 0.419212
vt 0.771668 0.433256
vt 0.777803 0.431872
vt 0.820752 0.406971
vt 0.814617 0.419568
vt 0.820752 0.420638
vt 0.820752 0.433256
vt 0.814617 0.431872
vt 0.049084 0.513196
vt 0.049084 0.525814
vt 0.042949 0.524430
vt 0.042949 0.512126
vt 0.049084 0.499530
vt 0.042949 0.498802
vt 0.024542 0.511770
vt 0.024542 0.498559
vt 0.049084 0.485141
vt 0.042949 0.484773
vt 0.006136 0.512126
vt 0.006136 0.498802
vt 0.024542 0.484650
vt 0.049084 0.470392
vt 0.042949 0.470392
vt 0.000000 0.513196
vt 0.000000 0.499530
vt 0.006136 0.484773
vt 0.024542 0.470392
vt 0.049084 0.455643
vt 0.042949 0.456012
vt 0.000000 0.485141
vt 0.000000 0.525814
vt 0.006136 0.524430
vt 0.006136 0.470392
vt 0.024542 0.456135
vt 0.049084 0.441255
vt 0.042949 0.441983
vt 0.000000 0.470392
vt 0.006136 0.456012
vt 0.024542 0.442226
vt 0.049084 0.427589
vt 0.042949 0.428659
vt 0.000000 0.455643
vt 0.006136 0.441983
vt 0.024542 0.429015
vt 0.049084 0.414970
vt 0.042949 0.416355
vt 0.000000 0.441255
vt 0.006136 0.428659
vt 0.000000 0.427589
vt 0.000000 0.414970
vt 0.006136 0.416355
vt 0.511202 0.093459
vt 0.507398 0.093459
vt 0.507398 0.082310
vt 0.511202 0.082310
vt 0.507398 0.052328
vt 0.511202 0.052328
vt 0.507398 0.021759
vt 0.511202 0.021759
vt 0.507398 0.008847
vt 0.511202 0.008847
vt 0.977798 0.008847
vt 0.981602 0.008847
vt 0.981602 0.019726
vt 0.977798 0.019726
vt 0.981602 0.049419
vt 0.977798 0.049419
vt 0.981602 0.079904
vt 0.977798 0.079904
vt 0.981602 0.093160
vt 0.977798 0.093160
vn 0.412945 -0.900818 -0.134174
vn 0.386740 -0.900890 -0.197054
vn 0.886386 -0.101714 -0.451636
vn 0.946127 -0.101690 -0.307414
vn 0.351272 -0.900818 -0.255214
vn 0.804823 -0.101689 -0.584738
vn 0.809017 -0.000000 -0.587785
vn 0.891007 -0.000000 -0.453990
vn 0.951057 0.000000 -0.309016
vn 0.306918 -0.900890 -0.306918
vn 0.703439 -0.101715 -0.703440
vn 0.255214 -0.900818 -0.351272
vn 0.584738 -0.101690 -0.804823
vn 0.587785 -0.000000 -0.809017
vn 0.707107 0.000000 -0.707107
vn 0.197053 -0.900890 -0.386739
vn 0.451635 -0.101715 -0.886386
vn 0.134174 -0.900818 -0.412945
vn 0.307415 -0.101690 -0.946126
vn 0.309017 0.000000 -0.951057
vn 0.453990 0.000000 -0.891007
vn 0.067900 -0.900890 -0.428704
vn 0.155624 -0.101716 -0.982566
vn -0.000000 -0.900818 -0.434196
vn 0.000000 -0.101692 -0.994816
vn -0.000000 0.000000 -1.000000
vn 0.156435 0.000000 -0.987688
vn -0.067900 -0.900890 -0.428703
vn -0.155624 -0.101716 -0.982566
vn -0.134174 -0.900819 -0.412945
vn -0.307415 -0.101691 -0.946126
vn -0.309017 0.000000 -0.951057
vn -0.156435 0.000000 -0.987688
vn -0.197053 -0.900890 -0.386739
vn -0.451636 -0.101715 -0.886386
vn -0.255214 -0.900819 -0.351272
vn -0.584738 -0.101691 -0.804823
vn -0.587785 0.000000 -0.809017
vn -0.453991 0.000000 -0.891006
vn -0.306917 -0.900890 -0.306917
vn -0.703440 -0.101716 -0.703439
vn -0.351272 -0.900819 -0.255214
vn -0.804823 -0.101691 -0.584738
vn -0.809017 0.000000 -0.587785
vn -0.707107 0.000000 -0.707107
vn -0.386739 -0.900890 -0.197053
vn -0.886386 -0.101715 -0.451636
vn -0.412945 -0.900818 -0.134174
vn -0.946127 -0.101689 -0.307415
vn -0.951057 0.000000 -0.309017
vn -0.891007 0.000000 -0.453990
vn -0.428704 -0.900890 -0.067900
vn -0.982566 -0.101714 -0.155623
vn -0.434196 -0.900818 -0.000000
vn -0.994816 -0.101690 -0.000000
vn -1.000000 0.000000 0.000000
vn -0.987688 0.000000 -0.156434
vn -0.428703 -0.900890 0.067900
vn -0.982566 -0.101714 0.155623
vn -0.412945 -0.900819 0.134174
vn -0.946126 -0.101690 0.307415
vn -0.951057 -0.000000 0.309017
vn -0.987688 0.000000 0.156434
vn -0.386740 -0.900890 0.197054
vn -0.886385 -0.101715 0.451636
vn -0.351272 -0.900818 0.255214
vn -0.804823 -0.101690 0.584738
vn -0.809017 0.000000 0.587785
vn -0.891007 -0.000000 0.453991
vn -0.306918 -0.900890 0.306918
vn -0.703439 -0.101715 0.703440
vn -0.255214 -0.900818 0.351272
vn -0.584738 -0.101690 0.804823
vn -0.587785 0.000000 0.809017
vn -0.707107 0.000000 0.707107
vn -0.197053 -0.900890 0.386739
vn -0.451636 -0.101715 0.886385
vn -0.134174 -0.900818 0.412945
vn -0.307415 -0.101690 0.946126
vn -0.309017 0.000000 0.951057
vn -0.453991 0.000000 0.891006
vn -0.067900 -0.900890 0.428704
vn -0.155623 -0.101715 0.982566
vn 0.000000 -0.900818 0.434197
vn 0.000000 -0.101690 0.994816
vn 0.000000 0.000000 1.000000
vn -0.156434 0.000000 0.987688
vn 0.067900 -0.900890 0.428704
vn 0.155623 -0.101715 0.982566
vn 0.134174 -0.900818 0.412945
vn 0.307415 -0.101690 0.946126
vn 0.309017 0.000000 0.951057
vn 0.156434 0.000000 0.987688
vn 0.197054 -0.900890 0.386739
vn 0.451636 -0.101715 0.886385
vn 0.255214 -0.900819 0.351272
vn 0.584738 -0.101690 0.804823
vn 0.587785 0.000000 0.809017
vn 0.453991 0.000000 0.891007
vn 0.306918 -0.900890 0.306918
vn 0.703439 -0.101715 0.703439
vn 0.351272 -0.900818 0.255214
vn 0.804824 -0.101689 0.584738
vn 0.809017 -0.000000 0.587785
vn 0.707107 0.000000 0.707107
vn 0.386739 -0.900890 0.197053
vn 0.886386 -0.101715 0.451636
vn 0.412945 -0.900818 0.134174
vn 0.946126 -0.101691 0.307415
vn 0.951057 0.000000 0.309017
vn 0.891007 0.000000 0.453990
vn 0.428703 -0.900890 0.067900
vn 0.982566 -0.101715 0.155623
vn 0.434196 -0.900819 0.000001
vn 0.994816 -0.101691 0.000001
vn 1.000000 -0.000000 0.000001
vn 0.987688 0.000000 0.156435
vn 0.428703 -0.900891 -0.067899
vn 0.982566 -0.101715 -0.155622
vn 0.987689 -0.000000 -0.156433
vn -0.675662 -0.651890 0.344267
vn -0.613343 -0.652100 0.445620
vn -0.721028 -0.652099 0.234276
vn -0.943077 -0.129272 0.306423
vn -0.883533 -0.129246 0.450182
vn -0.802229 -0.129271 0.582853
vn -0.536209 -0.651890 0.536209
vn -0.445620 -0.652098 0.613344
vn -0.701176 -0.129246 0.701176
vn -0.582853 -0.129271 0.802229
vn -0.344267 -0.651890 0.675663
vn -0.234276 -0.652099 0.721028
vn -0.450182 -0.129246 0.883534
vn -0.306424 -0.129271 0.943077
vn -0.118627 -0.651890 0.748978
vn 0.000000 -0.652098 0.758134
vn -0.155123 -0.129246 0.979404
vn 0.000000 -0.129271 0.991609
vn 0.118627 -0.651890 0.748978
vn 0.234276 -0.652099 0.721028
vn 0.155123 -0.129246 0.979404
vn 0.306424 -0.129271 0.943077
vn 0.344267 -0.651890 0.675663
vn 0.445620 -0.652099 0.613343
vn 0.450182 -0.129246 0.883533
vn 0.582854 -0.129272 0.802228
vn 0.536209 -0.651890 0.536208
vn 0.613343 -0.652099 0.445620
vn 0.701176 -0.129246 0.701176
vn 0.802229 -0.129271 0.582853
vn 0.675662 -0.651891 0.344266
vn 0.721027 -0.652100 0.234276
vn 0.883533 -0.129246 0.450183
vn 0.943076 -0.129272 0.306424
vn 0.748977 -0.651891 0.118626
vn 0.758134 -0.652099 0.000000
vn 0.979404 -0.129246 0.155122
vn 0.991609 -0.129271 0.000000
vn 0.748977 -0.651891 -0.118626
vn 0.721027 -0.652100 -0.234276
vn 0.979404 -0.129246 -0.155122
vn 0.943076 -0.129271 -0.306424
vn 0.675662 -0.651891 -0.344267
vn 0.613343 -0.652099 -0.445620
vn 0.883533 -0.129246 -0.450183
vn 0.802229 -0.129271 -0.582853
vn 0.536208 -0.651890 -0.536209
vn 0.445620 -0.652099 -0.613343
vn 0.701176 -0.129246 -0.701176
vn 0.582853 -0.129271 -0.802229
vn 0.344267 -0.651890 -0.675662
vn 0.234276 -0.652099 -0.721028
vn 0.450183 -0.129246 -0.883533
vn 0.306424 -0.129271 -0.943076
vn 0.118626 -0.651890 -0.748977
vn -0.000000 -0.652099 -0.758134
vn 0.155122 -0.129246 -0.979404
vn -0.000000 -0.129271 -0.991609
vn -0.118626 -0.651890 -0.748977
vn -0.234276 -0.652099 -0.721028
vn -0.155122 -0.129246 -0.979404
vn -0.306424 -0.129271 -0.943077
vn -0.344267 -0.651890 -0.675662
vn -0.445620 -0.652099 -0.613343
vn -0.450183 -0.129246 -0.883533
vn -0.582853 -0.129271 -0.802229
vn -0.536208 -0.651891 -0.536208
vn -0.613342 -0.652100 -0.445619
vn -0.701176 -0.129246 -0.701176
vn -0.802229 -0.129271 -0.582853
vn -0.675662 -0.651891 -0.344267
vn -0.721028 -0.652099 -0.234276
vn -0.883533 -0.129246 -0.450183
vn -0.943076 -0.129271 -0.306424
vn -0.748977 -0.651891 -0.118626
vn -0.758134 -0.652099 -0.000001
vn -0.979404 -0.129246 -0.155122
vn -0.991609 -0.129271 -0.000001
vn -0.748977 -0.651891 0.118625
vn -0.979404 -0.129246 0.155121
vn 0.755374 0.607596 -0.245435
vn 0.705600 0.614284 -0.353246
vn -0.002439 0.999217 -0.039491
vn 0.023463 0.999696 -0.007623
vn 0.632935 0.619056 -0.464933
vn -0.203086 0.919598 -0.336297
vn -0.748520 0.619676 0.236051
vn -0.721013 0.631309 0.285640
vn -0.733495 0.636542 0.238326
vn 0.717333 0.341514 -0.607290
vn 0.419763 0.791658 -0.443934
vn -0.516633 0.689990 0.506957
vn -0.545775 0.764293 0.343490
vn 0.315859 0.843345 -0.434744
vn -0.441334 0.660481 0.607445
vn -0.582853 0.129271 0.802229
vn -0.703914 0.125882 0.699042
vn -0.826118 0.090883 0.556120
vn 0.243894 0.843440 -0.478670
vn -0.340960 0.660267 0.669173
vn 0.166057 0.843345 -0.511071
vn -0.232023 0.660481 0.714094
vn -0.306424 0.129271 0.943077
vn -0.450182 0.129246 0.883534
vn 0.084040 0.843440 -0.530610
vn -0.117487 0.660267 0.741785
vn -0.000000 0.843346 -0.537372
vn 0.000000 0.660481 0.750843
vn 0.000000 0.129271 0.991609
vn -0.155123 0.129246 0.979404
vn -0.084040 0.843440 -0.530609
vn 0.117488 0.660267 0.741784
vn -0.166057 0.843346 -0.511071
vn 0.232023 0.660481 0.714094
vn 0.306424 0.129271 0.943076
vn 0.155123 0.129246 0.979404
vn -0.243894 0.843440 -0.478669
vn 0.340961 0.660268 0.669173
vn -0.315860 0.843346 -0.434742
vn 0.441334 0.660482 0.607444
vn 0.582854 0.129272 0.802228
vn 0.450183 0.129246 0.883533
vn -0.379874 0.843440 -0.379874
vn 0.531059 0.660268 0.531058
vn -0.434742 0.843346 -0.315859
vn 0.607444 0.660482 0.441334
vn 0.802229 0.129272 0.582853
vn 0.701176 0.129246 0.701176
vn -0.533494 0.794518 -0.290044
vn 0.647246 0.690125 0.323727
vn -0.865071 0.358956 -0.350433
vn 0.622132 0.765000 0.166514
vn 0.957079 0.091471 0.275016
vn 0.885328 0.126085 0.447546
vn -0.778679 0.570925 -0.260200
vn -0.814910 0.566357 -0.123130
vn -0.010997 0.998999 -0.043360
vn 0.097065 0.903408 -0.417650
vn -0.829298 0.558807 0.000000
vn -0.027573 0.999620 -0.000000
vn 0.809529 0.587080 -0.000000
vn 0.810884 0.582971 0.051101
vn 0.820707 0.571268 -0.009641
vn -0.819014 0.558918 0.129719
vn -0.026972 0.999627 0.004272
vn -0.788708 0.558808 0.256267
vn -0.026223 0.999620 0.008521
vn 0.769908 0.587081 -0.250158
vn 0.799677 0.586920 -0.126657
vn -0.736976 0.566357 0.368926
vn 0.002941 0.998999 0.044637
vn -0.660162 0.570923 0.488091
vn 0.221376 0.903408 0.367214
vn 0.783520 0.571266 -0.244443
vn 0.755406 0.582971 -0.299177
vn -0.714441 0.358957 0.600603
vn -0.417755 0.794517 0.440708
vn 0.515531 0.690124 -0.507894
vn 0.540228 0.764999 -0.350614
vn -0.315859 0.843345 0.434744
vn 0.441334 0.660481 -0.607445
vn 0.582853 0.129271 -0.802229
vn 0.703697 0.126085 -0.699223
vn 0.825251 0.091471 -0.557309
vn -0.243894 0.843440 0.478670
vn 0.340961 0.660268 -0.669173
vn -0.166057 0.843346 0.511071
vn 0.232023 0.660482 -0.714094
vn 0.306424 0.129271 -0.943077
vn 0.450183 0.129246 -0.883533
vn -0.084040 0.843440 0.530609
vn 0.117487 0.660268 -0.741784
vn -0.000000 0.843345 0.537373
vn 0.000000 0.660482 -0.750842
vn 0.000000 0.129271 -0.991609
vn 0.155122 0.129246 -0.979404
vn 0.084040 0.843439 0.530611
vn -0.117487 0.660268 -0.741784
vn 0.166057 0.843345 0.511072
vn -0.232023 0.660481 -0.714094
vn -0.306424 0.129271 -0.943076
vn -0.155122 0.129246 -0.979404
vn 0.243894 0.843440 0.478670
vn -0.340961 0.660268 -0.669173
vn 0.315859 0.843346 0.434742
vn -0.441334 0.660482 -0.607444
vn -0.582853 0.129271 -0.802229
vn -0.450183 0.129246 -0.883533
vn 0.379874 0.843440 0.379874
vn -0.531058 0.660268 -0.531059
vn 0.434743 0.843346 0.315859
vn -0.607444 0.660482 -0.441334
vn -0.802229 0.129272 -0.582853
vn -0.701176 0.129246 -0.701176
vn 0.536400 0.791658 0.292492
vn -0.648004 0.689991 -0.322495
vn 0.869887 0.341515 0.355900
vn -0.625207 0.764294 -0.158023
vn -0.957535 0.090883 -0.273617
vn -0.885478 0.125882 -0.447307
vn 0.745629 0.619056 0.246590
vn 0.780225 0.614285 0.117915
vn 0.009884 0.999217 0.038312
vn -0.089224 0.919598 0.382595
vn 0.794246 0.607596 0.000001
vn 0.024670 0.999696 0.000000
vn -0.771242 0.636542 -0.000000
vn -0.773992 0.631308 -0.048856
vn -0.784828 0.619676 0.006807
vn 0.784380 0.607712 -0.124233
vn 0.024132 0.999701 -0.003822
vn -0.761880 0.636379 0.120669
vn -0.893954 -0.014834 0.447913
vn -0.813595 -0.003516 0.581422
vn -0.950844 -0.021153 0.308947
vn -0.951057 -0.000000 0.309016
vn -0.899942 0.017525 0.435657
vn -0.987468 -0.021151 0.156398
vn -0.999776 -0.021153 -0.000001
vn -1.000000 0.000000 -0.000001
vn -0.987689 0.000000 0.156433
vn -0.988614 -0.014834 -0.149744
vn -0.953444 -0.003516 -0.301551
vn -0.990521 0.017525 -0.136238
vn -0.891502 0.000854 -0.453016
vn -0.809017 0.000000 -0.587785
vn -0.707107 0.000000 -0.707107
vn -0.587785 0.000000 -0.809017
vn -0.453991 0.000000 -0.891006
vn -0.309017 0.000000 -0.951057
vn -0.156434 0.000000 -0.987688
vn -0.000000 -0.000000 -1.000000
vn 0.156434 -0.000000 -0.987688
vn 0.309017 -0.000000 -0.951057
vn 0.453991 0.000000 -0.891006
vn 0.587785 0.000000 -0.809017
vn 0.707854 0.000855 -0.706358
vn 0.813556 -0.003519 -0.581475
vn 0.893941 -0.014856 -0.447938
vn 0.950843 -0.021189 -0.308948
vn 0.951057 0.000000 -0.309017
vn 0.899831 0.017675 -0.435881
vn 0.987467 -0.021187 -0.156399
vn 0.999776 -0.021189 -0.000000
vn 1.000000 0.000000 0.000000
vn 0.987688 0.000000 -0.156434
vn 0.988609 -0.014857 0.149771
vn 0.953424 -0.003519 0.301613
vn 0.990485 0.017675 0.136484
vn 0.891486 0.000855 0.453048
vn 0.809017 0.000000 0.587785
vn 0.707107 -0.000000 0.707106
vn 0.587786 -0.000000 0.809017
vn 0.453990 -0.000000 0.891007
vn 0.309017 -0.000000 0.951057
vn 0.156435 -0.000000 0.987688
vn 0.000000 -0.000000 1.000000
vn -0.156435 0.000000 0.987688
vn -0.309017 0.000000 0.951057
vn -0.453990 0.000000 0.891007
vn -0.587785 0.000000 0.809017
vn -0.707879 0.000855 0.706333
vn 0.951057 0.000000 -0.309016
vn 0.891959 -0.006644 -0.452067
vn 0.897229 -0.003666 -0.441551
vn 0.951057 -0.000000 -0.309016
vn 0.790635 0.003268 -0.612279
vn 0.778497 0.000000 -0.627649
vn 0.897824 -0.000000 -0.440354
vn 0.951057 -0.000000 -0.309016
vn -0.677188 0.392897 -0.622132
vn -0.942644 0.063534 0.327697
vn -0.965367 0.000000 0.260894
vn -0.545042 0.000000 -0.838409
vn -0.918599 0.014864 0.394912
vn -0.951057 0.000000 0.309016
vn -0.951057 0.000000 0.309016
vn -0.922612 0.000000 0.385730
vn 0.988000 -0.006644 0.154311
vn 0.989762 -0.003665 0.142682
vn 0.941143 0.003270 0.337992
vn 1.000000 0.000000 0.000001
vn 1.000000 0.000000 0.000001
vn 1.000000 0.000000 0.000001
vn 0.989958 0.000000 0.141360
vn 0.934349 0.000000 0.356361
vn -0.995674 0.014864 -0.091722
vn -1.000000 0.000000 -0.000001
vn -0.997772 0.063533 -0.020366
vn -0.998740 -0.000000 0.050190
vn -0.996653 0.000000 -0.081750
vn -1.000000 0.000000 -0.000001
vn -0.451795 0.392898 0.800945
vn -0.259282 -0.000000 0.965802
vn 0.987689 -0.000000 -0.156433
vn 0.987689 0.000000 -0.156433
vn 0.987689 0.000000 -0.156433
vn -0.987689 0.000000 0.156433
vn -0.987689 0.000000 0.156433
vn -0.987966 -0.007114 -0.154507
vn -0.989781 -0.003806 -0.142546
vn -0.940879 0.002567 -0.338734
vn -1.000000 0.000000 0.000000
vn -1.000000 -0.000000 0.000000
vn -1.000000 -0.000000 0.000000
vn -0.989958 -0.000000 -0.141359
vn -0.934348 -0.000000 -0.356361
vn 0.995668 0.015254 0.091719
vn 1.000000 -0.000000 -0.000000
vn 0.997651 0.065107 0.021299
vn 0.998740 0.000000 -0.050190
vn 0.996653 0.000000 0.081750
vn 1.000000 0.000000 0.000000
vn 0.458915 0.408007 -0.789257
vn 0.259282 -0.000000 -0.965802
vn -0.987688 0.000000 0.156434
vn -0.987688 -0.000000 0.156434
vn -0.951056 0.000000 0.309017
vn -0.951057 -0.000000 0.309017
vn -0.951057 -0.000000 0.309017
vn -0.987688 -0.000000 0.156434
vn 0.987688 -0.000000 -0.156434
vn 0.951057 -0.000000 -0.309017
vn 0.987688 -0.000000 -0.156434
vn 0.951057 -0.000000 -0.309017
vn -0.891866 -0.007114 0.452243
vn -0.897288 -0.003806 0.441429
vn -0.790155 0.002567 0.612902
vn -0.778497 0.000000 0.627649
vn -0.897824 -0.000000 0.440355
vn 0.680349 0.408006 0.608815
vn 0.942241 0.065106 -0.328548
vn 0.965367 0.000000 -0.260895
vn 0.545043 -0.000000 0.838408
vn 0.918594 0.015254 -0.394908
vn 0.922611 -0.000000 -0.385731
vn 1.000000 0.000000 0.000001
vn 0.987689 0.000000 -0.156433
vn 0.987689 -0.000000 -0.156433
vn 1.000000 0.000000 0.000001
vn 0.951057 0.000000 -0.309016
vn 0.951057 -0.000000 -0.309016
vn 0.951057 0.000000 0.309017
vn 0.987688 0.000000 0.156435
vn 0.987642 0.002025 0.156717
vn 0.950075 0.027440 0.310813
vn 0.809017 -0.000000 0.587785
vn 0.891007 -0.000000 0.453990
vn 0.887991 0.071586 0.454256
vn 0.805472 0.093510 0.585209
vn 0.587785 -0.000000 0.809017
vn 0.707107 -0.000000 0.707107
vn 0.704007 0.093527 0.704007
vn 0.585210 0.093512 0.805472
vn 0.309017 -0.000000 0.951057
vn 0.453991 -0.000000 0.891006
vn 0.452001 0.093528 0.887101
vn 0.307663 0.093511 0.946889
vn 0.000000 0.000000 1.000000
vn 0.156434 0.000000 0.987688
vn 0.155749 0.093527 0.983359
vn 0.000000 0.093511 0.995618
vn -0.309017 -0.000000 0.951056
vn -0.156434 0.000000 0.987688
vn -0.155749 0.093527 0.983359
vn -0.307663 0.093511 0.946889
vn -0.587785 -0.000000 0.809017
vn -0.453991 -0.000000 0.891006
vn -0.452001 0.093528 0.887101
vn -0.585209 0.093511 0.805472
vn -0.809017 -0.000000 0.587785
vn -0.707107 -0.000000 0.707107
vn -0.704128 0.071671 0.706446
vn -0.807475 0.027557 0.589258
vn -0.951057 0.000000 0.309017
vn -0.891007 0.000000 0.453990
vn -0.890854 0.002039 0.454285
vn -0.951057 0.000000 0.309017
vn -1.000000 0.000000 0.000000
vn -0.987688 0.000000 0.156434
vn -0.987688 0.000000 0.156434
vn -1.000000 -0.000000 -0.000000
vn -0.951057 0.000000 -0.309017
vn -0.987688 0.000000 -0.156434
vn -0.987634 0.002038 -0.156762
vn -0.950045 0.027557 -0.310894
vn -0.809017 0.000000 -0.587785
vn -0.891007 0.000000 -0.453990
vn -0.887970 0.071671 -0.454283
vn -0.805472 0.093512 -0.585209
vn -0.587785 -0.000000 -0.809017
vn -0.707107 -0.000000 -0.707107
vn -0.704008 0.093528 -0.704007
vn -0.585210 0.093512 -0.805472
vn -0.309017 -0.000000 -0.951057
vn -0.453991 -0.000000 -0.891006
vn -0.452000 0.093528 -0.887101
vn -0.307663 0.093511 -0.946889
vn 0.000000 -0.000000 -1.000000
vn -0.156435 -0.000000 -0.987688
vn -0.155749 0.093528 -0.983359
vn -0.000000 0.093512 -0.995618
vn 0.309017 -0.000000 -0.951057
vn 0.156435 -0.000000 -0.987688
vn 0.155749 0.093528 -0.983359
vn 0.307662 0.093511 -0.946889
vn 0.587785 0.000000 -0.809017
vn 0.453990 -0.000000 -0.891007
vn 0.452000 0.093528 -0.887101
vn 0.585210 0.093512 -0.805472
vn 0.809017 0.000000 -0.587785
vn 0.707107 0.000000 -0.707107
vn 0.704157 0.071586 -0.706427
vn 0.807528 0.027440 -0.589190
vn 0.891007 -0.000000 -0.453990
vn 0.890875 0.002026 -0.454245
vn 0.987689 -0.000000 -0.156433
vn 1.000000 -0.000000 0.000001
vn 0.951057 -0.000000 -0.309016
vn 0.987688 0.000000 0.156435
vn 0.951057 0.000000 0.309017
vn 0.891007 0.000000 0.453990
vn 0.809017 0.000000 0.587785
vn 0.707107 -0.000000 0.707107
vn 0.587785 -0.000000 0.809017
vn 0.453991 -0.000000 0.891006
vn 0.309017 -0.000000 0.951057
vn 0.156434 0.000000 0.987688
vn 0.000000 0.000000 1.000000
vn -0.156434 0.000000 0.987688
vn -0.309017 -0.000000 0.951057
vn -0.453991 -0.000000 0.891006
vn -0.587785 -0.000000 0.809017
vn -0.707107 -0.000000 0.707107
vn -0.809017 -0.000000 0.587785
vn -0.891007 0.000000 0.453991
vn -0.951057 -0.000000 0.309017
vn -0.987688 -0.000000 0.156434
vn -1.000000 0.000000 0.000000
vn -0.987688 -0.000000 -0.156434
vn -0.951057 -0.000000 -0.309017
vn -0.891007 0.000000 -0.453990
vn -0.809017 0.000000 -0.587785
vn -0.707107 -0.000000 -0.707107
vn -0.587785 -0.000000 -0.809017
vn -0.453991 0.000000 -0.891006
vn -0.309017 0.000000 -0.951057
vn -0.156435 0.000000 -0.987688
vn 0.000000 0.000000 -1.000000
vn 0.156435 -0.000000 -0.987688
vn 0.309017 -0.000000 -0.951057
vn 0.453990 -0.000000 -0.891007
vn 0.587785 -0.000000 -0.809017
vn 0.707107 -0.000000 -0.707107
vn 0.809017 -0.000000 -0.587785
vn 0.891007 -0.000000 -0.453990
vn 0.259282 0.000000 -0.965802
vn 0.998740 0.000000 -0.050190
vn -0.934348 0.000000 -0.356361
vn -0.934348 0.000000 -0.356361
vn 0.259283 0.000000 -0.965801
vn 0.998740 -0.000000 -0.050190
vn 0.996653 0.000000 0.081749
vn 1.000000 0.000000 0.000000
vn 0.996653 0.000000 0.081749
vn 1.000000 0.000000 0.000000
vn 0.987688 -0.000000 -0.156434
vn 0.951057 0.000000 -0.309017
vn 0.987688 0.000000 -0.156434
vn 0.951057 0.000000 -0.309017
vn 0.922611 0.000000 -0.385731
vn 0.965367 0.000000 -0.260895
vn 0.922611 -0.000000 -0.385731
vn 0.965367 0.000000 -0.260894
vn 0.545043 0.000000 0.838408
vn -0.778496 -0.000000 0.627649
vn 0.545043 0.000000 0.838408
vn -0.778497 0.000000 0.627649
vn -0.897824 -0.000000 0.440355
vn -0.951056 0.000000 0.309017
vn -0.897824 -0.000000 0.440355
vn -0.951057 0.000000 0.309017
vn -0.987688 0.000000 0.156434
vn -1.000000 0.000000 -0.000000
vn -0.987688 0.000000 0.156434
vn -1.000000 0.000000 0.000000
vn -0.989958 0.000000 -0.141359
vn -0.989958 0.000000 -0.141359
vn 0.987689 -0.000000 -0.156433
vn 1.000000 -0.000000 0.000001
vn 0.951057 0.000000 -0.309016
vn 0.951057 0.000000 -0.309016
vn 0.987689 0.000000 -0.156433
vn 1.000000 0.000000 0.000001
vn 0.989958 -0.000000 0.141360
vn 0.934348 -0.000000 0.356361
vn 0.989958 -0.000000 0.141360
vn 0.934348 0.000000 0.356361
vn -0.259282 -0.000000 0.965802
vn -0.998740 0.000000 0.050190
vn -0.259282 0.000000 0.965802
vn -0.998740 0.000000 0.050190
vn -0.996653 0.000000 -0.081750
vn -1.000000 0.000000 -0.000001
vn -0.996653 0.000000 -0.081750
vn -1.000000 -0.000000 -0.000001
vn -0.987689 -0.000000 0.156433
vn -0.951057 -0.000000 0.309016
vn -0.987689 0.000000 0.156433
vn -0.951057 0.000000 0.309016
vn -0.922612 -0.000000 0.385731
vn -0.965367 -0.000000 0.260894
vn -0.922611 -0.000000 0.385731
vn -0.965367 -0.000000 0.260894
vn -0.545042 -0.000000 -0.838409
vn 0.778497 0.000000 -0.627649
vn -0.545042 -0.000000 -0.838409
vn 0.778497 0.000000 -0.627648
vn 0.897824 -0.000000 -0.440354
vn 0.897824 -0.000000 -0.440354
vn 0.986451 0.050040 -0.156237
vn 0.998747 0.050037 0.000001
vn 0.949866 0.050037 -0.308629
vn 0.988910 0.048781 0.140273
vn 0.927209 0.066459 0.368600
vn -0.252273 0.129215 0.958990
vn -0.995884 0.065371 0.062783
vn -0.995514 0.049397 -0.080699
vn -0.998677 0.051431 -0.000001
vn -0.986382 0.051421 0.156226
vn -0.949798 0.051431 0.308607
vn -0.921852 0.049398 0.384380
vn -0.966543 0.065371 0.248034
vn -0.536272 0.129214 -0.834096
vn 0.767925 0.066458 -0.637082
vn 0.897163 0.048781 -0.438997
vn 0.251979 0.130649 -0.958873
vn 0.996011 0.063122 -0.063063
vn -0.927201 0.064297 -0.369004
vn 0.995625 0.047223 0.080625
vn 0.998798 0.049024 0.000000
vn 0.986501 0.049015 -0.156246
vn 0.949913 0.049024 -0.308645
vn 0.921981 0.047222 -0.384344
vn 0.966751 0.063122 -0.247808
vn 0.535956 0.130650 0.834076
vn -0.767792 0.064297 0.637464
vn -0.897289 0.046713 0.438966
vn -0.949968 0.047832 0.308663
vn -0.986558 0.047833 0.156255
vn -0.998855 0.047831 0.000000
vn -0.989020 0.046713 -0.140204
s 1
g no_stamp pCylinder2
usemtl initialShadingGroup
f 187/373/435 523/374/436 691/370/437 526/369/438
f 523/374/436 188/381/439 524/375/440 691/370/437
f 691/370/437 524/375/440 322/376/441 525/371/442
f 526/369/438 691/370/437 525/371/442 303/372/443
f 188/381/439 527/391/444 692/383/445 524/375/440
f 527/391/444 189/403/446 528/393/447 692/383/445
f 692/383/445 528/393/447 321/394/448 529/384/449
f 524/375/440 692/383/445 529/384/449 322/376/441
f 189/919/446 530/923/450 693/927/451 528/928/447
f 530/923/450 190/929/452 531/933/453 693/927/451
f 693/1118/451 531/1119/453 320/1120/454 532/1121/455
f 528/393/447 693/405/451 532/406/455 321/394/448
f 190/929/452 533/934/456 694/938/457 531/933/453
f 533/934/456 191/939/458 534/943/459 694/938/457
f 694/1122/457 534/1126/459 319/1127/460 535/1123/461
f 531/1119/453 694/1122/457 535/1123/461 320/1120/454
f 191/939/458 536/944/462 695/948/463 534/943/459
f 536/944/462 192/949/464 537/953/465 695/948/463
f 695/1131/463 537/1137/465 318/1138/466 538/1132/467
f 534/1126/459 695/1131/463 538/1132/467 319/1127/460
f 192/949/464 539/954/468 696/958/469 537/953/465
f 539/954/468 193/959/470 540/965/471 696/958/469
f 696/565/469 540/551/471 317/552/472 541/566/473
f 537/1137/465 696/1144/469 541/1145/473 318/1138/466
f 193/554/470 542/542/474 697/539/475 540/551/471
f 542/542/474 194/532/476 543/529/477 697/539/475
f 697/539/475 543/529/477 316/530/478 544/540/479
f 540/551/471 697/539/475 544/540/479 317/552/472
f 194/532/476 545/523/480 698/519/481 543/529/477
f 545/523/480 195/524/482 546/520/483 698/519/481
f 698/519/481 546/520/483 315/521/484 547/522/485
f 543/529/477 698/519/481 547/522/485 316/530/478
f 195/524/482 548/531/486 699/525/487 546/520/483
f 548/531/486 196/541/488 549/533/489 699/525/487
f 699/525/487 549/533/489 314/534/490 550/526/491
f 546/520/483 699/525/487 550/526/491 315/521/484
f 196/541/488 551/553/492 700/543/493 549/533/489
f 551/553/492 197/567/494 552/555/495 700/543/493
f 700/543/493 552/555/495 313/556/496 553/544/497
f 549/533/489 700/543/493 553/544/497 314/534/490
f 197/567/494 554/578/498 701/568/499 552/555/495
f 554/578/498 198/590/500 555/579/501 701/568/499
f 701/568/499 555/579/501 312/580/502 556/569/503
f 552/555/495 701/568/499 556/569/503 313/556/496
f 198/590/500 557/602/504 702/591/505 555/579/501
f 557/602/504 199/615/506 558/603/507 702/591/505
f 702/591/505 558/603/507 311/604/508 559/592/509
f 555/579/501 702/591/505 559/592/509 312/580/502
f 199/994/506 560/989/510 703/993/511 558/998/507
f 560/989/510 200/984/512 561/988/513 703/993/511
f 703/1164/511 561/1165/513 310/1166/514 562/1167/515
f 558/603/507 703/616/511 562/617/515 311/604/508
f 200/984/512 563/979/516 704/983/517 561/988/513
f 563/979/516 201/974/518 564/978/519 704/983/517
f 704/1168/517 564/1172/519 309/1173/520 565/1169/521
f 561/1165/513 704/1168/517 565/1169/521 310/1166/514
f 201/974/518 566/969/522 705/973/523 564/978/519
f 566/969/522 202/963/524 567/968/525 705/973/523
f 705/1177/523 567/1183/525 308/1184/526 568/1178/527
f 564/1172/519 705/1177/523 568/1178/527 309/1173/520
f 202/963/524 569/956/528 706/962/529 567/968/525
f 569/956/528 203/951/530 570/961/531 706/962/529
f 706/483/529 570/469/531 307/470/532 571/484/533
f 567/1183/525 706/1190/529 571/1191/533 308/1184/526
f 203/471/530 572/458/534 707/456/535 570/469/531
f 572/458/534 204/444/536 573/442/537 707/456/535
f 707/456/535 573/442/537 306/443/538 574/457/539
f 570/469/531 707/456/535 574/457/539 307/470/532
f 204/444/536 575/430/540 708/428/541 573/442/537
f 575/430/540 205/417/542 576/415/543 708/428/541
f 708/428/541 576/415/543 305/416/544 577/429/545
f 573/442/537 708/428/541 577/429/545 306/443/538
f 205/417/542 578/404/546 709/401/547 576/415/543
f 578/404/546 206/392/548 579/389/549 709/401/547
f 709/401/547 579/389/549 304/390/550 580/402/551
f 576/415/543 709/401/547 580/402/551 305/416/544
f 206/392/548 581/382/552 710/379/553 579/389/549
f 581/382/552 187/373/435 526/369/438 710/379/553
f 710/379/553 526/369/438 303/372/443 582/380/554
f 579/389/549 710/379/553 582/380/554 304/390/550
f 188/909/439 523/910/436 711/911/555 585/912/556
f 523/910/436 187/913/435 583/914/557 711/911/555
f 711/668/555 583/669/557 227/670/558 584/671/559
f 585/676/556 711/668/555 584/671/559 228/677/560
f 189/919/446 527/915/444 712/916/561 587/920/562
f 527/915/444 188/909/439 585/912/556 712/916/561
f 712/684/561 585/676/556 228/677/560 586/685/563
f 587/694/562 712/684/561 586/685/563 229/695/564
f 190/929/452 530/923/450 713/924/565 589/930/566
f 530/923/450 189/919/446 587/920/562 713/924/565
f 713/1210/565 587/1211/562 229/1212/564 588/1213/567
f 589/1214/566 713/1210/565 588/1213/567 230/1215/568
f 191/939/458 533/934/456 714/935/569 591/940/570
f 533/934/456 190/929/452 589/930/566 714/935/569
f 714/1218/569 589/1214/566 230/1215/568 590/1219/571
f 591/1223/570 714/1218/569 590/1219/571 231/1224/572
f 192/949/464 536/944/462 715/945/573 593/950/574
f 536/944/462 191/939/458 591/940/570 715/945/573
f 715/1229/573 591/1223/570 231/1224/572 592/1230/575
f 593/1236/574 715/1229/573 592/1230/575 232/1237/576
f 193/959/470 539/954/468 716/955/577 595/960/578
f 539/954/468 192/949/464 593/950/574 716/955/577
f 716/1241/577 593/1236/574 232/1237/576 594/1242/579
f 595/1246/578 716/1241/577 594/1242/579 233/1247/580
f 194/971/476 542/966/474 717/967/581 597/972/582
f 542/966/474 193/959/470 595/960/578 717/967/581
f 717/792/581 595/798/578 233/799/580 596/793/583
f 597/789/582 717/792/581 596/793/583 234/790/584
f 195/981/482 545/976/480 718/977/585 599/982/586
f 545/976/480 194/971/476 597/972/582 718/977/585
f 718/788/585 597/789/582 234/790/584 598/791/587
f 599/796/586 718/788/585 598/791/587 235/797/588
f 196/991/488 548/986/486 719/987/589 601/992/590
f 548/986/486 195/981/482 599/982/586 719/987/589
f 719/804/589 599/796/586 235/797/588 600/805/591
f 601/812/590 719/804/589 600/805/591 236/813/592
f 197/1001/494 551/996/492 720/997/593 603/1002/594
f 551/996/492 196/991/488 601/992/590 720/997/593
f 720/821/593 601/812/590 236/813/592 602/822/595
f 603/830/594 720/821/593 602/822/595 237/831/596
f 198/1003/500 554/1005/498 721/1006/597 605/1004/598
f 554/1005/498 197/1001/494 603/1002/594 721/1006/597
f 721/838/597 603/830/594 237/831/596 604/839/599
f 605/847/598 721/838/597 604/839/599 238/848/600
f 199/994/506 557/999/504 722/1000/601 607/995/602
f 557/999/504 198/1003/500 605/1004/598 722/1000/601
f 722/857/601 605/847/598 238/848/600 606/858/603
f 607/868/602 722/857/601 606/858/603 239/869/604
f 200/984/512 560/989/510 723/990/605 609/985/606
f 560/989/510 199/994/506 607/995/602 723/990/605
f 723/1253/605 607/1254/602 239/1255/604 608/1256/607
f 609/1257/606 723/1253/605 608/1256/607 240/1258/608
f 201/974/518 563/979/516 724/980/609 611/975/610
f 563/979/516 200/984/512 609/985/606 724/980/609
f 724/1261/609 609/1257/606 240/1258/608 610/1262/611
f 611/1266/610 724/1261/609 610/1262/611 241/1267/612
f 202/963/524 566/969/522 725/970/613 613/964/614
f 566/969/522 201/974/518 611/975/610 725/970/613
f 725/1272/613 611/1266/610 241/1267/612 612/1273/615
f 613/1279/614 725/1272/613 612/1273/615 242/1280/616
f 203/951/530 569/956/528 726/957/617 615/952/618
f 569/956/528 202/963/524 613/964/614 726/957/617
f 726/1284/617 613/1279/614 242/1280/616 614/1285/619
f 615/1289/618 726/1284/617 614/1285/619 243/1290/620
f 204/941/536 572/946/534 727/947/621 617/942/622
f 572/946/534 203/951/530 615/952/618 727/947/621
f 727/734/621 615/746/618 243/747/620 616/735/623
f 617/721/622 727/734/621 616/735/623 244/722/624
f 205/931/542 575/936/540 728/937/625 619/932/626
f 575/936/540 204/941/536 617/942/622 728/937/625
f 728/706/625 617/721/622 244/722/624 618/707/627
f 619/696/626 728/706/625 618/707/627 245/697/628
f 206/921/548 578/925/546 729/926/629 621/922/630
f 578/925/546 205/931/542 619/932/626 729/926/629
f 729/686/629 619/696/626 245/697/628 620/687/631
f 621/678/630 729/686/629 620/687/631 246/679/632
f 187/913/435 581/917/552 730/918/633 583/914/557
f 581/917/552 206/921/548 621/922/630 730/918/633
f 730/672/633 621/678/630 246/679/632 622/673/634
f 583/669/557 730/672/633 622/673/634 227/670/558
f 267/1007/635 623/1008/636 731/1009/637 626/1010/638
f 623/1008/636 268/1011/639 624/1012/640 731/1009/637
f 731/1009/637 624/1012/640 269/1019/641 625/1013/642
f 626/1010/638 731/1009/637 625/1013/642 270/1014/643
f 208/1030/644 627/1031/645 732/1032/646 630/1033/647
f 627/1031/645 209/1034/648 628/1035/649 732/1032/646
f 732/717/646 628/732/649 249/718/650 629/704/651
f 630/715/647 732/717/646 629/704/651 248/692/652
f 209/1034/648 631/1038/653 733/1039/654 628/1035/649
f 631/1038/653 210/1040/655 632/1041/656 733/1039/654
f 733/1225/654 632/1226/656 250/1221/657 633/1220/658
f 628/1232/649 733/1225/654 633/1220/658 249/1233/650
f 210/1040/655 634/1042/659 734/1043/660 632/1041/656
f 634/1042/659 211/1044/661 635/1045/662 734/1043/660
f 734/1231/660 635/1238/662 251/1234/663 636/1227/664
f 632/1226/656 734/1231/660 636/1227/664 250/1221/657
f 211/1044/661 637/1046/665 735/1047/666 635/1045/662
f 637/1046/665 212/1048/667 638/1049/668 735/1047/666
f 735/1243/666 638/1248/668 252/1244/669 639/1239/670
f 635/1238/662 735/1243/666 639/1239/670 251/1234/663
f 212/1048/667 640/1050/671 736/1051/672 638/1049/668
f 640/1050/671 213/1052/673 641/1053/674 736/1051/672
f 736/1250/672 641/1251/674 253/1252/675 642/1249/676
f 638/1248/668 736/1250/672 642/1249/676 252/1244/669
f 213/1052/673 643/1054/677 737/1055/678 641/1053/674
f 643/1054/677 214/1056/679 644/1057/680 737/1055/678
f 737/817/678 644/808/680 254/801/681 645/807/682
f 641/824/674 737/817/678 645/807/682 253/816/675
f 214/1056/679 646/1058/683 738/1059/684 644/1057/680
f 646/1058/683 215/1060/685 647/1061/686 738/1059/684
f 738/809/684 647/818/686 255/810/687 648/802/688
f 644/808/680 738/809/684 648/802/688 254/801/681
f 275/1064/689 649/1065/690 739/1066/691 652/1067/692
f 649/1065/690 276/1068/693 650/1069/694 739/1066/691
f 739/1066/691 650/1069/694 277/1072/695 651/1073/696
f 652/870/692 739/880/691 651/872/696 278/871/697
f 276/1068/693 653/1070/698 740/1071/699 650/1069/694
f 653/1070/698 279/1074/700 654/1075/701 740/1071/699
f 740/1071/699 654/1075/701 280/1079/702 655/1076/703
f 650/1069/694 740/1071/699 655/1076/703 277/1072/695
f 279/1074/700 656/1077/704 741/1078/705 654/1075/701
f 656/1077/704 281/1080/706 657/1081/707 741/1078/705
f 741/1078/705 657/1081/707 282/1085/708 658/1082/709
f 654/1075/701 741/1078/705 658/1082/709 280/1079/702
f 218/1086/710 659/1087/711 742/1088/712 662/1089/713
f 659/1087/711 219/1090/714 660/1091/715 742/1088/712
f 742/888/712 660/897/715 259/889/716 661/878/717
f 662/886/713 742/888/712 661/878/717 258/866/718
f 219/1090/714 663/1094/719 743/1095/720 660/1091/715
f 663/1094/719 220/1096/721 664/1097/722 743/1095/720
f 743/1268/720 664/1269/722 260/1264/723 665/1263/724
f 660/1275/715 743/1268/720 665/1263/724 259/1276/716
f 220/1096/721 666/1098/725 744/1099/726 664/1097/722
f 666/1098/725 221/1100/727 667/1101/728 744/1099/726
f 744/1274/726 667/1281/728 261/1277/729 668/1270/730
f 664/1269/722 744/1274/726 668/1270/730 260/1264/723
f 221/1100/727 669/1102/731 745/1103/732 667/1101/728
f 669/1102/731 222/1104/733 670/1105/734 745/1103/732
f 745/1286/732 670/1291/734 262/1287/735 671/1282/736
f 667/1281/728 745/1286/732 671/1282/736 261/1277/729
f 222/1104/733 672/1106/737 746/1107/738 670/1105/734
f 672/1106/737 223/1108/739 673/1109/740 746/1107/738
f 746/1293/738 673/1294/740 263/1295/741 674/1292/742
f 670/1291/734 746/1293/738 674/1292/742 262/1287/735
f 223/1108/739 675/1110/743 747/1111/744 673/1109/740
f 675/1110/743 224/1112/745 676/1113/746 747/1111/744
f 747/774/744 676/763/746 264/749/747 677/762/748
f 673/781/740 747/774/744 677/762/748 263/773/741
f 224/1112/745 678/1114/749 748/1115/750 676/1113/746
f 678/1114/749 225/1116/751 679/1117/752 748/1115/750
f 748/750/750 679/751/752 265/724/753 680/737/754
f 676/763/746 748/750/750 680/737/754 264/749/747
f 271/1027/755 681/1024/756 749/1025/757 684/1028/758
f 681/1024/756 272/1021/759 682/1022/760 749/1025/757
f 749/1025/757 682/1022/760 273/1023/761 683/1026/762
f 684/1028/758 749/1025/757 683/1026/762 274/1029/763
f 272/1021/759 685/1015/764 750/1016/765 682/1022/760
f 685/1015/764 267/1007/635 626/1010/638 750/1016/765
f 750/1016/765 626/1010/638 270/1014/643 686/1020/766
f 682/1022/760 750/1016/765 686/1020/766 273/1023/761
f 228/677/560 584/671/559 751/675/767 689/683/768
f 584/671/559 227/670/558 687/674/769 751/675/767
f 751/675/767 687/674/769 247/681/770 688/682/771
f 689/683/768 751/675/767 688/682/771 248/692/652
f 227/670/558 622/673/634 752/680/772 687/674/769
f 622/673/634 246/679/632 690/688/773 752/680/772
f 752/680/772 690/688/773 266/699/774 355/689/775
f 687/674/769 752/680/772 355/689/775 247/681/770
f 246/679/632 620/687/631 753/698/776 690/688/773
f 620/687/631 245/697/628 356/708/777 753/698/776
f 753/698/776 356/708/777 265/724/753 357/709/778
f 690/688/773 753/698/776 357/709/778 266/699/774
f 245/697/628 618/707/627 754/723/779 356/708/777
f 618/707/627 244/722/624 358/736/780 754/723/779
f 754/723/779 358/736/780 264/749/747 680/737/754
f 356/708/777 754/723/779 680/737/754 265/724/753
f 244/722/624 616/735/623 755/748/781 358/736/780
f 616/735/623 243/747/620 359/761/782 755/748/781
f 755/748/781 359/761/782 263/773/741 677/762/748
f 358/736/780 755/748/781 677/762/748 264/749/747
f 243/747/620 614/771/619 756/772/783 359/761/782
f 614/1285/619 242/1280/616 360/1283/784 756/1288/783
f 756/1288/783 360/1283/784 262/1287/735 674/1292/742
f 359/761/782 756/772/783 674/780/742 263/773/741
f 242/1280/616 612/1273/615 757/1278/785 360/1283/784
f 612/1273/615 241/1267/612 361/1271/786 757/1278/785
f 757/1278/785 361/1271/786 261/1277/729 671/1282/736
f 360/1283/784 757/1278/785 671/1282/736 262/1287/735
f 241/1267/612 610/1262/611 758/1265/787 361/1271/786
f 610/1262/611 240/1258/608 362/1260/788 758/1265/787
f 758/1265/787 362/1260/788 260/1264/723 668/1270/730
f 361/1271/786 758/1265/787 668/1270/730 261/1277/729
f 240/1258/608 608/1256/607 759/1259/789 362/1260/788
f 608/890/607 239/869/604 363/879/790 759/891/789
f 759/891/789 363/879/790 259/889/716 665/898/724
f 362/1260/788 759/1259/789 665/1263/724 260/1264/723
f 239/869/604 606/858/603 760/867/791 363/879/790
f 606/858/603 238/848/600 364/856/792 760/867/791
f 760/867/791 364/856/792 258/866/718 661/878/717
f 363/879/790 760/867/791 661/878/717 259/889/716
f 238/848/600 604/839/599 761/846/793 364/856/792
f 604/839/599 237/831/596 365/837/794 761/846/793
f 761/846/793 365/837/794 257/845/795 366/855/796
f 364/856/792 761/846/793 366/855/796 258/866/718
f 237/831/596 602/822/595 762/829/797 365/837/794
f 602/822/595 236/813/592 367/820/798 762/829/797
f 762/829/797 367/820/798 256/828/799 368/836/800
f 365/837/794 762/829/797 368/836/800 257/845/795
f 236/813/592 600/805/591 763/811/801 367/820/798
f 600/805/591 235/797/588 369/803/802 763/811/801
f 763/811/801 369/803/802 255/810/687 370/819/803
f 367/820/798 763/811/801 370/819/803 256/828/799
f 235/797/588 598/791/587 764/795/804 369/803/802
f 598/791/587 234/790/584 371/794/805 764/795/804
f 764/795/804 371/794/805 254/801/681 648/802/688
f 369/803/802 764/795/804 648/802/688 255/810/687
f 234/790/584 596/793/583 765/800/806 371/794/805
f 596/793/583 233/799/580 372/806/807 765/800/806
f 765/800/806 372/806/807 253/816/675 645/807/682
f 371/794/805 765/800/806 645/807/682 254/801/681
f 233/799/580 594/814/579 766/815/808 372/806/807
f 594/1242/579 232/1237/576 373/1240/809 766/1245/808
f 766/1245/808 373/1240/809 252/1244/669 642/1249/676
f 372/806/807 766/815/808 642/823/676 253/816/675
f 232/1237/576 592/1230/575 767/1235/810 373/1240/809
f 592/1230/575 231/1224/572 374/1228/811 767/1235/810
f 767/1235/810 374/1228/811 251/1234/663 639/1239/670
f 373/1240/809 767/1235/810 639/1239/670 252/1244/669
f 231/1224/572 590/1219/571 768/1222/812 374/1228/811
f 590/1219/571 230/1215/568 375/1217/813 768/1222/812
f 768/1222/812 375/1217/813 250/1221/657 636/1227/664
f 374/1228/811 768/1222/812 636/1227/664 251/1234/663
f 230/1215/568 588/1213/567 769/1216/814 375/1217/813
f 588/719/567 229/695/564 376/705/815 769/720/814
f 769/720/814 376/705/815 249/718/650 633/733/658
f 375/1217/813 769/1216/814 633/1220/658 250/1221/657
f 229/695/564 586/685/563 770/693/816 376/705/815
f 586/685/563 228/677/560 689/683/768 770/693/816
f 770/693/816 689/683/768 248/692/652 629/704/651
f 376/705/815 770/693/816 629/704/651 249/718/650
f 207/411/817 377/410/818 771/422/819 380/423/820
f 377/410/818 208/421/644 378/434/821 771/422/819
f 771/422/819 378/434/821 338/447/822 379/435/823
f 380/423/820 771/422/819 379/435/823 331/436/824
f 208/1030/644 630/1033/647 772/1036/825 378/1037/821
f 630/715/647 248/692/652 381/703/826 772/716/825
f 772/716/825 381/703/826 337/714/827 382/731/828
f 378/1296/821 772/1297/825 382/1298/828 338/1299/822
f 248/692/652 688/682/771 773/691/829 381/703/826
f 688/682/771 247/681/770 383/690/830 773/691/829
f 773/691/829 383/690/830 336/701/831 384/702/832
f 381/703/826 773/691/829 384/702/832 337/714/827
f 225/465/751 385/452/833 774/464/834 388/478/835
f 385/452/833 226/438/836 386/451/837 774/464/834
f 774/464/834 386/451/837 332/463/838 387/477/839
f 388/478/835 774/464/834 387/477/839 333/491/840
f 266/699/774 357/709/778 775/725/841 391/710/842
f 357/709/778 265/724/753 389/738/843 775/725/841
f 775/725/841 389/738/843 334/753/844 390/739/845
f 391/710/842 775/725/841 390/739/845 335/726/846
f 265/724/753 679/751/752 776/752/847 389/738/843
f 679/492/752 225/465/751 388/478/835 776/493/847
f 776/493/847 388/478/835 333/491/840 392/503/848
f 389/738/843 776/752/847 392/764/848 334/753/844
f 226/438/836 393/424/849 777/437/850 386/451/837
f 393/424/849 207/411/817 380/423/820 777/437/850
f 777/437/850 380/423/820 331/436/824 394/450/851
f 386/451/837 777/437/850 394/450/851 332/463/838
f 247/681/770 355/689/775 778/700/852 383/690/830
f 355/689/775 266/699/774 391/710/842 778/700/852
f 778/700/852 391/710/842 335/726/846 395/711/853
f 383/690/830 778/700/852 395/711/853 336/701/831
f 215/560/685 396/573/854 779/585/855 399/586/856
f 396/573/854 216/584/857 397/597/858 779/585/855
f 779/585/855 397/597/858 330/610/859 398/598/860
f 399/586/856 779/585/855 398/598/860 323/599/861
f 256/828/799 370/819/803 780/827/862 402/835/863
f 370/819/803 255/810/687 400/826/864 780/827/862
f 780/827/862 400/826/864 324/833/865 401/834/866
f 402/835/863 780/827/862 401/834/866 325/843/867
f 255/810/687 647/818/686 781/825/868 400/826/864
f 647/1061/686 215/1060/685 399/1062/856 781/1063/868
f 781/613/868 399/586/856 323/599/861 403/614/869
f 400/826/864 781/825/868 403/832/869 324/833/865
f 216/584/857 404/596/870 782/609/871 397/597/858
f 404/596/870 217/608/872 405/622/873 782/609/871
f 782/609/871 405/622/873 329/633/874 406/623/875
f 397/597/858 782/609/871 406/623/875 330/610/859
f 257/845/795 368/836/800 783/844/876 408/854/877
f 368/836/800 256/828/799 402/835/863 783/844/876
f 783/844/876 402/835/863 325/843/867 407/853/878
f 408/854/877 783/844/876 407/853/878 326/864/879
f 217/608/872 409/621/880 784/632/881 405/622/873
f 409/621/880 218/631/710 410/642/882 784/632/881
f 784/632/881 410/642/882 328/652/883 411/643/884
f 405/622/873 784/632/881 411/643/884 329/633/874
f 218/1086/710 662/1089/713 785/1092/885 410/1093/882
f 662/886/713 258/866/718 412/877/886 785/887/885
f 785/887/885 412/877/886 327/885/887 413/896/888
f 410/1306/882 785/1307/885 413/1308/888 328/1309/883
f 258/866/718 366/855/796 786/865/889 412/877/886
f 366/855/796 257/845/795 408/854/877 786/865/889
f 786/865/889 408/854/877 326/864/879 414/876/890
f 412/877/886 786/865/889 414/876/890 327/885/887
f 284/413/891 415/399/892 787/412/893 417/425/894
f 415/399/892 283/387/895 416/398/896 787/412/893
f 787/412/893 416/398/896 207/411/817 393/424/849
f 417/425/894 787/412/893 393/424/849 226/438/836
f 285/440/897 418/426/898 788/439/899 419/453/900
f 418/426/898 284/413/891 417/425/894 788/439/899
f 788/439/899 417/425/894 226/438/836 385/452/833
f 419/453/900 788/439/899 385/452/833 225/465/751
f 286/467/901 420/454/902 789/466/903 421/480/904
f 420/454/902 285/440/897 419/453/900 789/466/903
f 789/466/903 419/453/900 225/465/751 678/479/749
f 421/480/904 789/466/903 678/479/749 224/494/745
f 287/496/905 422/481/906 790/495/907 423/505/908
f 422/481/906 286/467/901 421/480/904 790/495/907
f 790/495/907 421/480/904 224/494/745 675/504/743
f 423/505/908 790/495/907 675/504/743 223/511/739
f 288/1199/909 424/1202/910 791/1205/911 425/1203/912
f 424/506/910 287/496/905 423/505/908 791/512/911
f 791/1205/911 423/1208/908 223/1209/739 672/1207/737
f 425/1203/912 791/1205/911 672/1207/737 222/1206/733
f 289/1186/913 426/1193/914 792/1200/915 427/1194/916
f 426/1193/914 288/1199/909 425/1203/912 792/1200/915
f 792/1200/915 425/1203/912 222/1206/733 669/1204/731
f 427/1194/916 792/1200/915 669/1204/731 221/1201/727
f 290/1175/917 428/1180/918 793/1187/919 429/1181/920
f 428/1180/918 289/1186/913 427/1194/916 793/1187/919
f 793/1187/919 427/1194/916 221/1201/727 666/1195/725
f 429/1181/920 793/1187/919 666/1195/725 220/1188/721
f 291/629/921 430/639/922 794/650/923 431/640/924
f 430/1176/922 290/1175/917 429/1181/920 794/1182/923
f 794/1182/923 429/1181/920 220/1188/721 663/1189/719
f 431/1196/924 794/1182/923 663/1189/719 219/1197/714
f 292/606/925 432/619/926 795/630/927 433/620/928
f 432/619/926 291/629/921 431/640/924 795/630/927
f 795/630/927 431/640/924 219/651/714 659/641/711
f 433/620/928 795/630/927 659/641/711 218/631/710
f 293/582/929 434/594/930 796/607/931 435/595/932
f 434/594/930 292/606/925 433/620/928 796/607/931
f 796/607/931 433/620/928 218/631/710 409/621/880
f 435/595/932 796/607/931 409/621/880 217/608/872
f 294/558/933 436/571/934 797/583/935 437/572/936
f 436/571/934 293/582/929 435/595/932 797/583/935
f 797/583/935 435/595/932 217/608/872 404/596/870
f 437/572/936 797/583/935 404/596/870 216/584/857
f 295/536/937 438/546/938 798/559/939 439/547/940
f 438/546/938 294/558/933 437/572/936 798/559/939
f 798/559/939 437/572/936 216/584/857 396/573/854
f 439/547/940 798/559/939 396/573/854 215/560/685
f 296/549/941 440/537/942 799/548/943 441/562/944
f 440/537/942 295/536/937 439/547/940 799/548/943
f 799/548/943 439/547/940 215/560/685 646/561/683
f 441/562/944 799/548/943 646/561/683 214/574/679
f 297/576/945 442/563/946 800/575/947 443/588/948
f 442/563/946 296/549/941 441/562/944 800/575/947
f 800/575/947 441/562/944 214/574/679 643/587/677
f 443/588/948 800/575/947 643/587/677 213/600/673
f 298/1153/949 444/1156/950 801/1159/951 445/1157/952
f 444/589/950 297/576/945 443/588/948 801/601/951
f 801/1159/951 443/1162/948 213/1163/673 640/1161/671
f 445/1157/952 801/1159/951 640/1161/671 212/1160/667
f 299/1140/953 446/1147/954 802/1154/955 447/1148/956
f 446/1147/954 298/1153/949 445/1157/952 802/1154/955
f 802/1154/955 445/1157/952 212/1160/667 637/1158/665
f 447/1148/956 802/1154/955 637/1158/665 211/1155/661
f 300/1129/957 448/1134/958 803/1141/959 449/1135/960
f 448/1134/958 299/1140/953 447/1148/956 803/1141/959
f 803/1141/959 447/1148/956 211/1155/661 634/1149/659
f 449/1135/960 803/1141/959 634/1149/659 210/1142/655
f 301/419/961 450/431/962 804/445/963 451/432/964
f 450/1130/962 300/1129/957 449/1135/960 804/1136/963
f 804/1136/963 449/1135/960 210/1142/655 631/1143/653
f 451/1150/964 804/1136/963 631/1143/653 209/1151/648
f 302/396/965 452/408/966 805/420/967 453/409/968
f 452/408/966 301/419/961 451/432/964 805/420/967
f 805/420/967 451/432/964 209/446/648 627/433/645
f 453/409/968 805/420/967 627/433/645 208/421/644
f 283/387/895 454/386/969 806/397/970 416/398/896
f 454/386/969 302/396/965 453/409/968 806/397/970
f 806/397/970 453/409/968 208/421/644 377/410/818
f 416/398/896 806/397/970 377/410/818 207/411/817
f 304/390/550 582/380/554 807/388/971 456/400/972
f 582/380/554 303/372/443 455/378/973 807/388/971
f 807/388/971 455/378/973 283/387/895 415/399/892
f 456/400/972 807/388/971 415/399/892 284/413/891
f 305/416/544 580/402/551 808/414/974 457/427/975
f 580/402/551 304/390/550 456/400/972 808/414/974
f 808/414/974 456/400/972 284/413/891 418/426/898
f 457/427/975 808/414/974 418/426/898 285/440/897
f 306/443/538 577/429/545 809/441/976 458/455/977
f 577/429/545 305/416/544 457/427/975 809/441/976
f 809/441/976 457/427/975 285/440/897 420/454/902
f 458/455/977 809/441/976 420/454/902 286/467/901
f 307/470/532 574/457/539 810/468/978 459/482/979
f 574/457/539 306/443/538 458/455/977 810/468/978
f 810/468/978 458/455/977 286/467/901 422/481/906
f 459/482/979 810/468/978 422/481/906 287/496/905
f 308/1184/526 571/1191/533 811/1198/980 460/1192/981
f 571/484/533 307/470/532 459/482/979 811/497/980
f 811/497/980 459/482/979 287/496/905 424/506/910
f 460/1192/981 811/1198/980 424/1202/910 288/1199/909
f 309/1173/520 568/1178/527 812/1185/982 461/1179/983
f 568/1178/527 308/1184/526 460/1192/981 812/1185/982
f 812/1185/982 460/1192/981 288/1199/909 426/1193/914
f 461/1179/983 812/1185/982 426/1193/914 289/1186/913
f 310/1166/514 565/1169/521 813/1174/984 462/1170/985
f 565/1169/521 309/1173/520 461/1179/983 813/1174/984
f 813/1174/984 461/1179/983 289/1186/913 428/1180/918
f 462/1170/985 813/1174/984 428/1180/918 290/1175/917
f 311/604/508 562/617/515 814/628/986 463/618/987
f 562/1167/515 310/1166/514 462/1170/985 814/1171/986
f 814/1171/986 462/1170/985 290/1175/917 430/1176/922
f 463/618/987 814/628/986 430/639/922 291/629/921
f 312/580/502 559/592/509 815/605/988 464/593/989
f 559/592/509 311/604/508 463/618/987 815/605/988
f 815/605/988 463/618/987 291/629/921 432/619/926
f 464/593/989 815/605/988 432/619/926 292/606/925
f 313/556/496 556/569/503 816/581/990 465/570/991
f 556/569/503 312/580/502 464/593/989 816/581/990
f 816/581/990 464/593/989 292/606/925 434/594/930
f 465/570/991 816/581/990 434/594/930 293/582/929
f 314/534/490 553/544/497 817/557/992 466/545/993
f 553/544/497 313/556/496 465/570/991 817/557/992
f 817/557/992 465/570/991 293/582/929 436/571/934
f 466/545/993 817/557/992 436/571/934 294/558/933
f 315/521/484 550/526/491 818/535/994 467/527/995
f 550/526/491 314/534/490 466/545/993 818/535/994
f 818/535/994 466/545/993 294/558/933 438/546/938
f 467/527/995 818/535/994 438/546/938 295/536/937
f 316/530/478 547/522/485 819/528/996 468/538/997
f 547/522/485 315/521/484 467/527/995 819/528/996
f 819/528/996 467/527/995 295/536/937 440/537/942
f 468/538/997 819/528/996 440/537/942 296/549/941
f 317/552/472 544/540/479 820/550/998 469/564/999
f 544/540/479 316/530/478 468/538/997 820/550/998
f 820/550/998 468/538/997 296/549/941 442/563/946
f 469/564/999 820/550/998 442/563/946 297/576/945
f 318/1138/466 541/1145/473 821/1152/1000 470/1146/1001
f 541/566/473 317/552/472 469/564/999 821/577/1000
f 821/577/1000 469/564/999 297/576/945 444/589/950
f 470/1146/1001 821/1152/1000 444/1156/950 298/1153/949
f 319/1127/460 538/1132/467 822/1139/1002 471/1133/1003
f 538/1132/467 318/1138/466 470/1146/1001 822/1139/1002
f 822/1139/1002 470/1146/1001 298/1153/949 446/1147/954
f 471/1133/1003 822/1139/1002 446/1147/954 299/1140/953
f 320/1120/454 535/1123/461 823/1128/1004 472/1124/1005
f 535/1123/461 319/1127/460 471/1133/1003 823/1128/1004
f 823/1128/1004 471/1133/1003 299/1140/953 448/1134/958
f 472/1124/1005 823/1128/1004 448/1134/958 300/1129/957
f 321/394/448 532/406/455 824/418/1006 473/407/1007
f 532/1121/455 320/1120/454 472/1124/1005 824/1125/1006
f 824/1125/1006 472/1124/1005 300/1129/957 450/1130/962
f 473/407/1007 824/418/1006 450/431/962 301/419/961
f 322/376/441 529/384/449 825/395/1008 474/385/1009
f 529/384/449 321/394/448 473/407/1007 825/395/1008
f 825/395/1008 473/407/1007 301/419/961 452/408/966
f 474/385/1009 825/395/1008 452/408/966 302/396/965
f 303/372/443 525/371/442 826/377/1010 455/378/973
f 525/371/442 322/376/441 474/385/1009 826/377/1010
f 826/377/1010 474/385/1009 302/396/965 454/386/969
f 455/378/973 826/377/1010 454/386/969 283/387/895
f 324/833/865 403/832/869 827/840/1011 477/841/1012
f 403/614/869 323/599/861 475/612/1013 827/627/1011
f 827/627/1011 475/612/1013 347/626/1014 476/638/1015
f 477/841/1012 827/840/1011 476/849/1015 348/850/1016
f 325/843/867 401/834/866 828/842/1017 479/852/1018
f 401/834/866 324/833/865 477/841/1012 828/842/1017
f 828/842/1017 477/841/1012 348/850/1016 478/851/1019
f 479/852/1018 828/842/1017 478/851/1019 349/862/1020
f 326/864/879 407/853/878 829/863/1021 481/875/1022
f 407/853/878 325/843/867 479/852/1018 829/863/1021
f 829/863/1021 479/852/1018 349/862/1020 480/874/1023
f 481/875/1022 829/863/1021 480/874/1023 350/883/1024
f 327/885/887 414/876/890 830/884/1025 483/895/1026
f 414/876/890 326/864/879 481/875/1022 830/884/1025
f 830/884/1025 481/875/1022 350/883/1024 482/894/1027
f 483/895/1026 830/884/1025 482/894/1027 351/901/1028
f 328/1309/883 413/1308/888 831/1310/1029 485/1311/1030
f 413/896/888 327/885/887 483/895/1026 831/902/1029
f 831/902/1029 483/895/1026 351/901/1028 484/905/1031
f 485/1311/1030 831/1310/1029 484/1312/1031 352/1313/1032
f 329/633/874 411/643/884 832/653/1033 487/644/1034
f 411/643/884 328/652/883 485/658/1030 832/653/1033
f 832/653/1033 485/658/1030 352/662/1032 486/659/1035
f 487/644/1034 832/653/1033 486/659/1035 353/654/1036
f 330/610/859 406/623/875 833/634/1037 489/624/1038
f 406/623/875 329/633/874 487/644/1034 833/634/1037
f 833/634/1037 487/644/1034 353/654/1036 488/645/1039
f 489/624/1038 833/634/1037 488/645/1039 354/635/1040
f 323/599/861 398/598/860 834/611/1041 475/612/1013
f 398/598/860 330/610/859 489/624/1038 834/611/1041
f 834/611/1041 489/624/1038 354/635/1040 490/625/1042
f 475/612/1013 834/611/1041 490/625/1042 347/626/1014
f 332/463/838 394/450/851 835/462/1043 493/476/1044
f 394/450/851 331/436/824 491/449/1045 835/462/1043
f 835/462/1043 491/449/1045 339/461/1046 492/475/1047
f 493/476/1044 835/462/1043 492/475/1047 340/489/1048
f 333/491/840 387/477/839 836/490/1049 495/502/1050
f 387/477/839 332/463/838 493/476/1044 836/490/1049
f 836/490/1049 493/476/1044 340/489/1048 494/501/1051
f 495/502/1050 836/490/1049 494/501/1051 341/509/1052
f 334/753/844 392/764/848 837/775/1053 497/765/1054
f 392/503/848 333/491/840 495/502/1050 837/510/1053
f 837/510/1053 495/502/1050 341/509/1052 496/515/1055
f 497/765/1054 837/775/1053 496/782/1055 342/776/1056
f 335/726/846 390/739/845 838/754/1057 499/740/1058
f 390/739/845 334/753/844 497/765/1054 838/754/1057
f 838/754/1057 497/765/1054 342/776/1056 498/766/1059
f 499/740/1058 838/754/1057 498/766/1059 343/755/1060
f 336/701/831 395/711/853 839/727/1061 501/712/1062
f 395/711/853 335/726/846 499/740/1058 839/727/1061
f 839/727/1061 499/740/1058 343/755/1060 500/741/1063
f 501/712/1062 839/727/1061 500/741/1063 344/728/1064
f 337/714/827 384/702/832 840/713/1065 503/730/1066
f 384/702/832 336/701/831 501/712/1062 840/713/1065
f 840/713/1065 501/712/1062 344/728/1064 502/729/1067
f 503/730/1066 840/713/1065 502/729/1067 345/744/1068
f 338/1299/822 382/1298/828 841/1300/1069 505/1301/1070
f 382/731/828 337/714/827 503/730/1066 841/745/1069
f 841/745/1069 503/730/1066 345/744/1068 504/760/1071
f 505/1301/1070 841/1300/1069 504/1302/1071 346/1303/1072
f 331/436/824 379/435/823 842/448/1073 491/449/1045
f 379/435/823 338/447/822 505/459/1070 842/448/1073
f 842/448/1073 505/459/1070 346/472/1072 506/460/1074
f 491/449/1045 842/448/1073 506/460/1074 339/461/1046
f 340/489/1048 492/475/1047 843/488/1075 508/500/1076
f 492/475/1047 339/461/1046 507/474/1077 843/488/1075
f 843/488/1075 507/474/1077 267/487/635 685/499/764
f 508/500/1076 843/488/1075 685/499/764 272/507/759
f 341/509/1052 494/501/1051 844/508/1078 509/514/1079
f 494/501/1051 340/489/1048 508/500/1076 844/508/1078
f 844/508/1078 508/500/1076 272/507/759 681/513/756
f 509/514/1079 844/508/1078 681/513/756 271/516/755
f 342/776/1056 496/782/1055 845/785/1080 510/783/1081
f 496/515/1055 341/509/1052 509/514/1079 845/517/1080
f 845/517/1080 509/514/1079 271/516/755 684/518/758
f 510/783/1081 845/785/1080 684/787/758 274/786/763
f 343/755/1060 498/766/1059 846/777/1082 511/767/1083
f 498/766/1059 342/776/1056 510/783/1081 846/777/1082
f 846/777/1082 510/783/1081 274/786/763 683/784/762
f 511/767/1083 846/777/1082 683/784/762 273/778/761
f 344/728/1064 500/741/1063 847/756/1084 512/742/1085
f 500/741/1063 343/755/1060 511/767/1083 847/756/1084
f 847/756/1084 511/767/1083 273/778/761 686/768/766
f 512/742/1085 847/756/1084 686/768/766 270/757/643
f 345/744/1068 502/729/1067 848/743/1086 513/759/1087
f 502/729/1067 344/728/1064 512/742/1085 848/743/1086
f 848/743/1086 512/742/1085 270/757/643 625/758/642
f 513/759/1087 848/743/1086 625/758/642 269/769/641
f 346/1303/1072 504/1302/1071 849/1304/1088 514/1305/1089
f 504/760/1071 345/744/1068 513/759/1087 849/770/1088
f 849/770/1088 513/759/1087 269/769/641 624/779/640
f 514/1017/1089 849/1018/1088 624/1012/640 268/1011/639
f 339/461/1046 506/460/1074 850/473/1090 507/474/1077
f 506/460/1074 346/472/1072 514/485/1089 850/473/1090
f 850/473/1090 514/485/1089 268/498/639 623/486/636
f 507/474/1077 850/473/1090 623/486/636 267/487/635
f 348/850/1016 476/849/1015 851/859/1091 516/860/1092
f 476/638/1015 347/626/1014 515/637/1093 851/649/1091
f 851/649/1091 515/637/1093 275/648/689 652/657/692
f 516/860/1092 851/859/1091 652/870/692 278/871/697
f 349/862/1020 478/851/1019 852/861/1094 517/873/1095
f 478/851/1019 348/850/1016 516/860/1092 852/861/1094
f 852/861/1094 516/860/1092 278/871/697 651/872/696
f 517/873/1095 852/861/1094 651/872/696 277/881/695
f 350/883/1024 480/874/1023 853/882/1096 518/893/1097
f 480/874/1023 349/862/1020 517/873/1095 853/882/1096
f 853/882/1096 517/873/1095 277/881/695 655/892/703
f 518/893/1097 853/882/1096 655/892/703 280/899/702
f 351/901/1028 482/894/1027 854/900/1098 519/904/1099
f 482/894/1027 350/883/1024 518/893/1097 854/900/1098
f 854/900/1098 518/893/1097 280/899/702 658/903/709
f 519/904/1099 854/900/1098 658/903/709 282/906/708
f 352/1313/1032 484/1312/1031 855/1314/1100 520/1315/1101
f 484/905/1031 351/901/1028 519/904/1099 855/907/1100
f 855/907/1100 519/904/1099 282/906/708 657/908/707
f 520/1083/1101 855/1084/1100 657/1081/707 281/1080/706
f 353/654/1036 486/659/1035 856/663/1102 521/660/1103
f 486/659/1035 352/662/1032 520/665/1101 856/663/1102
f 856/663/1102 520/665/1101 281/667/706 656/666/704
f 521/660/1103 856/663/1102 656/666/704 279/664/700
f 354/635/1040 488/645/1039 857/655/1104 522/646/1105
f 488/645/1039 353/654/1036 521/660/1103 857/655/1104
f 857/655/1104 521/660/1103 279/664/700 653/661/698
f 522/646/1105 857/655/1104 653/661/698 276/656/693
f 347/626/1014 490/625/1042 858/636/1106 515/637/1093
f 490/625/1042 354/635/1040 522/646/1105 858/636/1106
f 858/636/1106 522/646/1105 276/656/693 649/647/690
f 515/637/1093 858/636/1106 649/647/690 275/648/689
